store_id,item_id,wm_yr_wk,sell_price
CA_1,FOODS_1_001,12152,3.86
CA_1,FOODS_1_001,12201,3.86
CA_1,FOODS_1_001,12202,3.86
CA_1,FOODS_1_001,12203,3.86
CA_1,FOODS_1_001,12204,3.86
CA_1,FOODS_1_001,12205,3.86
CA_1,FOODS_1_001,12206,3.28
CA_1,FOODS_1_001,12207,3.86
CA_1,FOODS_1_001,12208,3.86
CA_1,FOODS_1_001,12209,3.86
CA_1,FOODS_1_001,12210,3.28
CA_1,FOODS_1_001,12211,3.86
CA_1,FOODS_1_001,12212,3.86
CA_1,FOODS_1_001,12213,3.86
CA_1,FOODS_1_001,12214,3.86
CA_1,FOODS_1_001,12215,3.86
CA_1,FOODS_1_001,12216,3.86
CA_1,FOODS_1_001,12217,3.86
CA_1,FOODS_1_001,12218,3.86
CA_1,FOODS_1_001,12219,3.86
CA_1,FOODS_1_001,12220,3.86
CA_1,FOODS_1_001,12221,3.28
CA_1,FOODS_1_001,12222,3.86
CA_1,FOODS_1_001,12223,3.86
CA_1,FOODS_1_001,12224,3.86
CA_1,FOODS_1_001,12225,3.86
CA_1,FOODS_1_001,12226,3.86
CA_1,FOODS_1_001,12227,3.86
CA_1,FOODS_1_001,12228,3.86
CA_1,FOODS_1_001,12229,3.28
CA_1,FOODS_1_001,12230,3.86
CA_1,FOODS_1_001,12231,3.86
CA_1,FOODS_1_001,12232,3.28
CA_1,FOODS_1_001,12233,3.86
CA_1,FOODS_1_001,12234,3.86
CA_1,FOODS_1_001,12235,3.86
CA_1,FOODS_1_001,12236,3.86
CA_1,FOODS_1_001,12237,3.28
CA_1,FOODS_1_001,12238,3.86
CA_1,FOODS_1_001,12239,3.86
CA_1,FOODS_1_001,12240,3.28
CA_1,FOODS_1_001,12241,3.86
CA_1,FOODS_1_001,12242,3.28
CA_1,FOODS_1_001,12243,3.86
CA_1,FOODS_1_001,12244,3.86
CA_1,FOODS_1_001,12245,3.86
CA_1,FOODS_1_001,12246,3.86
CA_1,FOODS_1_001,12247,3.86
CA_1,FOODS_1_001,12248,3.86
CA_1,FOODS_1_001,12249,3.86
CA_1,FOODS_1_001,12250,3.86
CA_1,FOODS_1_001,12251,3.86
CA_1,FOODS_1_001,12252,3.86
CA_1,FOODS_1_001,12301,3.86
CA_1,FOODS_1_001,12302,3.86
CA_1,FOODS_1_001,12303,3.86
CA_1,FOODS_1_001,12304,3.28
CA_1,FOODS_1_001,12305,3.86
CA_1,FOODS_1_001,12306,3.28
CA_1,FOODS_1_001,12307,3.86
CA_1,FOODS_1_001,12308,3.86
CA_1,FOODS_1_001,12309,3.86
CA_1,FOODS_1_001,12310,3.86
CA_1,FOODS_1_001,12311,3.86
CA_1,FOODS_1_001,12312,3.86
CA_1,FOODS_1_001,12313,3.86
CA_1,FOODS_1_001,12314,3.28
CA_1,FOODS_1_001,12315,3.86
CA_1,FOODS_1_001,12316,3.28
CA_1,FOODS_1_001,12317,3.86
CA_1,FOODS_1_001,12318,3.86
CA_1,FOODS_1_001,12319,3.86
CA_1,FOODS_1_001,12320,3.28
CA_1,FOODS_1_001,12321,3.86
CA_1,FOODS_1_001,12322,3.86
CA_1,FOODS_1_001,12323,3.86
CA_1,FOODS_1_001,12324,3.86
CA_1,FOODS_1_001,12325,3.28
CA_1,FOODS_1_001,12326,3.86
CA_1,FOODS_1_001,12327,3.28
CA_1,FOODS_1_001,12328,3.86
CA_1,FOODS_1_001,12329,3.86
CA_1,FOODS_1_001,12330,3.86
CA_1,FOODS_1_001,12331,3.28
CA_1,FOODS_1_001,12332,3.86
CA_1,FOODS_1_001,12333,3.86
CA_1,FOODS_1_001,12334,3.86
CA_1,FOODS_1_001,12335,3.86
CA_1,FOODS_1_001,12336,3.86
CA_1,FOODS_1_001,12337,3.86
CA_1,FOODS_1_001,12338,3.28
CA_1,FOODS_1_001,12339,3.86
CA_1,FOODS_1_001,12340,3.86
CA_1,FOODS_1_001,12341,3.86
CA_1,FOODS_1_001,12342,3.86
CA_1,FOODS_1_001,12343,3.86
CA_1,FOODS_1_001,12344,3.86
CA_1,FOODS_1_001,12345,3.86
CA_1,FOODS_1_001,12346,3.28
CA_1,FOODS_1_001,12347,3.28
CA_1,FOODS_1_001,12348,3.28
CA_1,FOODS_1_001,12349,3.86
CA_1,FOODS_1_001,12350,3.86
CA_1,FOODS_1_001,12351,3.86
CA_1,FOODS_1_001,12352,3.86
CA_1,FOODS_1_002,12152,4.78
CA_1,FOODS_1_002,12201,4.78
CA_1,FOODS_1_002,12202,4.78
CA_1,FOODS_1_002,12203,4.78
CA_1,FOODS_1_002,12204,4.06
CA_1,FOODS_1_002,12205,4.78
CA_1,FOODS_1_002,12206,4.78
CA_1,FOODS_1_002,12207,4.78
CA_1,FOODS_1_002,12208,4.78
CA_1,FOODS_1_002,12209,4.78
CA_1,FOODS_1_002,12210,4.78
CA_1,FOODS_1_002,12211,4.78
CA_1,FOODS_1_002,12212,4.78
CA_1,FOODS_1_002,12213,4.78
CA_1,FOODS_1_002,12214,4.78
CA_1,FOODS_1_002,12215,4.78
CA_1,FOODS_1_002,12216,4.78
CA_1,FOODS_1_002,12217,4.78
CA_1,FOODS_1_002,12218,4.06
CA_1,FOODS_1_002,12219,4.78
CA_1,FOODS_1_002,12220,4.78
CA_1,FOODS_1_002,12221,4.78
CA_1,FOODS_1_002,12222,4.78
CA_1,FOODS_1_002,12223,4.06
CA_1,FOODS_1_002,12224,4.78
CA_1,FOODS_1_002,12225,4.78
CA_1,FOODS_1_002,12226,4.78
CA_1,FOODS_1_002,12227,4.06
CA_1,FOODS_1_002,12228,4.78
CA_1,FOODS_1_002,12229,4.78
CA_1,FOODS_1_002,12230,4.78
CA_1,FOODS_1_002,12231,4.78
CA_1,FOODS_1_002,12232,4.78
CA_1,FOODS_1_002,12233,4.78
CA_1,FOODS_1_002,12234,4.78
CA_1,FOODS_1_002,12235,4.78
CA_1,FOODS_1_002,12236,4.78
CA_1,FOODS_1_002,12237,4.78
CA_1,FOODS_1_002,12238,4.78
CA_1,FOODS_1_002,12239,4.78
CA_1,FOODS_1_002,12240,4.06
CA_1,FOODS_1_002,12241,4.78
CA_1,FOODS_1_002,12242,4.78
CA_1,FOODS_1_002,12243,4.06
CA_1,FOODS_1_002,12244,4.78
CA_1,FOODS_1_002,12245,4.78
CA_1,FOODS_1_002,12246,4.78
CA_1,FOODS_1_002,12247,4.06
CA_1,FOODS_1_002,12248,4.78
CA_1,FOODS_1_002,12249,4.78
CA_1,FOODS_1_002,12250,4.78
CA_1,FOODS_1_002,12251,4.78
CA_1,FOODS_1_002,12252,4.78
CA_1,FOODS_1_002,12301,4.78
CA_1,FOODS_1_002,12302,4.78
CA_1,FOODS_1_002,12303,4.78
CA_1,FOODS_1_002,12304,4.78
CA_1,FOODS_1_002,12305,4.78
CA_1,FOODS_1_002,12306,4.78
CA_1,FOODS_1_002,12307,4.06
CA_1,FOODS_1_002,12308,4.78
CA_1,FOODS_1_002,12309,4.78
CA_1,FOODS_1_002,12310,4.78
CA_1,FOODS_1_002,12311,4.06
CA_1,FOODS_1_002,12312,4.78
CA_1,FOODS_1_002,12313,4.78
CA_1,FOODS_1_002,12314,4.06
CA_1,FOODS_1_002,12315,4.78
CA_1,FOODS_1_002,12316,4.78
CA_1,FOODS_1_002,12317,4.78
CA_1,FOODS_1_002,12318,4.78
CA_1,FOODS_1_002,12319,4.78
CA_1,FOODS_1_002,12320,4.78
CA_1,FOODS_1_002,12321,4.78
CA_1,FOODS_1_002,12322,4.06
CA_1,FOODS_1_002,12323,4.78
CA_1,FOODS_1_002,12324,4.06
CA_1,FOODS_1_002,12325,4.78
CA_1,FOODS_1_002,12326,4.78
CA_1,FOODS_1_002,12327,4.78
CA_1,FOODS_1_002,12328,4.78
CA_1,FOODS_1_002,12329,4.78
CA_1,FOODS_1_002,12330,4.78
CA_1,FOODS_1_002,12331,4.78
CA_1,FOODS_1_002,12332,4.78
CA_1,FOODS_1_002,12333,4.06
CA_1,FOODS_1_002,12334,4.78
CA_1,FOODS_1_002,12335,4.78
CA_1,FOODS_1_002,12336,4.78
CA_1,FOODS_1_002,12337,4.78
CA_1,FOODS_1_002,12338,4.78
CA_1,FOODS_1_002,12339,4.78
CA_1,FOODS_1_002,12340,4.78
CA_1,FOODS_1_002,12341,4.78
CA_1,FOODS_1_002,12342,4.78
CA_1,FOODS_1_002,12343,4.78
CA_1,FOODS_1_002,12344,4.06
CA_1,FOODS_1_002,12345,4.78
CA_1,FOODS_1_002,12346,4.78
CA_1,FOODS_1_002,12347,4.78
CA_1,FOODS_1_002,12348,4.06
CA_1,FOODS_1_002,12349,4.06
CA_1,FOODS_1_002,12350,4.78
CA_1,FOODS_1_002,12351,4.06
CA_1,FOODS_1_002,12352,4.78
CA_1,FOODS_1_003,12152,5.69
CA_1,FOODS_1_003,12201,5.69
CA_1,FOODS_1_003,12202,5.69
CA_1,FOODS_1_003,12203,5.69
CA_1,FOODS_1_003,12204,5.69
CA_1,FOODS_1_003,12205,5.69
CA_1,FOODS_1_003,12206,5.69
CA_1,FOODS_1_003,12207,5.69
CA_1,FOODS_1_003,12208,5.69
CA_1,FOODS_1_003,12209,5.69
CA_1,FOODS_1_003,12210,5.69
CA_1,FOODS_1_003,12211,5.69
CA_1,FOODS_1_003,12212,4.84
CA_1,FOODS_1_003,12213,5.69
CA_1,FOODS_1_003,12214,5.69
CA_1,FOODS_1_003,12215,5.69
CA_1,FOODS_1_003,12216,5.69
CA_1,FOODS_1_003,12217,5.69
CA_1,FOODS_1_003,12218,5.69
CA_1,FOODS_1_003,12219,5.69
CA_1,FOODS_1_003,12220,5.69
CA_1,FOODS_1_003,12221,5.69
CA_1,FOODS_1_003,12222,5.69
CA_1,FOODS_1_003,12223,5.69
CA_1,FOODS_1_003,12224,5.69
CA_1,FOODS_1_003,12225,5.69
CA_1,FOODS_1_003,12226,5.69
CA_1,FOODS_1_003,12227,4.84
CA_1,FOODS_1_003,12228,5.69
CA_1,FOODS_1_003,12229,5.69
CA_1,FOODS_1_003,12230,5.69
CA_1,FOODS_1_003,12231,5.69
CA_1,FOODS_1_003,12232,5.69
CA_1,FOODS_1_003,12233,5.69
CA_1,FOODS_1_003,12234,4.84
CA_1,FOODS_1_003,12235,5.69
CA_1,FOODS_1_003,12236,5.69
CA_1,FOODS_1_003,12237,5.69
CA_1,FOODS_1_003,12238,5.69
CA_1,FOODS_1_003,12239,5.69
CA_1,FOODS_1_003,12240,5.69
CA_1,FOODS_1_003,12241,5.69
CA_1,FOODS_1_003,12242,5.69
CA_1,FOODS_1_003,12243,5.69
CA_1,FOODS_1_003,12244,5.69
CA_1,FOODS_1_003,12245,5.69
CA_1,FOODS_1_003,12246,5.69
CA_1,FOODS_1_003,12247,5.69
CA_1,FOODS_1_003,12248,5.69
CA_1,FOODS_1_003,12249,4.84
CA_1,FOODS_1_003,12250,5.69
CA_1,FOODS_1_003,12251,5.69
CA_1,FOODS_1_003,12252,4.84
CA_1,FOODS_1_003,12301,5.69
CA_1,FOODS_1_003,12302,5.69
CA_1,FOODS_1_003,12303,5.69
CA_1,FOODS_1_003,12304,5.69
CA_1,FOODS_1_003,12305,5.69
CA_1,FOODS_1_003,12306,5.69
CA_1,FOODS_1_003,12307,5.69
CA_1,FOODS_1_003,12308,5.69
CA_1,FOODS_1_003,12309,5.69
CA_1,FOODS_1_003,12310,5.69
CA_1,FOODS_1_003,12311,5.69
CA_1,FOODS_1_003,12312,5.69
CA_1,FOODS_1_003,12313,5.69
CA_1,FOODS_1_003,12314,5.69
CA_1,FOODS_1_003,12315,5.69
CA_1,FOODS_1_003,12316,5.69
CA_1,FOODS_1_003,12317,5.69
CA_1,FOODS_1_003,12318,5.69
CA_1,FOODS_1_003,12319,5.69
CA_1,FOODS_1_003,12320,5.69
CA_1,FOODS_1_003,12321,4.84
CA_1,FOODS_1_003,12322,5.69
CA_1,FOODS_1_003,12323,4.84
CA_1,FOODS_1_003,12324,5.69
CA_1,FOODS_1_003,12325,5.69
CA_1,FOODS_1_003,12326,5.69
CA_1,FOODS_1_003,12327,5.69
CA_1,FOODS_1_003,12328,4.84
CA_1,FOODS_1_003,12329,4.84
CA_1,FOODS_1_003,12330,5.69
CA_1,FOODS_1_003,12331,5.69
CA_1,FOODS_1_003,12332,4.84
CA_1,FOODS_1_003,12333,5.69
CA_1,FOODS_1_003,12334,5.69
CA_1,FOODS_1_003,12335,5.69
CA_1,FOODS_1_003,12336,5.69
CA_1,FOODS_1_003,12337,4.84
CA_1,FOODS_1_003,12338,4.84
CA_1,FOODS_1_003,12339,5.69
CA_1,FOODS_1_003,12340,5.69
CA_1,FOODS_1_003,12341,5.69
CA_1,FOODS_1_003,12342,5.69
CA_1,FOODS_1_003,12343,5.69
CA_1,FOODS_1_003,12344,5.69
CA_1,FOODS_1_003,12345,5.69
CA_1,FOODS_1_003,12346,5.69
CA_1,FOODS_1_003,12347,5.69
CA_1,FOODS_1_003,12348,5.69
CA_1,FOODS_1_003,12349,4.84
CA_1,FOODS_1_003,12350,4.84
CA_1,FOODS_1_003,12351,5.69
CA_1,FOODS_1_003,12352,5.69
CA_1,FOODS_1_004,12152,6.62
CA_1,FOODS_1_004,12201,6.62
CA_1,FOODS_1_004,12202,6.62
CA_1,FOODS_1_004,12203,6.62
CA_1,FOODS_1_004,12204,6.62
CA_1,FOODS_1_004,12205,6.62
CA_1,FOODS_1_004,12206,6.62
CA_1,FOODS_1_004,12207,6.62
CA_1,FOODS_1_004,12208,6.62
CA_1,FOODS_1_004,12209,6.62
CA_1,FOODS_1_004,12210,6.62
CA_1,FOODS_1_004,12211,6.62
CA_1,FOODS_1_004,12212,6.62
CA_1,FOODS_1_004,12213,6.62
CA_1,FOODS_1_004,12214,6.62
CA_1,FOODS_1_004,12215,6.62
CA_1,FOODS_1_004,12216,6.62
CA_1,FOODS_1_004,12217,5.62
CA_1,FOODS_1_004,12218,5.62
CA_1,FOODS_1_004,12219,5.62
CA_1,FOODS_1_004,12220,5.62
CA_1,FOODS_1_004,12221,6.62
CA_1,FOODS_1_004,12222,6.62
CA_1,FOODS_1_004,12223,6.62
CA_1,FOODS_1_004,12224,5.62
CA_1,FOODS_1_004,12225,6.62
CA_1,FOODS_1_004,12226,6.62
CA_1,FOODS_1_004,12227,6.62
CA_1,FOODS_1_004,12228,6.62
CA_1,FOODS_1_004,12229,6.62
CA_1,FOODS_1_004,12230,6.62
CA_1,FOODS_1_004,12231,6.62
CA_1,FOODS_1_004,12232,5.62
CA_1,FOODS_1_004,12233,6.62
CA_1,FOODS_1_004,12234,6.62
CA_1,FOODS_1_004,12235,6.62
CA_1,FOODS_1_004,12236,6.62
CA_1,FOODS_1_004,12237,6.62
CA_1,FOODS_1_004,12238,6.62
CA_1,FOODS_1_004,12239,5.62
CA_1,FOODS_1_004,12240,6.62
CA_1,FOODS_1_004,12241,5.62
CA_1,FOODS_1_004,12242,6.62
CA_1,FOODS_1_004,12243,6.62
CA_1,FOODS_1_004,12244,6.62
CA_1,FOODS_1_004,12245,6.62
CA_1,FOODS_1_004,12246,6.62
CA_1,FOODS_1_004,12247,6.62
CA_1,FOODS_1_004,12248,6.62
CA_1,FOODS_1_004,12249,6.62
CA_1,FOODS_1_004,12250,6.62
CA_1,FOODS_1_004,12251,6.62
CA_1,FOODS_1_004,12252,6.62
CA_1,FOODS_1_004,12301,6.62
CA_1,FOODS_1_004,12302,5.62
CA_1,FOODS_1_004,12303,5.62
CA_1,FOODS_1_004,12304,5.62
CA_1,FOODS_1_004,12305,5.62
CA_1,FOODS_1_004,12306,6.62
CA_1,FOODS_1_004,12307,5.62
CA_1,FOODS_1_004,12308,6.62
CA_1,FOODS_1_004,12309,6.62
CA_1,FOODS_1_004,12310,5.62
CA_1,FOODS_1_004,12311,6.62
CA_1,FOODS_1_004,12312,6.62
CA_1,FOODS_1_004,12313,5.62
CA_1,FOODS_1_004,12314,6.62
CA_1,FOODS_1_004,12315,6.62
CA_1,FOODS_1_004,12316,6.62
CA_1,FOODS_1_004,12317,6.62
CA_1,FOODS_1_004,12318,6.62
CA_1,FOODS_1_004,12319,6.62
CA_1,FOODS_1_004,12320,6.62
CA_1,FOODS_1_004,12321,6.62
CA_1,FOODS_1_004,12322,6.62
CA_1,FOODS_1_004,12323,6.62
CA_1,FOODS_1_004,12324,6.62
CA_1,FOODS_1_004,12325,6.62
CA_1,FOODS_1_004,12326,6.62
CA_1,FOODS_1_004,12327,6.62
CA_1,FOODS_1_004,12328,6.62
CA_1,FOODS_1_004,12329,6.62
CA_1,FOODS_1_004,12330,6.62
CA_1,FOODS_1_004,12331,6.62
CA_1,FOODS_1_004,12332,6.62
CA_1,FOODS_1_004,12333,5.62
CA_1,FOODS_1_004,12334,6.62
CA_1,FOODS_1_004,12335,6.62
CA_1,FOODS_1_004,12336,6.62
CA_1,FOODS_1_004,12337,6.62
CA_1,FOODS_1_004,12338,6.62
CA_1,FOODS_1_004,12339,6.62
CA_1,FOODS_1_004,12340,5.62
CA_1,FOODS_1_004,12341,6.62
CA_1,FOODS_1_004,12342,5.62
CA_1,FOODS_1_004,12343,6.62
CA_1,FOODS_1_004,12344,6.62
CA_1,FOODS_1_004,12345,6.62
CA_1,FOODS_1_004,12346,6.62
CA_1,FOODS_1_004,12347,6.62
CA_1,FOODS_1_004,12348,6.62
CA_1,FOODS_1_004,12349,6.62
CA_1,FOODS_1_004,12350,6.62
CA_1,FOODS_1_004,12351,6.62
CA_1,FOODS_1_004,12352,6.62
CA_1,FOODS_2_001,12152,3.86
CA_1,FOODS_2_001,12201,3.86
CA_1,FOODS_2_001,12202,3.28
CA_1,FOODS_2_001,12203,3.86
CA_1,FOODS_2_001,12204,3.28
CA_1,FOODS_2_001,12205,3.86
CA_1,FOODS_2_001,12206,3.86
CA_1,FOODS_2_001,12207,3.86
CA_1,FOODS_2_001,12208,3.86
CA_1,FOODS_2_001,12209,3.28
CA_1,FOODS_2_001,12210,3.28
CA_1,FOODS_2_001,12211,3.86
CA_1,FOODS_2_001,12212,3.86
CA_1,FOODS_2_001,12213,3.28
CA_1,FOODS_2_001,12214,3.28
CA_1,FOODS_2_001,12215,3.86
CA_1,FOODS_2_001,12216,3.28
CA_1,FOODS_2_001,12217,3.86
CA_1,FOODS_2_001,12218,3.86
CA_1,FOODS_2_001,12219,3.28
CA_1,FOODS_2_001,12220,3.28
CA_1,FOODS_2_001,12221,3.86
CA_1,FOODS_2_001,12222,3.86
CA_1,FOODS_2_001,12223,3.86
CA_1,FOODS_2_001,12224,3.86
CA_1,FOODS_2_001,12225,3.86
CA_1,FOODS_2_001,12226,3.86
CA_1,FOODS_2_001,12227,3.86
CA_1,FOODS_2_001,12228,3.86
CA_1,FOODS_2_001,12229,3.28
CA_1,FOODS_2_001,12230,3.86
CA_1,FOODS_2_001,12231,3.86
CA_1,FOODS_2_001,12232,3.86
CA_1,FOODS_2_001,12233,3.86
CA_1,FOODS_2_001,12234,3.28
CA_1,FOODS_2_001,12235,3.86
CA_1,FOODS_2_001,12236,3.28
CA_1,FOODS_2_001,12237,3.86
CA_1,FOODS_2_001,12238,3.28
CA_1,FOODS_2_001,12239,3.28
CA_1,FOODS_2_001,12240,3.28
CA_1,FOODS_2_001,12241,3.86
CA_1,FOODS_2_001,12242,3.86
CA_1,FOODS_2_001,12243,3.86
CA_1,FOODS_2_001,12244,3.86
CA_1,FOODS_2_001,12245,3.86
CA_1,FOODS_2_001,12246,3.86
CA_1,FOODS_2_001,12247,3.86
CA_1,FOODS_2_001,12248,3.86
CA_1,FOODS_2_001,12249,3.86
CA_1,FOODS_2_001,12250,3.28
CA_1,FOODS_2_001,12251,3.86
CA_1,FOODS_2_001,12252,3.28
CA_1,FOODS_2_001,12301,3.86
CA_1,FOODS_2_001,12302,3.86
CA_1,FOODS_2_001,12303,3.86
CA_1,FOODS_2_001,12304,3.28
CA_1,FOODS_2_001,12305,3.86
CA_1,FOODS_2_001,12306,3.86
CA_1,FOODS_2_001,12307,3.86
CA_1,FOODS_2_001,12308,3.86
CA_1,FOODS_2_001,12309,3.86
CA_1,FOODS_2_001,12310,3.86
CA_1,FOODS_2_001,12311,3.86
CA_1,FOODS_2_001,12312,3.86
CA_1,FOODS_2_001,12313,3.86
CA_1,FOODS_2_001,12314,3.28
CA_1,FOODS_2_001,12315,3.86
CA_1,FOODS_2_001,12316,3.86
CA_1,FOODS_2_001,12317,3.86
CA_1,FOODS_2_001,12318,3.86
CA_1,FOODS_2_001,12319,3.86
CA_1,FOODS_2_001,12320,3.86
CA_1,FOODS_2_001,12321,3.86
CA_1,FOODS_2_001,12322,3.86
CA_1,FOODS_2_001,12323,3.86
CA_1,FOODS_2_001,12324,3.86
CA_1,FOODS_2_001,12325,3.28
CA_1,FOODS_2_001,12326,3.86
CA_1,FOODS_2_001,12327,3.86
CA_1,FOODS_2_001,12328,3.86
CA_1,FOODS_2_001,12329,3.86
CA_1,FOODS_2_001,12330,3.86
CA_1,FOODS_2_001,12331,3.86
CA_1,FOODS_2_001,12332,3.86
CA_1,FOODS_2_001,12333,3.86
CA_1,FOODS_2_001,12334,3.86
CA_1,FOODS_2_001,12335,3.86
CA_1,FOODS_2_001,12336,3.86
CA_1,FOODS_2_001,12337,3.86
CA_1,FOODS_2_001,12338,3.86
CA_1,FOODS_2_001,12339,3.86
CA_1,FOODS_2_001,12340,3.86
CA_1,FOODS_2_001,12341,3.86
CA_1,FOODS_2_001,12342,3.28
CA_1,FOODS_2_001,12343,3.28
CA_1,FOODS_2_001,12344,3.86
CA_1,FOODS_2_001,12345,3.86
CA_1,FOODS_2_001,12346,3.86
CA_1,FOODS_2_001,12347,3.86
CA_1,FOODS_2_001,12348,3.86
CA_1,FOODS_2_001,12349,3.86
CA_1,FOODS_2_001,12350,3.86
CA_1,FOODS_2_001,12351,3.86
CA_1,FOODS_2_001,12352,3.86
CA_1,FOODS_2_002,12152,4.78
CA_1,FOODS_2_002,12201,4.78
CA_1,FOODS_2_002,12202,4.78
CA_1,FOODS_2_002,12203,4.06
CA_1,FOODS_2_002,12204,4.78
CA_1,FOODS_2_002,12205,4.78
CA_1,FOODS_2_002,12206,4.78
CA_1,FOODS_2_002,12207,4.78
CA_1,FOODS_2_002,12208,4.78
CA_1,FOODS_2_002,12209,4.78
CA_1,FOODS_2_002,12210,4.78
CA_1,FOODS_2_002,12211,4.78
CA_1,FOODS_2_002,12212,4.78
CA_1,FOODS_2_002,12213,4.78
CA_1,FOODS_2_002,12214,4.06
CA_1,FOODS_2_002,12215,4.78
CA_1,FOODS_2_002,12216,4.78
CA_1,FOODS_2_002,12217,4.78
CA_1,FOODS_2_002,12218,4.78
CA_1,FOODS_2_002,12219,4.78
CA_1,FOODS_2_002,12220,4.78
CA_1,FOODS_2_002,12221,4.06
CA_1,FOODS_2_002,12222,4.78
CA_1,FOODS_2_002,12223,4.78
CA_1,FOODS_2_002,12224,4.78
CA_1,FOODS_2_002,12225,4.78
CA_1,FOODS_2_002,12226,4.78
CA_1,FOODS_2_002,12227,4.78
CA_1,FOODS_2_002,12228,4.78
CA_1,FOODS_2_002,12229,4.78
CA_1,FOODS_2_002,12230,4.78
CA_1,FOODS_2_002,12231,4.06
CA_1,FOODS_2_002,12232,4.06
CA_1,FOODS_2_002,12233,4.78
CA_1,FOODS_2_002,12234,4.78
CA_1,FOODS_2_002,12235,4.78
CA_1,FOODS_2_002,12236,4.78
CA_1,FOODS_2_002,12237,4.06
CA_1,FOODS_2_002,12238,4.06
CA_1,FOODS_2_002,12239,4.78
CA_1,FOODS_2_002,12240,4.78
CA_1,FOODS_2_002,12241,4.78
CA_1,FOODS_2_002,12242,4.78
CA_1,FOODS_2_002,12243,4.78
CA_1,FOODS_2_002,12244,4.78
CA_1,FOODS_2_002,12245,4.78
CA_1,FOODS_2_002,12246,4.78
CA_1,FOODS_2_002,12247,4.78
CA_1,FOODS_2_002,12248,4.78
CA_1,FOODS_2_002,12249,4.78
CA_1,FOODS_2_002,12250,4.78
CA_1,FOODS_2_002,12251,4.06
CA_1,FOODS_2_002,12252,4.78
CA_1,FOODS_2_002,12301,4.78
CA_1,FOODS_2_002,12302,4.78
CA_1,FOODS_2_002,12303,4.78
CA_1,FOODS_2_002,12304,4.78
CA_1,FOODS_2_002,12305,4.78
CA_1,FOODS_2_002,12306,4.78
CA_1,FOODS_2_002,12307,4.78
CA_1,FOODS_2_002,12308,4.78
CA_1,FOODS_2_002,12309,4.06
CA_1,FOODS_2_002,12310,4.06
CA_1,FOODS_2_002,12311,4.06
CA_1,FOODS_2_002,12312,4.78
CA_1,FOODS_2_002,12313,4.06
CA_1,FOODS_2_002,12314,4.78
CA_1,FOODS_2_002,12315,4.78
CA_1,FOODS_2_002,12316,4.78
CA_1,FOODS_2_002,12317,4.78
CA_1,FOODS_2_002,12318,4.78
CA_1,FOODS_2_002,12319,4.78
CA_1,FOODS_2_002,12320,4.78
CA_1,FOODS_2_002,12321,4.78
CA_1,FOODS_2_002,12322,4.06
CA_1,FOODS_2_002,12323,4.78
CA_1,FOODS_2_002,12324,4.78
CA_1,FOODS_2_002,12325,4.78
CA_1,FOODS_2_002,12326,4.06
CA_1,FOODS_2_002,12327,4.06
CA_1,FOODS_2_002,12328,4.78
CA_1,FOODS_2_002,12329,4.78
CA_1,FOODS_2_002,12330,4.78
CA_1,FOODS_2_002,12331,4.78
CA_1,FOODS_2_002,12332,4.78
CA_1,FOODS_2_002,12333,4.06
CA_1,FOODS_2_002,12334,4.78
CA_1,FOODS_2_002,12335,4.78
CA_1,FOODS_2_002,12336,4.06
CA_1,FOODS_2_002,12337,4.78
CA_1,FOODS_2_002,12338,4.78
CA_1,FOODS_2_002,12339,4.06
CA_1,FOODS_2_002,12340,4.78
CA_1,FOODS_2_002,12341,4.78
CA_1,FOODS_2_002,12342,4.78
CA_1,FOODS_2_002,12343,4.78
CA_1,FOODS_2_002,12344,4.78
CA_1,FOODS_2_002,12345,4.78
CA_1,FOODS_2_002,12346,4.78
CA_1,FOODS_2_002,12347,4.78
CA_1,FOODS_2_002,12348,4.78
CA_1,FOODS_2_002,12349,4.78
CA_1,FOODS_2_002,12350,4.78
CA_1,FOODS_2_002,12351,4.06
CA_1,FOODS_2_002,12352,4.78
CA_1,FOODS_2_003,12152,5.69
CA_1,FOODS_2_003,12201,5.69
CA_1,FOODS_2_003,12202,5.69
CA_1,FOODS_2_003,12203,5.69
CA_1,FOODS_2_003,12204,4.84
CA_1,FOODS_2_003,12205,5.69
CA_1,FOODS_2_003,12206,5.69
CA_1,FOODS_2_003,12207,5.69
CA_1,FOODS_2_003,12208,5.69
CA_1,FOODS_2_003,12209,5.69
CA_1,FOODS_2_003,12210,4.84
CA_1,FOODS_2_003,12211,5.69
CA_1,FOODS_2_003,12212,5.69
CA_1,FOODS_2_003,12213,5.69
CA_1,FOODS_2_003,12214,4.84
CA_1,FOODS_2_003,12215,5.69
CA_1,FOODS_2_003,12216,5.69
CA_1,FOODS_2_003,12217,5.69
CA_1,FOODS_2_003,12218,5.69
CA_1,FOODS_2_003,12219,5.69
CA_1,FOODS_2_003,12220,4.84
CA_1,FOODS_2_003,12221,5.69
CA_1,FOODS_2_003,12222,5.69
CA_1,FOODS_2_003,12223,5.69
CA_1,FOODS_2_003,12224,5.69
CA_1,FOODS_2_003,12225,4.84
CA_1,FOODS_2_003,12226,5.69
CA_1,FOODS_2_003,12227,5.69
CA_1,FOODS_2_003,12228,5.69
CA_1,FOODS_2_003,12229,5.69
CA_1,FOODS_2_003,12230,5.69
CA_1,FOODS_2_003,12231,5.69
CA_1,FOODS_2_003,12232,5.69
CA_1,FOODS_2_003,12233,5.69
CA_1,FOODS_2_003,12234,4.84
CA_1,FOODS_2_003,12235,5.69
CA_1,FOODS_2_003,12236,5.69
CA_1,FOODS_2_003,12237,5.69
CA_1,FOODS_2_003,12238,5.69
CA_1,FOODS_2_003,12239,5.69
CA_1,FOODS_2_003,12240,5.69
CA_1,FOODS_2_003,12241,5.69
CA_1,FOODS_2_003,12242,4.84
CA_1,FOODS_2_003,12243,5.69
CA_1,FOODS_2_003,12244,5.69
CA_1,FOODS_2_003,12245,5.69
CA_1,FOODS_2_003,12246,4.84
CA_1,FOODS_2_003,12247,5.69
CA_1,FOODS_2_003,12248,5.69
CA_1,FOODS_2_003,12249,5.69
CA_1,FOODS_2_003,12250,5.69
CA_1,FOODS_2_003,12251,5.69
CA_1,FOODS_2_003,12252,5.69
CA_1,FOODS_2_003,12301,5.69
CA_1,FOODS_2_003,12302,5.69
CA_1,FOODS_2_003,12303,5.69
CA_1,FOODS_2_003,12304,5.69
CA_1,FOODS_2_003,12305,5.69
CA_1,FOODS_2_003,12306,5.69
CA_1,FOODS_2_003,12307,5.69
CA_1,FOODS_2_003,12308,5.69
CA_1,FOODS_2_003,12309,5.69
CA_1,FOODS_2_003,12310,5.69
CA_1,FOODS_2_003,12311,5.69
CA_1,FOODS_2_003,12312,4.84
CA_1,FOODS_2_003,12313,5.69
CA_1,FOODS_2_003,12314,5.69
CA_1,FOODS_2_003,12315,5.69
CA_1,FOODS_2_003,12316,5.69
CA_1,FOODS_2_003,12317,5.69
CA_1,FOODS_2_003,12318,5.69
CA_1,FOODS_2_003,12319,4.84
CA_1,FOODS_2_003,12320,5.69
CA_1,FOODS_2_003,12321,4.84
CA_1,FOODS_2_003,12322,4.84
CA_1,FOODS_2_003,12323,5.69
CA_1,FOODS_2_003,12324,5.69
CA_1,FOODS_2_003,12325,5.69
CA_1,FOODS_2_003,12326,5.69
CA_1,FOODS_2_003,12327,5.69
CA_1,FOODS_2_003,12328,5.69
CA_1,FOODS_2_003,12329,5.69
CA_1,FOODS_2_003,12330,5.69
CA_1,FOODS_2_003,12331,5.69
CA_1,FOODS_2_003,12332,5.69
CA_1,FOODS_2_003,12333,5.69
CA_1,FOODS_2_003,12334,5.69
CA_1,FOODS_2_003,12335,5.69
CA_1,FOODS_2_003,12336,4.84
CA_1,FOODS_2_003,12337,5.69
CA_1,FOODS_2_003,12338,5.69
CA_1,FOODS_2_003,12339,5.69
CA_1,FOODS_2_003,12340,4.84
CA_1,FOODS_2_003,12341,5.69
CA_1,FOODS_2_003,12342,5.69
CA_1,FOODS_2_003,12343,5.69
CA_1,FOODS_2_003,12344,4.84
CA_1,FOODS_2_003,12345,5.69
CA_1,FOODS_2_003,12346,5.69
CA_1,FOODS_2_003,12347,5.69
CA_1,FOODS_2_003,12348,5.69
CA_1,FOODS_2_003,12349,5.69
CA_1,FOODS_2_003,12350,5.69
CA_1,FOODS_2_003,12351,5.69
CA_1,FOODS_2_003,12352,5.69
CA_1,FOODS_2_004,12152,6.62
CA_1,FOODS_2_004,12201,6.62
CA_1,FOODS_2_004,12202,6.62
CA_1,FOODS_2_004,12203,6.62
CA_1,FOODS_2_004,12204,6.62
CA_1,FOODS_2_004,12205,6.62
CA_1,FOODS_2_004,12206,6.62
CA_1,FOODS_2_004,12207,6.62
CA_1,FOODS_2_004,12208,6.62
CA_1,FOODS_2_004,12209,6.62
CA_1,FOODS_2_004,12210,6.62
CA_1,FOODS_2_004,12211,6.62
CA_1,FOODS_2_004,12212,6.62
CA_1,FOODS_2_004,12213,6.62
CA_1,FOODS_2_004,12214,6.62
CA_1,FOODS_2_004,12215,5.62
CA_1,FOODS_2_004,12216,6.62
CA_1,FOODS_2_004,12217,6.62
CA_1,FOODS_2_004,12218,6.62
CA_1,FOODS_2_004,12219,5.62
CA_1,FOODS_2_004,12220,6.62
CA_1,FOODS_2_004,12221,6.62
CA_1,FOODS_2_004,12222,6.62
CA_1,FOODS_2_004,12223,6.62
CA_1,FOODS_2_004,12224,6.62
CA_1,FOODS_2_004,12225,6.62
CA_1,FOODS_2_004,12226,6.62
CA_1,FOODS_2_004,12227,6.62
CA_1,FOODS_2_004,12228,6.62
CA_1,FOODS_2_004,12229,5.62
CA_1,FOODS_2_004,12230,6.62
CA_1,FOODS_2_004,12231,6.62
CA_1,FOODS_2_004,12232,6.62
CA_1,FOODS_2_004,12233,6.62
CA_1,FOODS_2_004,12234,6.62
CA_1,FOODS_2_004,12235,5.62
CA_1,FOODS_2_004,12236,6.62
CA_1,FOODS_2_004,12237,5.62
CA_1,FOODS_2_004,12238,6.62
CA_1,FOODS_2_004,12239,6.62
CA_1,FOODS_2_004,12240,5.62
CA_1,FOODS_2_004,12241,6.62
CA_1,FOODS_2_004,12242,6.62
CA_1,FOODS_2_004,12243,6.62
CA_1,FOODS_2_004,12244,6.62
CA_1,FOODS_2_004,12245,6.62
CA_1,FOODS_2_004,12246,6.62
CA_1,FOODS_2_004,12247,6.62
CA_1,FOODS_2_004,12248,6.62
CA_1,FOODS_2_004,12249,6.62
CA_1,FOODS_2_004,12250,6.62
CA_1,FOODS_2_004,12251,6.62
CA_1,FOODS_2_004,12252,6.62
CA_1,FOODS_2_004,12301,6.62
CA_1,FOODS_2_004,12302,6.62
CA_1,FOODS_2_004,12303,6.62
CA_1,FOODS_2_004,12304,6.62
CA_1,FOODS_2_004,12305,6.62
CA_1,FOODS_2_004,12306,6.62
CA_1,FOODS_2_004,12307,5.62
CA_1,FOODS_2_004,12308,6.62
CA_1,FOODS_2_004,12309,6.62
CA_1,FOODS_2_004,12310,6.62
CA_1,FOODS_2_004,12311,6.62
CA_1,FOODS_2_004,12312,6.62
CA_1,FOODS_2_004,12313,6.62
CA_1,FOODS_2_004,12314,6.62
CA_1,FOODS_2_004,12315,6.62
CA_1,FOODS_2_004,12316,6.62
CA_1,FOODS_2_004,12317,6.62
CA_1,FOODS_2_004,12318,6.62
CA_1,FOODS_2_004,12319,6.62
CA_1,FOODS_2_004,12320,6.62
CA_1,FOODS_2_004,12321,6.62
CA_1,FOODS_2_004,12322,5.62
CA_1,FOODS_2_004,12323,6.62
CA_1,FOODS_2_004,12324,6.62
CA_1,FOODS_2_004,12325,5.62
CA_1,FOODS_2_004,12326,6.62
CA_1,FOODS_2_004,12327,6.62
CA_1,FOODS_2_004,12328,6.62
CA_1,FOODS_2_004,12329,6.62
CA_1,FOODS_2_004,12330,6.62
CA_1,FOODS_2_004,12331,5.62
CA_1,FOODS_2_004,12332,6.62
CA_1,FOODS_2_004,12333,6.62
CA_1,FOODS_2_004,12334,5.62
CA_1,FOODS_2_004,12335,6.62
CA_1,FOODS_2_004,12336,6.62
CA_1,FOODS_2_004,12337,6.62
CA_1,FOODS_2_004,12338,6.62
CA_1,FOODS_2_004,12339,6.62
CA_1,FOODS_2_004,12340,6.62
CA_1,FOODS_2_004,12341,6.62
CA_1,FOODS_2_004,12342,6.62
CA_1,FOODS_2_004,12343,6.62
CA_1,FOODS_2_004,12344,6.62
CA_1,FOODS_2_004,12345,5.62
CA_1,FOODS_2_004,12346,6.62
CA_1,FOODS_2_004,12347,6.62
CA_1,FOODS_2_004,12348,6.62
CA_1,FOODS_2_004,12349,6.62
CA_1,FOODS_2_004,12350,6.62
CA_1,FOODS_2_004,12351,6.62
CA_1,FOODS_2_004,12352,6.62
CA_1,FOODS_3_001,12152,3.28
CA_1,FOODS_3_001,12201,3.86
CA_1,FOODS_3_001,12202,3.86
CA_1,FOODS_3_001,12203,3.86
CA_1,FOODS_3_001,12204,3.28
CA_1,FOODS_3_001,12205,3.86
CA_1,FOODS_3_001,12206,3.28
CA_1,FOODS_3_001,12207,3.86
CA_1,FOODS_3_001,12208,3.86
CA_1,FOODS_3_001,12209,3.86
CA_1,FOODS_3_001,12210,3.28
CA_1,FOODS_3_001,12211,3.86
CA_1,FOODS_3_001,12212,3.86
CA_1,FOODS_3_001,12213,3.86
CA_1,FOODS_3_001,12214,3.86
CA_1,FOODS_3_001,12215,3.86
CA_1,FOODS_3_001,12216,3.28
CA_1,FOODS_3_001,12217,3.86
CA_1,FOODS_3_001,12218,3.86
CA_1,FOODS_3_001,12219,3.28
CA_1,FOODS_3_001,12220,3.86
CA_1,FOODS_3_001,12221,3.86
CA_1,FOODS_3_001,12222,3.86
CA_1,FOODS_3_001,12223,3.86
CA_1,FOODS_3_001,12224,3.86
CA_1,FOODS_3_001,12225,3.86
CA_1,FOODS_3_001,12226,3.86
CA_1,FOODS_3_001,12227,3.86
CA_1,FOODS_3_001,12228,3.86
CA_1,FOODS_3_001,12229,3.86
CA_1,FOODS_3_001,12230,3.86
CA_1,FOODS_3_001,12231,3.86
CA_1,FOODS_3_001,12232,3.86
CA_1,FOODS_3_001,12233,3.86
CA_1,FOODS_3_001,12234,3.28
CA_1,FOODS_3_001,12235,3.86
CA_1,FOODS_3_001,12236,3.86
CA_1,FOODS_3_001,12237,3.86
CA_1,FOODS_3_001,12238,3.28
CA_1,FOODS_3_001,12239,3.86
CA_1,FOODS_3_001,12240,3.86
CA_1,FOODS_3_001,12241,3.86
CA_1,FOODS_3_001,12242,3.28
CA_1,FOODS_3_001,12243,3.28
CA_1,FOODS_3_001,12244,3.86
CA_1,FOODS_3_001,12245,3.86
CA_1,FOODS_3_001,12246,3.86
CA_1,FOODS_3_001,12247,3.86
CA_1,FOODS_3_001,12248,3.28
CA_1,FOODS_3_001,12249,3.86
CA_1,FOODS_3_001,12250,3.86
CA_1,FOODS_3_001,12251,3.86
CA_1,FOODS_3_001,12252,3.86
CA_1,FOODS_3_001,12301,3.86
CA_1,FOODS_3_001,12302,3.86
CA_1,FOODS_3_001,12303,3.86
CA_1,FOODS_3_001,12304,3.86
CA_1,FOODS_3_001,12305,3.86
CA_1,FOODS_3_001,12306,3.28
CA_1,FOODS_3_001,12307,3.28
CA_1,FOODS_3_001,12308,3.86
CA_1,FOODS_3_001,12309,3.28
CA_1,FOODS_3_001,12310,3.86
CA_1,FOODS_3_001,12311,3.86
CA_1,FOODS_3_001,12312,3.86
CA_1,FOODS_3_001,12313,3.86
CA_1,FOODS_3_001,12314,3.86
CA_1,FOODS_3_001,12315,3.86
CA_1,FOODS_3_001,12316,3.86
CA_1,FOODS_3_001,12317,3.86
CA_1,FOODS_3_001,12318,3.86
CA_1,FOODS_3_001,12319,3.86
CA_1,FOODS_3_001,12320,3.86
CA_1,FOODS_3_001,12321,3.86
CA_1,FOODS_3_001,12322,3.86
CA_1,FOODS_3_001,12323,3.86
CA_1,FOODS_3_001,12324,3.86
CA_1,FOODS_3_001,12325,3.86
CA_1,FOODS_3_001,12326,3.86
CA_1,FOODS_3_001,12327,3.28
CA_1,FOODS_3_001,12328,3.86
CA_1,FOODS_3_001,12329,3.86
CA_1,FOODS_3_001,12330,3.86
CA_1,FOODS_3_001,12331,3.86
CA_1,FOODS_3_001,12332,3.86
CA_1,FOODS_3_001,12333,3.28
CA_1,FOODS_3_001,12334,3.86
CA_1,FOODS_3_001,12335,3.86
CA_1,FOODS_3_001,12336,3.86
CA_1,FOODS_3_001,12337,3.86
CA_1,FOODS_3_001,12338,3.28
CA_1,FOODS_3_001,12339,3.86
CA_1,FOODS_3_001,12340,3.86
CA_1,FOODS_3_001,12341,3.86
CA_1,FOODS_3_001,12342,3.86
CA_1,FOODS_3_001,12343,3.86
CA_1,FOODS_3_001,12344,3.28
CA_1,FOODS_3_001,12345,3.86
CA_1,FOODS_3_001,12346,3.28
CA_1,FOODS_3_001,12347,3.86
CA_1,FOODS_3_001,12348,3.86
CA_1,FOODS_3_001,12349,3.86
CA_1,FOODS_3_001,12350,3.86
CA_1,FOODS_3_001,12351,3.86
CA_1,FOODS_3_001,12352,3.86
CA_1,FOODS_3_002,12152,4.06
CA_1,FOODS_3_002,12201,4.06
CA_1,FOODS_3_002,12202,4.78
CA_1,FOODS_3_002,12203,4.78
CA_1,FOODS_3_002,12204,4.78
CA_1,FOODS_3_002,12205,4.78
CA_1,FOODS_3_002,12206,4.78
CA_1,FOODS_3_002,12207,4.78
CA_1,FOODS_3_002,12208,4.78
CA_1,FOODS_3_002,12209,4.78
CA_1,FOODS_3_002,12210,4.78
CA_1,FOODS_3_002,12211,4.78
CA_1,FOODS_3_002,12212,4.06
CA_1,FOODS_3_002,12213,4.78
CA_1,FOODS_3_002,12214,4.78
CA_1,FOODS_3_002,12215,4.06
CA_1,FOODS_3_002,12216,4.78
CA_1,FOODS_3_002,12217,4.78
CA_1,FOODS_3_002,12218,4.78
CA_1,FOODS_3_002,12219,4.78
CA_1,FOODS_3_002,12220,4.78
CA_1,FOODS_3_002,12221,4.78
CA_1,FOODS_3_002,12222,4.78
CA_1,FOODS_3_002,12223,4.78
CA_1,FOODS_3_002,12224,4.78
CA_1,FOODS_3_002,12225,4.78
CA_1,FOODS_3_002,12226,4.78
CA_1,FOODS_3_002,12227,4.78
CA_1,FOODS_3_002,12228,4.78
CA_1,FOODS_3_002,12229,4.06
CA_1,FOODS_3_002,12230,4.78
CA_1,FOODS_3_002,12231,4.78
CA_1,FOODS_3_002,12232,4.06
CA_1,FOODS_3_002,12233,4.78
CA_1,FOODS_3_002,12234,4.78
CA_1,FOODS_3_002,12235,4.78
CA_1,FOODS_3_002,12236,4.78
CA_1,FOODS_3_002,12237,4.06
CA_1,FOODS_3_002,12238,4.06
CA_1,FOODS_3_002,12239,4.78
CA_1,FOODS_3_002,12240,4.78
CA_1,FOODS_3_002,12241,4.78
CA_1,FOODS_3_002,12242,4.78
CA_1,FOODS_3_002,12243,4.78
CA_1,FOODS_3_002,12244,4.78
CA_1,FOODS_3_002,12245,4.78
CA_1,FOODS_3_002,12246,4.78
CA_1,FOODS_3_002,12247,4.78
CA_1,FOODS_3_002,12248,4.78
CA_1,FOODS_3_002,12249,4.78
CA_1,FOODS_3_002,12250,4.06
CA_1,FOODS_3_002,12251,4.78
CA_1,FOODS_3_002,12252,4.06
CA_1,FOODS_3_002,12301,4.78
CA_1,FOODS_3_002,12302,4.78
CA_1,FOODS_3_002,12303,4.78
CA_1,FOODS_3_002,12304,4.78
CA_1,FOODS_3_002,12305,4.78
CA_1,FOODS_3_002,12306,4.78
CA_1,FOODS_3_002,12307,4.78
CA_1,FOODS_3_002,12308,4.78
CA_1,FOODS_3_002,12309,4.78
CA_1,FOODS_3_002,12310,4.78
CA_1,FOODS_3_002,12311,4.78
CA_1,FOODS_3_002,12312,4.78
CA_1,FOODS_3_002,12313,4.78
CA_1,FOODS_3_002,12314,4.78
CA_1,FOODS_3_002,12315,4.78
CA_1,FOODS_3_002,12316,4.06
CA_1,FOODS_3_002,12317,4.78
CA_1,FOODS_3_002,12318,4.78
CA_1,FOODS_3_002,12319,4.78
CA_1,FOODS_3_002,12320,4.78
CA_1,FOODS_3_002,12321,4.78
CA_1,FOODS_3_002,12322,4.06
CA_1,FOODS_3_002,12323,4.78
CA_1,FOODS_3_002,12324,4.78
CA_1,FOODS_3_002,12325,4.78
CA_1,FOODS_3_002,12326,4.78
CA_1,FOODS_3_002,12327,4.78
CA_1,FOODS_3_002,12328,4.78
CA_1,FOODS_3_002,12329,4.78
CA_1,FOODS_3_002,12330,4.78
CA_1,FOODS_3_002,12331,4.78
CA_1,FOODS_3_002,12332,4.78
CA_1,FOODS_3_002,12333,4.06
CA_1,FOODS_3_002,12334,4.78
CA_1,FOODS_3_002,12335,4.78
CA_1,FOODS_3_002,12336,4.06
CA_1,FOODS_3_002,12337,4.06
CA_1,FOODS_3_002,12338,4.78
CA_1,FOODS_3_002,12339,4.78
CA_1,FOODS_3_002,12340,4.78
CA_1,FOODS_3_002,12341,4.06
CA_1,FOODS_3_002,12342,4.78
CA_1,FOODS_3_002,12343,4.78
CA_1,FOODS_3_002,12344,4.78
CA_1,FOODS_3_002,12345,4.78
CA_1,FOODS_3_002,12346,4.78
CA_1,FOODS_3_002,12347,4.78
CA_1,FOODS_3_002,12348,4.78
CA_1,FOODS_3_002,12349,4.78
CA_1,FOODS_3_002,12350,4.06
CA_1,FOODS_3_002,12351,4.78
CA_1,FOODS_3_002,12352,4.06
CA_1,FOODS_3_003,12152,5.69
CA_1,FOODS_3_003,12201,5.69
CA_1,FOODS_3_003,12202,5.69
CA_1,FOODS_3_003,12203,5.69
CA_1,FOODS_3_003,12204,5.69
CA_1,FOODS_3_003,12205,5.69
CA_1,FOODS_3_003,12206,5.69
CA_1,FOODS_3_003,12207,5.69
CA_1,FOODS_3_003,12208,5.69
CA_1,FOODS_3_003,12209,5.69
CA_1,FOODS_3_003,12210,5.69
CA_1,FOODS_3_003,12211,5.69
CA_1,FOODS_3_003,12212,5.69
CA_1,FOODS_3_003,12213,5.69
CA_1,FOODS_3_003,12214,5.69
CA_1,FOODS_3_003,12215,5.69
CA_1,FOODS_3_003,12216,5.69
CA_1,FOODS_3_003,12217,4.84
CA_1,FOODS_3_003,12218,5.69
CA_1,FOODS_3_003,12219,5.69
CA_1,FOODS_3_003,12220,5.69
CA_1,FOODS_3_003,12221,5.69
CA_1,FOODS_3_003,12222,4.84
CA_1,FOODS_3_003,12223,4.84
CA_1,FOODS_3_003,12224,5.69
CA_1,FOODS_3_003,12225,5.69
CA_1,FOODS_3_003,12226,5.69
CA_1,FOODS_3_003,12227,5.69
CA_1,FOODS_3_003,12228,5.69
CA_1,FOODS_3_003,12229,5.69
CA_1,FOODS_3_003,12230,5.69
CA_1,FOODS_3_003,12231,4.84
CA_1,FOODS_3_003,12232,5.69
CA_1,FOODS_3_003,12233,5.69
CA_1,FOODS_3_003,12234,5.69
CA_1,FOODS_3_003,12235,5.69
CA_1,FOODS_3_003,12236,5.69
CA_1,FOODS_3_003,12237,5.69
CA_1,FOODS_3_003,12238,5.69
CA_1,FOODS_3_003,12239,5.69
CA_1,FOODS_3_003,12240,5.69
CA_1,FOODS_3_003,12241,5.69
CA_1,FOODS_3_003,12242,5.69
CA_1,FOODS_3_003,12243,5.69
CA_1,FOODS_3_003,12244,5.69
CA_1,FOODS_3_003,12245,5.69
CA_1,FOODS_3_003,12246,5.69
CA_1,FOODS_3_003,12247,5.69
CA_1,FOODS_3_003,12248,5.69
CA_1,FOODS_3_003,12249,5.69
CA_1,FOODS_3_003,12250,4.84
CA_1,FOODS_3_003,12251,5.69
CA_1,FOODS_3_003,12252,5.69
CA_1,FOODS_3_003,12301,5.69
CA_1,FOODS_3_003,12302,5.69
CA_1,FOODS_3_003,12303,5.69
CA_1,FOODS_3_003,12304,5.69
CA_1,FOODS_3_003,12305,5.69
CA_1,FOODS_3_003,12306,5.69
CA_1,FOODS_3_003,12307,5.69
CA_1,FOODS_3_003,12308,5.69
CA_1,FOODS_3_003,12309,5.69
CA_1,FOODS_3_003,12310,5.69
CA_1,FOODS_3_003,12311,5.69
CA_1,FOODS_3_003,12312,5.69
CA_1,FOODS_3_003,12313,5.69
CA_1,FOODS_3_003,12314,4.84
CA_1,FOODS_3_003,12315,5.69
CA_1,FOODS_3_003,12316,5.69
CA_1,FOODS_3_003,12317,4.84
CA_1,FOODS_3_003,12318,5.69
CA_1,FOODS_3_003,12319,5.69
CA_1,FOODS_3_003,12320,5.69
CA_1,FOODS_3_003,12321,5.69
CA_1,FOODS_3_003,12322,5.69
CA_1,FOODS_3_003,12323,5.69
CA_1,FOODS_3_003,12324,4.84
CA_1,FOODS_3_003,12325,5.69
CA_1,FOODS_3_003,12326,5.69
CA_1,FOODS_3_003,12327,5.69
CA_1,FOODS_3_003,12328,5.69
CA_1,FOODS_3_003,12329,5.69
CA_1,FOODS_3_003,12330,4.84
CA_1,FOODS_3_003,12331,5.69
CA_1,FOODS_3_003,12332,5.69
CA_1,FOODS_3_003,12333,4.84
CA_1,FOODS_3_003,12334,5.69
CA_1,FOODS_3_003,12335,5.69
CA_1,FOODS_3_003,12336,5.69
CA_1,FOODS_3_003,12337,5.69
CA_1,FOODS_3_003,12338,5.69
CA_1,FOODS_3_003,12339,5.69
CA_1,FOODS_3_003,12340,5.69
CA_1,FOODS_3_003,12341,5.69
CA_1,FOODS_3_003,12342,5.69
CA_1,FOODS_3_003,12343,5.69
CA_1,FOODS_3_003,12344,5.69
CA_1,FOODS_3_003,12345,5.69
CA_1,FOODS_3_003,12346,5.69
CA_1,FOODS_3_003,12347,5.69
CA_1,FOODS_3_003,12348,5.69
CA_1,FOODS_3_003,12349,5.69
CA_1,FOODS_3_003,12350,5.69
CA_1,FOODS_3_003,12351,5.69
CA_1,FOODS_3_003,12352,5.69
CA_1,FOODS_3_004,12152,6.62
CA_1,FOODS_3_004,12201,6.62
CA_1,FOODS_3_004,12202,6.62
CA_1,FOODS_3_004,12203,6.62
CA_1,FOODS_3_004,12204,5.62
CA_1,FOODS_3_004,12205,6.62
CA_1,FOODS_3_004,12206,5.62
CA_1,FOODS_3_004,12207,6.62
CA_1,FOODS_3_004,12208,6.62
CA_1,FOODS_3_004,12209,6.62
CA_1,FOODS_3_004,12210,6.62
CA_1,FOODS_3_004,12211,6.62
CA_1,FOODS_3_004,12212,6.62
CA_1,FOODS_3_004,12213,5.62
CA_1,FOODS_3_004,12214,6.62
CA_1,FOODS_3_004,12215,6.62
CA_1,FOODS_3_004,12216,6.62
CA_1,FOODS_3_004,12217,6.62
CA_1,FOODS_3_004,12218,6.62
CA_1,FOODS_3_004,12219,6.62
CA_1,FOODS_3_004,12220,6.62
CA_1,FOODS_3_004,12221,6.62
CA_1,FOODS_3_004,12222,5.62
CA_1,FOODS_3_004,12223,6.62
CA_1,FOODS_3_004,12224,6.62
CA_1,FOODS_3_004,12225,6.62
CA_1,FOODS_3_004,12226,6.62
CA_1,FOODS_3_004,12227,6.62
CA_1,FOODS_3_004,12228,6.62
CA_1,FOODS_3_004,12229,5.62
CA_1,FOODS_3_004,12230,6.62
CA_1,FOODS_3_004,12231,6.62
CA_1,FOODS_3_004,12232,5.62
CA_1,FOODS_3_004,12233,6.62
CA_1,FOODS_3_004,12234,6.62
CA_1,FOODS_3_004,12235,5.62
CA_1,FOODS_3_004,12236,6.62
CA_1,FOODS_3_004,12237,6.62
CA_1,FOODS_3_004,12238,6.62
CA_1,FOODS_3_004,12239,5.62
CA_1,FOODS_3_004,12240,6.62
CA_1,FOODS_3_004,12241,6.62
CA_1,FOODS_3_004,12242,6.62
CA_1,FOODS_3_004,12243,6.62
CA_1,FOODS_3_004,12244,5.62
CA_1,FOODS_3_004,12245,6.62
CA_1,FOODS_3_004,12246,5.62
CA_1,FOODS_3_004,12247,5.62
CA_1,FOODS_3_004,12248,6.62
CA_1,FOODS_3_004,12249,6.62
CA_1,FOODS_3_004,12250,6.62
CA_1,FOODS_3_004,12251,6.62
CA_1,FOODS_3_004,12252,6.62
CA_1,FOODS_3_004,12301,6.62
CA_1,FOODS_3_004,12302,6.62
CA_1,FOODS_3_004,12303,6.62
CA_1,FOODS_3_004,12304,6.62
CA_1,FOODS_3_004,12305,6.62
CA_1,FOODS_3_004,12306,6.62
CA_1,FOODS_3_004,12307,6.62
CA_1,FOODS_3_004,12308,6.62
CA_1,FOODS_3_004,12309,5.62
CA_1,FOODS_3_004,12310,6.62
CA_1,FOODS_3_004,12311,6.62
CA_1,FOODS_3_004,12312,6.62
CA_1,FOODS_3_004,12313,6.62
CA_1,FOODS_3_004,12314,6.62
CA_1,FOODS_3_004,12315,6.62
CA_1,FOODS_3_004,12316,6.62
CA_1,FOODS_3_004,12317,6.62
CA_1,FOODS_3_004,12318,6.62
CA_1,FOODS_3_004,12319,6.62
CA_1,FOODS_3_004,12320,6.62
CA_1,FOODS_3_004,12321,6.62
CA_1,FOODS_3_004,12322,6.62
CA_1,FOODS_3_004,12323,6.62
CA_1,FOODS_3_004,12324,6.62
CA_1,FOODS_3_004,12325,6.62
CA_1,FOODS_3_004,12326,5.62
CA_1,FOODS_3_004,12327,6.62
CA_1,FOODS_3_004,12328,6.62
CA_1,FOODS_3_004,12329,6.62
CA_1,FOODS_3_004,12330,6.62
CA_1,FOODS_3_004,12331,6.62
CA_1,FOODS_3_004,12332,6.62
CA_1,FOODS_3_004,12333,6.62
CA_1,FOODS_3_004,12334,6.62
CA_1,FOODS_3_004,12335,6.62
CA_1,FOODS_3_004,12336,6.62
CA_1,FOODS_3_004,12337,6.62
CA_1,FOODS_3_004,12338,6.62
CA_1,FOODS_3_004,12339,5.62
CA_1,FOODS_3_004,12340,5.62
CA_1,FOODS_3_004,12341,6.62
CA_1,FOODS_3_004,12342,6.62
CA_1,FOODS_3_004,12343,6.62
CA_1,FOODS_3_004,12344,6.62
CA_1,FOODS_3_004,12345,5.62
CA_1,FOODS_3_004,12346,5.62
CA_1,FOODS_3_004,12347,6.62
CA_1,FOODS_3_004,12348,6.62
CA_1,FOODS_3_004,12349,6.62
CA_1,FOODS_3_004,12350,6.62
CA_1,FOODS_3_004,12351,5.62
CA_1,FOODS_3_004,12352,6.62
CA_1,HOBBIES_1_001,12152,17.09
CA_1,HOBBIES_1_001,12201,17.09
CA_1,HOBBIES_1_001,12202,17.09
CA_1,HOBBIES_1_001,12203,17.09
CA_1,HOBBIES_1_001,12204,14.53
CA_1,HOBBIES_1_001,12205,14.53
CA_1,HOBBIES_1_001,12206,17.09
CA_1,HOBBIES_1_001,12207,17.09
CA_1,HOBBIES_1_001,12208,17.09
CA_1,HOBBIES_1_001,12209,17.09
CA_1,HOBBIES_1_001,12210,17.09
CA_1,HOBBIES_1_001,12211,17.09
CA_1,HOBBIES_1_001,12212,17.09
CA_1,HOBBIES_1_001,12213,14.53
CA_1,HOBBIES_1_001,12214,17.09
CA_1,HOBBIES_1_001,12215,14.53
CA_1,HOBBIES_1_001,12216,17.09
CA_1,HOBBIES_1_001,12217,17.09
CA_1,HOBBIES_1_001,12218,14.53
CA_1,HOBBIES_1_001,12219,17.09
CA_1,HOBBIES_1_001,12220,17.09
CA_1,HOBBIES_1_001,12221,17.09
CA_1,HOBBIES_1_001,12222,17.09
CA_1,HOBBIES_1_001,12223,14.53
CA_1,HOBBIES_1_001,12224,17.09
CA_1,HOBBIES_1_001,12225,17.09
CA_1,HOBBIES_1_001,12226,14.53
CA_1,HOBBIES_1_001,12227,17.09
CA_1,HOBBIES_1_001,12228,14.53
CA_1,HOBBIES_1_001,12229,14.53
CA_1,HOBBIES_1_001,12230,17.09
CA_1,HOBBIES_1_001,12231,14.53
CA_1,HOBBIES_1_001,12232,17.09
CA_1,HOBBIES_1_001,12233,17.09
CA_1,HOBBIES_1_001,12234,17.09
CA_1,HOBBIES_1_001,12235,17.09
CA_1,HOBBIES_1_001,12236,17.09
CA_1,HOBBIES_1_001,12237,14.53
CA_1,HOBBIES_1_001,12238,17.09
CA_1,HOBBIES_1_001,12239,17.09
CA_1,HOBBIES_1_001,12240,14.53
CA_1,HOBBIES_1_001,12241,17.09
CA_1,HOBBIES_1_001,12242,14.53
CA_1,HOBBIES_1_001,12243,17.09
CA_1,HOBBIES_1_001,12244,17.09
CA_1,HOBBIES_1_001,12245,17.09
CA_1,HOBBIES_1_001,12246,17.09
CA_1,HOBBIES_1_001,12247,17.09
CA_1,HOBBIES_1_001,12248,17.09
CA_1,HOBBIES_1_001,12249,17.09
CA_1,HOBBIES_1_001,12250,14.53
CA_1,HOBBIES_1_001,12251,17.09
CA_1,HOBBIES_1_001,12252,17.09
CA_1,HOBBIES_1_001,12301,17.09
CA_1,HOBBIES_1_001,12302,17.09
CA_1,HOBBIES_1_001,12303,17.09
CA_1,HOBBIES_1_001,12304,17.09
CA_1,HOBBIES_1_001,12305,17.09
CA_1,HOBBIES_1_001,12306,14.53
CA_1,HOBBIES_1_001,12307,14.53
CA_1,HOBBIES_1_001,12308,17.09
CA_1,HOBBIES_1_001,12309,17.09
CA_1,HOBBIES_1_001,12310,17.09
CA_1,HOBBIES_1_001,12311,17.09
CA_1,HOBBIES_1_001,12312,17.09
CA_1,HOBBIES_1_001,12313,17.09
CA_1,HOBBIES_1_001,12314,17.09
CA_1,HOBBIES_1_001,12315,17.09
CA_1,HOBBIES_1_001,12316,17.09
CA_1,HOBBIES_1_001,12317,17.09
CA_1,HOBBIES_1_001,12318,17.09
CA_1,HOBBIES_1_001,12319,17.09
CA_1,HOBBIES_1_001,12320,17.09
CA_1,HOBBIES_1_001,12321,17.09
CA_1,HOBBIES_1_001,12322,17.09
CA_1,HOBBIES_1_001,12323,17.09
CA_1,HOBBIES_1_001,12324,17.09
CA_1,HOBBIES_1_001,12325,17.09
CA_1,HOBBIES_1_001,12326,14.53
CA_1,HOBBIES_1_001,12327,14.53
CA_1,HOBBIES_1_001,12328,17.09
CA_1,HOBBIES_1_001,12329,17.09
CA_1,HOBBIES_1_001,12330,17.09
CA_1,HOBBIES_1_001,12331,17.09
CA_1,HOBBIES_1_001,12332,17.09
CA_1,HOBBIES_1_001,12333,17.09
CA_1,HOBBIES_1_001,12334,17.09
CA_1,HOBBIES_1_001,12335,17.09
CA_1,HOBBIES_1_001,12336,17.09
CA_1,HOBBIES_1_001,12337,14.53
CA_1,HOBBIES_1_001,12338,17.09
CA_1,HOBBIES_1_001,12339,17.09
CA_1,HOBBIES_1_001,12340,17.09
CA_1,HOBBIES_1_001,12341,17.09
CA_1,HOBBIES_1_001,12342,17.09
CA_1,HOBBIES_1_001,12343,17.09
CA_1,HOBBIES_1_001,12344,17.09
CA_1,HOBBIES_1_001,12345,17.09
CA_1,HOBBIES_1_001,12346,17.09
CA_1,HOBBIES_1_001,12347,17.09
CA_1,HOBBIES_1_001,12348,17.09
CA_1,HOBBIES_1_001,12349,17.09
CA_1,HOBBIES_1_001,12350,17.09
CA_1,HOBBIES_1_001,12351,17.09
CA_1,HOBBIES_1_001,12352,17.09
CA_1,HOBBIES_1_002,12152,17.98
CA_1,HOBBIES_1_002,12201,21.16
CA_1,HOBBIES_1_002,12202,21.16
CA_1,HOBBIES_1_002,12203,21.16
CA_1,HOBBIES_1_002,12204,21.16
CA_1,HOBBIES_1_002,12205,21.16
CA_1,HOBBIES_1_002,12206,21.16
CA_1,HOBBIES_1_002,12207,21.16
CA_1,HOBBIES_1_002,12208,21.16
CA_1,HOBBIES_1_002,12209,21.16
CA_1,HOBBIES_1_002,12210,21.16
CA_1,HOBBIES_1_002,12211,21.16
CA_1,HOBBIES_1_002,12212,21.16
CA_1,HOBBIES_1_002,12213,21.16
CA_1,HOBBIES_1_002,12214,21.16
CA_1,HOBBIES_1_002,12215,21.16
CA_1,HOBBIES_1_002,12216,21.16
CA_1,HOBBIES_1_002,12217,21.16
CA_1,HOBBIES_1_002,12218,21.16
CA_1,HOBBIES_1_002,12219,21.16
CA_1,HOBBIES_1_002,12220,21.16
CA_1,HOBBIES_1_002,12221,21.16
CA_1,HOBBIES_1_002,12222,17.98
CA_1,HOBBIES_1_002,12223,21.16
CA_1,HOBBIES_1_002,12224,21.16
CA_1,HOBBIES_1_002,12225,21.16
CA_1,HOBBIES_1_002,12226,17.98
CA_1,HOBBIES_1_002,12227,21.16
CA_1,HOBBIES_1_002,12228,21.16
CA_1,HOBBIES_1_002,12229,21.16
CA_1,HOBBIES_1_002,12230,21.16
CA_1,HOBBIES_1_002,12231,21.16
CA_1,HOBBIES_1_002,12232,21.16
CA_1,HOBBIES_1_002,12233,21.16
CA_1,HOBBIES_1_002,12234,21.16
CA_1,HOBBIES_1_002,12235,21.16
CA_1,HOBBIES_1_002,12236,21.16
CA_1,HOBBIES_1_002,12237,17.98
CA_1,HOBBIES_1_002,12238,21.16
CA_1,HOBBIES_1_002,12239,21.16
CA_1,HOBBIES_1_002,12240,21.16
CA_1,HOBBIES_1_002,12241,21.16
CA_1,HOBBIES_1_002,12242,21.16
CA_1,HOBBIES_1_002,12243,21.16
CA_1,HOBBIES_1_002,12244,21.16
CA_1,HOBBIES_1_002,12245,21.16
CA_1,HOBBIES_1_002,12246,17.98
CA_1,HOBBIES_1_002,12247,21.16
CA_1,HOBBIES_1_002,12248,17.98
CA_1,HOBBIES_1_002,12249,21.16
CA_1,HOBBIES_1_002,12250,21.16
CA_1,HOBBIES_1_002,12251,17.98
CA_1,HOBBIES_1_002,12252,17.98
CA_1,HOBBIES_1_002,12301,21.16
CA_1,HOBBIES_1_002,12302,21.16
CA_1,HOBBIES_1_002,12303,21.16
CA_1,HOBBIES_1_002,12304,21.16
CA_1,HOBBIES_1_002,12305,17.98
CA_1,HOBBIES_1_002,12306,17.98
CA_1,HOBBIES_1_002,12307,21.16
CA_1,HOBBIES_1_002,12308,21.16
CA_1,HOBBIES_1_002,12309,17.98
CA_1,HOBBIES_1_002,12310,21.16
CA_1,HOBBIES_1_002,12311,21.16
CA_1,HOBBIES_1_002,12312,21.16
CA_1,HOBBIES_1_002,12313,21.16
CA_1,HOBBIES_1_002,12314,21.16
CA_1,HOBBIES_1_002,12315,21.16
CA_1,HOBBIES_1_002,12316,21.16
CA_1,HOBBIES_1_002,12317,17.98
CA_1,HOBBIES_1_002,12318,17.98
CA_1,HOBBIES_1_002,12319,21.16
CA_1,HOBBIES_1_002,12320,21.16
CA_1,HOBBIES_1_002,12321,21.16
CA_1,HOBBIES_1_002,12322,21.16
CA_1,HOBBIES_1_002,12323,21.16
CA_1,HOBBIES_1_002,12324,17.98
CA_1,HOBBIES_1_002,12325,21.16
CA_1,HOBBIES_1_002,12326,21.16
CA_1,HOBBIES_1_002,12327,21.16
CA_1,HOBBIES_1_002,12328,21.16
CA_1,HOBBIES_1_002,12329,21.16
CA_1,HOBBIES_1_002,12330,21.16
CA_1,HOBBIES_1_002,12331,21.16
CA_1,HOBBIES_1_002,12332,21.16
CA_1,HOBBIES_1_002,12333,21.16
CA_1,HOBBIES_1_002,12334,21.16
CA_1,HOBBIES_1_002,12335,21.16
CA_1,HOBBIES_1_002,12336,21.16
CA_1,HOBBIES_1_002,12337,17.98
CA_1,HOBBIES_1_002,12338,21.16
CA_1,HOBBIES_1_002,12339,21.16
CA_1,HOBBIES_1_002,12340,21.16
CA_1,HOBBIES_1_002,12341,21.16
CA_1,HOBBIES_1_002,12342,21.16
CA_1,HOBBIES_1_002,12343,21.16
CA_1,HOBBIES_1_002,12344,21.16
CA_1,HOBBIES_1_002,12345,17.98
CA_1,HOBBIES_1_002,12346,21.16
CA_1,HOBBIES_1_002,12347,21.16
CA_1,HOBBIES_1_002,12348,17.98
CA_1,HOBBIES_1_002,12349,21.16
CA_1,HOBBIES_1_002,12350,21.16
CA_1,HOBBIES_1_002,12351,21.16
CA_1,HOBBIES_1_002,12352,21.16
CA_1,HOBBIES_1_003,12152,25.23
CA_1,HOBBIES_1_003,12201,25.23
CA_1,HOBBIES_1_003,12202,25.23
CA_1,HOBBIES_1_003,12203,25.23
CA_1,HOBBIES_1_003,12204,25.23
CA_1,HOBBIES_1_003,12205,25.23
CA_1,HOBBIES_1_003,12206,25.23
CA_1,HOBBIES_1_003,12207,25.23
CA_1,HOBBIES_1_003,12208,25.23
CA_1,HOBBIES_1_003,12209,25.23
CA_1,HOBBIES_1_003,12210,25.23
CA_1,HOBBIES_1_003,12211,21.45
CA_1,HOBBIES_1_003,12212,25.23
CA_1,HOBBIES_1_003,12213,21.45
CA_1,HOBBIES_1_003,12214,25.23
CA_1,HOBBIES_1_003,12215,25.23
CA_1,HOBBIES_1_003,12216,25.23
CA_1,HOBBIES_1_003,12217,25.23
CA_1,HOBBIES_1_003,12218,25.23
CA_1,HOBBIES_1_003,12219,25.23
CA_1,HOBBIES_1_003,12220,25.23
CA_1,HOBBIES_1_003,12221,25.23
CA_1,HOBBIES_1_003,12222,25.23
CA_1,HOBBIES_1_003,12223,21.45
CA_1,HOBBIES_1_003,12224,25.23
CA_1,HOBBIES_1_003,12225,25.23
CA_1,HOBBIES_1_003,12226,25.23
CA_1,HOBBIES_1_003,12227,25.23
CA_1,HOBBIES_1_003,12228,25.23
CA_1,HOBBIES_1_003,12229,25.23
CA_1,HOBBIES_1_003,12230,25.23
CA_1,HOBBIES_1_003,12231,25.23
CA_1,HOBBIES_1_003,12232,21.45
CA_1,HOBBIES_1_003,12233,25.23
CA_1,HOBBIES_1_003,12234,25.23
CA_1,HOBBIES_1_003,12235,25.23
CA_1,HOBBIES_1_003,12236,25.23
CA_1,HOBBIES_1_003,12237,25.23
CA_1,HOBBIES_1_003,12238,25.23
CA_1,HOBBIES_1_003,12239,25.23
CA_1,HOBBIES_1_003,12240,25.23
CA_1,HOBBIES_1_003,12241,25.23
CA_1,HOBBIES_1_003,12242,25.23
CA_1,HOBBIES_1_003,12243,21.45
CA_1,HOBBIES_1_003,12244,25.23
CA_1,HOBBIES_1_003,12245,21.45
CA_1,HOBBIES_1_003,12246,25.23
CA_1,HOBBIES_1_003,12247,25.23
CA_1,HOBBIES_1_003,12248,25.23
CA_1,HOBBIES_1_003,12249,25.23
CA_1,HOBBIES_1_003,12250,21.45
CA_1,HOBBIES_1_003,12251,25.23
CA_1,HOBBIES_1_003,12252,25.23
CA_1,HOBBIES_1_003,12301,21.45
CA_1,HOBBIES_1_003,12302,25.23
CA_1,HOBBIES_1_003,12303,25.23
CA_1,HOBBIES_1_003,12304,25.23
CA_1,HOBBIES_1_003,12305,25.23
CA_1,HOBBIES_1_003,12306,25.23
CA_1,HOBBIES_1_003,12307,25.23
CA_1,HOBBIES_1_003,12308,25.23
CA_1,HOBBIES_1_003,12309,25.23
CA_1,HOBBIES_1_003,12310,25.23
CA_1,HOBBIES_1_003,12311,25.23
CA_1,HOBBIES_1_003,12312,25.23
CA_1,HOBBIES_1_003,12313,21.45
CA_1,HOBBIES_1_003,12314,25.23
CA_1,HOBBIES_1_003,12315,25.23
CA_1,HOBBIES_1_003,12316,25.23
CA_1,HOBBIES_1_003,12317,25.23
CA_1,HOBBIES_1_003,12318,25.23
CA_1,HOBBIES_1_003,12319,21.45
CA_1,HOBBIES_1_003,12320,25.23
CA_1,HOBBIES_1_003,12321,25.23
CA_1,HOBBIES_1_003,12322,25.23
CA_1,HOBBIES_1_003,12323,25.23
CA_1,HOBBIES_1_003,12324,25.23
CA_1,HOBBIES_1_003,12325,25.23
CA_1,HOBBIES_1_003,12326,21.45
CA_1,HOBBIES_1_003,12327,25.23
CA_1,HOBBIES_1_003,12328,25.23
CA_1,HOBBIES_1_003,12329,25.23
CA_1,HOBBIES_1_003,12330,25.23
CA_1,HOBBIES_1_003,12331,25.23
CA_1,HOBBIES_1_003,12332,25.23
CA_1,HOBBIES_1_003,12333,25.23
CA_1,HOBBIES_1_003,12334,25.23
CA_1,HOBBIES_1_003,12335,25.23
CA_1,HOBBIES_1_003,12336,25.23
CA_1,HOBBIES_1_003,12337,25.23
CA_1,HOBBIES_1_003,12338,25.23
CA_1,HOBBIES_1_003,12339,25.23
CA_1,HOBBIES_1_003,12340,25.23
CA_1,HOBBIES_1_003,12341,25.23
CA_1,HOBBIES_1_003,12342,25.23
CA_1,HOBBIES_1_003,12343,25.23
CA_1,HOBBIES_1_003,12344,25.23
CA_1,HOBBIES_1_003,12345,21.45
CA_1,HOBBIES_1_003,12346,25.23
CA_1,HOBBIES_1_003,12347,25.23
CA_1,HOBBIES_1_003,12348,25.23
CA_1,HOBBIES_1_003,12349,25.23
CA_1,HOBBIES_1_003,12350,25.23
CA_1,HOBBIES_1_003,12351,25.23
CA_1,HOBBIES_1_003,12352,25.23
CA_1,HOBBIES_1_004,12152,24.9
CA_1,HOBBIES_1_004,12201,24.9
CA_1,HOBBIES_1_004,12202,29.29
CA_1,HOBBIES_1_004,12203,29.29
CA_1,HOBBIES_1_004,12204,29.29
CA_1,HOBBIES_1_004,12205,29.29
CA_1,HOBBIES_1_004,12206,29.29
CA_1,HOBBIES_1_004,12207,29.29
CA_1,HOBBIES_1_004,12208,29.29
CA_1,HOBBIES_1_004,12209,29.29
CA_1,HOBBIES_1_004,12210,24.9
CA_1,HOBBIES_1_004,12211,29.29
CA_1,HOBBIES_1_004,12212,29.29
CA_1,HOBBIES_1_004,12213,29.29
CA_1,HOBBIES_1_004,12214,29.29
CA_1,HOBBIES_1_004,12215,29.29
CA_1,HOBBIES_1_004,12216,29.29
CA_1,HOBBIES_1_004,12217,24.9
CA_1,HOBBIES_1_004,12218,24.9
CA_1,HOBBIES_1_004,12219,29.29
CA_1,HOBBIES_1_004,12220,29.29
CA_1,HOBBIES_1_004,12221,29.29
CA_1,HOBBIES_1_004,12222,24.9
CA_1,HOBBIES_1_004,12223,24.9
CA_1,HOBBIES_1_004,12224,29.29
CA_1,HOBBIES_1_004,12225,29.29
CA_1,HOBBIES_1_004,12226,29.29
CA_1,HOBBIES_1_004,12227,29.29
CA_1,HOBBIES_1_004,12228,29.29
CA_1,HOBBIES_1_004,12229,24.9
CA_1,HOBBIES_1_004,12230,29.29
CA_1,HOBBIES_1_004,12231,24.9
CA_1,HOBBIES_1_004,12232,29.29
CA_1,HOBBIES_1_004,12233,29.29
CA_1,HOBBIES_1_004,12234,29.29
CA_1,HOBBIES_1_004,12235,29.29
CA_1,HOBBIES_1_004,12236,29.29
CA_1,HOBBIES_1_004,12237,29.29
CA_1,HOBBIES_1_004,12238,29.29
CA_1,HOBBIES_1_004,12239,29.29
CA_1,HOBBIES_1_004,12240,29.29
CA_1,HOBBIES_1_004,12241,29.29
CA_1,HOBBIES_1_004,12242,29.29
CA_1,HOBBIES_1_004,12243,29.29
CA_1,HOBBIES_1_004,12244,29.29
CA_1,HOBBIES_1_004,12245,29.29
CA_1,HOBBIES_1_004,12246,24.9
CA_1,HOBBIES_1_004,12247,29.29
CA_1,HOBBIES_1_004,12248,29.29
CA_1,HOBBIES_1_004,12249,29.29
CA_1,HOBBIES_1_004,12250,29.29
CA_1,HOBBIES_1_004,12251,29.29
CA_1,HOBBIES_1_004,12252,29.29
CA_1,HOBBIES_1_004,12301,24.9
CA_1,HOBBIES_1_004,12302,29.29
CA_1,HOBBIES_1_004,12303,29.29
CA_1,HOBBIES_1_004,12304,29.29
CA_1,HOBBIES_1_004,12305,29.29
CA_1,HOBBIES_1_004,12306,29.29
CA_1,HOBBIES_1_004,12307,29.29
CA_1,HOBBIES_1_004,12308,29.29
CA_1,HOBBIES_1_004,12309,29.29
CA_1,HOBBIES_1_004,12310,29.29
CA_1,HOBBIES_1_004,12311,29.29
CA_1,HOBBIES_1_004,12312,29.29
CA_1,HOBBIES_1_004,12313,29.29
CA_1,HOBBIES_1_004,12314,29.29
CA_1,HOBBIES_1_004,12315,29.29
CA_1,HOBBIES_1_004,12316,29.29
CA_1,HOBBIES_1_004,12317,24.9
CA_1,HOBBIES_1_004,12318,29.29
CA_1,HOBBIES_1_004,12319,24.9
CA_1,HOBBIES_1_004,12320,29.29
CA_1,HOBBIES_1_004,12321,29.29
CA_1,HOBBIES_1_004,12322,29.29
CA_1,HOBBIES_1_004,12323,24.9
CA_1,HOBBIES_1_004,12324,29.29
CA_1,HOBBIES_1_004,12325,29.29
CA_1,HOBBIES_1_004,12326,29.29
CA_1,HOBBIES_1_004,12327,24.9
CA_1,HOBBIES_1_004,12328,29.29
CA_1,HOBBIES_1_004,12329,29.29
CA_1,HOBBIES_1_004,12330,29.29
CA_1,HOBBIES_1_004,12331,29.29
CA_1,HOBBIES_1_004,12332,29.29
CA_1,HOBBIES_1_004,12333,29.29
CA_1,HOBBIES_1_004,12334,29.29
CA_1,HOBBIES_1_004,12335,29.29
CA_1,HOBBIES_1_004,12336,29.29
CA_1,HOBBIES_1_004,12337,29.29
CA_1,HOBBIES_1_004,12338,29.29
CA_1,HOBBIES_1_004,12339,29.29
CA_1,HOBBIES_1_004,12340,29.29
CA_1,HOBBIES_1_004,12341,24.9
CA_1,HOBBIES_1_004,12342,29.29
CA_1,HOBBIES_1_004,12343,29.29
CA_1,HOBBIES_1_004,12344,29.29
CA_1,HOBBIES_1_004,12345,29.29
CA_1,HOBBIES_1_004,12346,29.29
CA_1,HOBBIES_1_004,12347,29.29
CA_1,HOBBIES_1_004,12348,29.29
CA_1,HOBBIES_1_004,12349,24.9
CA_1,HOBBIES_1_004,12350,29.29
CA_1,HOBBIES_1_004,12351,29.29
CA_1,HOBBIES_1_004,12352,29.29
CA_1,HOBBIES_2_001,12152,17.09
CA_1,HOBBIES_2_001,12201,17.09
CA_1,HOBBIES_2_001,12202,17.09
CA_1,HOBBIES_2_001,12203,17.09
CA_1,HOBBIES_2_001,12204,14.53
CA_1,HOBBIES_2_001,12205,17.09
CA_1,HOBBIES_2_001,12206,17.09
CA_1,HOBBIES_2_001,12207,17.09
CA_1,HOBBIES_2_001,12208,17.09
CA_1,HOBBIES_2_001,12209,17.09
CA_1,HOBBIES_2_001,12210,17.09
CA_1,HOBBIES_2_001,12211,17.09
CA_1,HOBBIES_2_001,12212,17.09
CA_1,HOBBIES_2_001,12213,14.53
CA_1,HOBBIES_2_001,12214,17.09
CA_1,HOBBIES_2_001,12215,14.53
CA_1,HOBBIES_2_001,12216,14.53
CA_1,HOBBIES_2_001,12217,14.53
CA_1,HOBBIES_2_001,12218,17.09
CA_1,HOBBIES_2_001,12219,17.09
CA_1,HOBBIES_2_001,12220,17.09
CA_1,HOBBIES_2_001,12221,17.09
CA_1,HOBBIES_2_001,12222,17.09
CA_1,HOBBIES_2_001,12223,17.09
CA_1,HOBBIES_2_001,12224,17.09
CA_1,HOBBIES_2_001,12225,14.53
CA_1,HOBBIES_2_001,12226,17.09
CA_1,HOBBIES_2_001,12227,17.09
CA_1,HOBBIES_2_001,12228,17.09
CA_1,HOBBIES_2_001,12229,17.09
CA_1,HOBBIES_2_001,12230,17.09
CA_1,HOBBIES_2_001,12231,14.53
CA_1,HOBBIES_2_001,12232,17.09
CA_1,HOBBIES_2_001,12233,17.09
CA_1,HOBBIES_2_001,12234,14.53
CA_1,HOBBIES_2_001,12235,17.09
CA_1,HOBBIES_2_001,12236,14.53
CA_1,HOBBIES_2_001,12237,17.09
CA_1,HOBBIES_2_001,12238,17.09
CA_1,HOBBIES_2_001,12239,17.09
CA_1,HOBBIES_2_001,12240,14.53
CA_1,HOBBIES_2_001,12241,14.53
CA_1,HOBBIES_2_001,12242,17.09
CA_1,HOBBIES_2_001,12243,14.53
CA_1,HOBBIES_2_001,12244,17.09
CA_1,HOBBIES_2_001,12245,14.53
CA_1,HOBBIES_2_001,12246,17.09
CA_1,HOBBIES_2_001,12247,17.09
CA_1,HOBBIES_2_001,12248,17.09
CA_1,HOBBIES_2_001,12249,17.09
CA_1,HOBBIES_2_001,12250,17.09
CA_1,HOBBIES_2_001,12251,17.09
CA_1,HOBBIES_2_001,12252,17.09
CA_1,HOBBIES_2_001,12301,17.09
CA_1,HOBBIES_2_001,12302,14.53
CA_1,HOBBIES_2_001,12303,17.09
CA_1,HOBBIES_2_001,12304,17.09
CA_1,HOBBIES_2_001,12305,17.09
CA_1,HOBBIES_2_001,12306,17.09
CA_1,HOBBIES_2_001,12307,17.09
CA_1,HOBBIES_2_001,12308,17.09
CA_1,HOBBIES_2_001,12309,17.09
CA_1,HOBBIES_2_001,12310,17.09
CA_1,HOBBIES_2_001,12311,14.53
CA_1,HOBBIES_2_001,12312,17.09
CA_1,HOBBIES_2_001,12313,17.09
CA_1,HOBBIES_2_001,12314,14.53
CA_1,HOBBIES_2_001,12315,17.09
CA_1,HOBBIES_2_001,12316,17.09
CA_1,HOBBIES_2_001,12317,14.53
CA_1,HOBBIES_2_001,12318,17.09
CA_1,HOBBIES_2_001,12319,17.09
CA_1,HOBBIES_2_001,12320,14.53
CA_1,HOBBIES_2_001,12321,17.09
CA_1,HOBBIES_2_001,12322,17.09
CA_1,HOBBIES_2_001,12323,17.09
CA_1,HOBBIES_2_001,12324,17.09
CA_1,HOBBIES_2_001,12325,17.09
CA_1,HOBBIES_2_001,12326,14.53
CA_1,HOBBIES_2_001,12327,17.09
CA_1,HOBBIES_2_001,12328,17.09
CA_1,HOBBIES_2_001,12329,17.09
CA_1,HOBBIES_2_001,12330,14.53
CA_1,HOBBIES_2_001,12331,17.09
CA_1,HOBBIES_2_001,12332,17.09
CA_1,HOBBIES_2_001,12333,17.09
CA_1,HOBBIES_2_001,12334,17.09
CA_1,HOBBIES_2_001,12335,17.09
CA_1,HOBBIES_2_001,12336,17.09
CA_1,HOBBIES_2_001,12337,17.09
CA_1,HOBBIES_2_001,12338,17.09
CA_1,HOBBIES_2_001,12339,17.09
CA_1,HOBBIES_2_001,12340,17.09
CA_1,HOBBIES_2_001,12341,17.09
CA_1,HOBBIES_2_001,12342,17.09
CA_1,HOBBIES_2_001,12343,17.09
CA_1,HOBBIES_2_001,12344,17.09
CA_1,HOBBIES_2_001,12345,17.09
CA_1,HOBBIES_2_001,12346,17.09
CA_1,HOBBIES_2_001,12347,17.09
CA_1,HOBBIES_2_001,12348,14.53
CA_1,HOBBIES_2_001,12349,17.09
CA_1,HOBBIES_2_001,12350,17.09
CA_1,HOBBIES_2_001,12351,17.09
CA_1,HOBBIES_2_001,12352,17.09
CA_1,HOBBIES_2_002,12152,21.16
CA_1,HOBBIES_2_002,12201,21.16
CA_1,HOBBIES_2_002,12202,21.16
CA_1,HOBBIES_2_002,12203,17.98
CA_1,HOBBIES_2_002,12204,21.16
CA_1,HOBBIES_2_002,12205,21.16
CA_1,HOBBIES_2_002,12206,21.16
CA_1,HOBBIES_2_002,12207,21.16
CA_1,HOBBIES_2_002,12208,21.16
CA_1,HOBBIES_2_002,12209,17.98
CA_1,HOBBIES_2_002,12210,17.98
CA_1,HOBBIES_2_002,12211,21.16
CA_1,HOBBIES_2_002,12212,17.98
CA_1,HOBBIES_2_002,12213,17.98
CA_1,HOBBIES_2_002,12214,17.98
CA_1,HOBBIES_2_002,12215,21.16
CA_1,HOBBIES_2_002,12216,21.16
CA_1,HOBBIES_2_002,12217,21.16
CA_1,HOBBIES_2_002,12218,21.16
CA_1,HOBBIES_2_002,12219,21.16
CA_1,HOBBIES_2_002,12220,21.16
CA_1,HOBBIES_2_002,12221,21.16
CA_1,HOBBIES_2_002,12222,21.16
CA_1,HOBBIES_2_002,12223,21.16
CA_1,HOBBIES_2_002,12224,17.98
CA_1,HOBBIES_2_002,12225,21.16
CA_1,HOBBIES_2_002,12226,21.16
CA_1,HOBBIES_2_002,12227,21.16
CA_1,HOBBIES_2_002,12228,17.98
CA_1,HOBBIES_2_002,12229,17.98
CA_1,HOBBIES_2_002,12230,21.16
CA_1,HOBBIES_2_002,12231,21.16
CA_1,HOBBIES_2_002,12232,21.16
CA_1,HOBBIES_2_002,12233,21.16
CA_1,HOBBIES_2_002,12234,21.16
CA_1,HOBBIES_2_002,12235,21.16
CA_1,HOBBIES_2_002,12236,17.98
CA_1,HOBBIES_2_002,12237,21.16
CA_1,HOBBIES_2_002,12238,21.16
CA_1,HOBBIES_2_002,12239,21.16
CA_1,HOBBIES_2_002,12240,21.16
CA_1,HOBBIES_2_002,12241,17.98
CA_1,HOBBIES_2_002,12242,21.16
CA_1,HOBBIES_2_002,12243,21.16
CA_1,HOBBIES_2_002,12244,21.16
CA_1,HOBBIES_2_002,12245,21.16
CA_1,HOBBIES_2_002,12246,21.16
CA_1,HOBBIES_2_002,12247,21.16
CA_1,HOBBIES_2_002,12248,21.16
CA_1,HOBBIES_2_002,12249,21.16
CA_1,HOBBIES_2_002,12250,21.16
CA_1,HOBBIES_2_002,12251,17.98
CA_1,HOBBIES_2_002,12252,21.16
CA_1,HOBBIES_2_002,12301,21.16
CA_1,HOBBIES_2_002,12302,21.16
CA_1,HOBBIES_2_002,12303,21.16
CA_1,HOBBIES_2_002,12304,21.16
CA_1,HOBBIES_2_002,12305,21.16
CA_1,HOBBIES_2_002,12306,21.16
CA_1,HOBBIES_2_002,12307,21.16
CA_1,HOBBIES_2_002,12308,21.16
CA_1,HOBBIES_2_002,12309,17.98
CA_1,HOBBIES_2_002,12310,21.16
CA_1,HOBBIES_2_002,12311,21.16
CA_1,HOBBIES_2_002,12312,21.16
CA_1,HOBBIES_2_002,12313,21.16
CA_1,HOBBIES_2_002,12314,21.16
CA_1,HOBBIES_2_002,12315,21.16
CA_1,HOBBIES_2_002,12316,21.16
CA_1,HOBBIES_2_002,12317,21.16
CA_1,HOBBIES_2_002,12318,21.16
CA_1,HOBBIES_2_002,12319,21.16
CA_1,HOBBIES_2_002,12320,21.16
CA_1,HOBBIES_2_002,12321,21.16
CA_1,HOBBIES_2_002,12322,21.16
CA_1,HOBBIES_2_002,12323,21.16
CA_1,HOBBIES_2_002,12324,21.16
CA_1,HOBBIES_2_002,12325,21.16
CA_1,HOBBIES_2_002,12326,21.16
CA_1,HOBBIES_2_002,12327,21.16
CA_1,HOBBIES_2_002,12328,21.16
CA_1,HOBBIES_2_002,12329,17.98
CA_1,HOBBIES_2_002,12330,21.16
CA_1,HOBBIES_2_002,12331,17.98
CA_1,HOBBIES_2_002,12332,21.16
CA_1,HOBBIES_2_002,12333,21.16
CA_1,HOBBIES_2_002,12334,21.16
CA_1,HOBBIES_2_002,12335,21.16
CA_1,HOBBIES_2_002,12336,21.16
CA_1,HOBBIES_2_002,12337,21.16
CA_1,HOBBIES_2_002,12338,21.16
CA_1,HOBBIES_2_002,12339,21.16
CA_1,HOBBIES_2_002,12340,21.16
CA_1,HOBBIES_2_002,12341,21.16
CA_1,HOBBIES_2_002,12342,21.16
CA_1,HOBBIES_2_002,12343,21.16
CA_1,HOBBIES_2_002,12344,21.16
CA_1,HOBBIES_2_002,12345,21.16
CA_1,HOBBIES_2_002,12346,21.16
CA_1,HOBBIES_2_002,12347,21.16
CA_1,HOBBIES_2_002,12348,21.16
CA_1,HOBBIES_2_002,12349,17.98
CA_1,HOBBIES_2_002,12350,21.16
CA_1,HOBBIES_2_002,12351,21.16
CA_1,HOBBIES_2_002,12352,21.16
CA_1,HOBBIES_2_003,12152,21.45
CA_1,HOBBIES_2_003,12201,25.23
CA_1,HOBBIES_2_003,12202,25.23
CA_1,HOBBIES_2_003,12203,25.23
CA_1,HOBBIES_2_003,12204,25.23
CA_1,HOBBIES_2_003,12205,25.23
CA_1,HOBBIES_2_003,12206,25.23
CA_1,HOBBIES_2_003,12207,25.23
CA_1,HOBBIES_2_003,12208,25.23
CA_1,HOBBIES_2_003,12209,25.23
CA_1,HOBBIES_2_003,12210,25.23
CA_1,HOBBIES_2_003,12211,21.45
CA_1,HOBBIES_2_003,12212,25.23
CA_1,HOBBIES_2_003,12213,21.45
CA_1,HOBBIES_2_003,12214,25.23
CA_1,HOBBIES_2_003,12215,25.23
CA_1,HOBBIES_2_003,12216,25.23
CA_1,HOBBIES_2_003,12217,25.23
CA_1,HOBBIES_2_003,12218,25.23
CA_1,HOBBIES_2_003,12219,21.45
CA_1,HOBBIES_2_003,12220,25.23
CA_1,HOBBIES_2_003,12221,25.23
CA_1,HOBBIES_2_003,12222,25.23
CA_1,HOBBIES_2_003,12223,25.23
CA_1,HOBBIES_2_003,12224,25.23
CA_1,HOBBIES_2_003,12225,25.23
CA_1,HOBBIES_2_003,12226,25.23
CA_1,HOBBIES_2_003,12227,25.23
CA_1,HOBBIES_2_003,12228,25.23
CA_1,HOBBIES_2_003,12229,25.23
CA_1,HOBBIES_2_003,12230,25.23
CA_1,HOBBIES_2_003,12231,21.45
CA_1,HOBBIES_2_003,12232,25.23
CA_1,HOBBIES_2_003,12233,25.23
CA_1,HOBBIES_2_003,12234,25.23
CA_1,HOBBIES_2_003,12235,21.45
CA_1,HOBBIES_2_003,12236,25.23
CA_1,HOBBIES_2_003,12237,25.23
CA_1,HOBBIES_2_003,12238,25.23
CA_1,HOBBIES_2_003,12239,21.45
CA_1,HOBBIES_2_003,12240,25.23
CA_1,HOBBIES_2_003,12241,25.23
CA_1,HOBBIES_2_003,12242,25.23
CA_1,HOBBIES_2_003,12243,25.23
CA_1,HOBBIES_2_003,12244,25.23
CA_1,HOBBIES_2_003,12245,25.23
CA_1,HOBBIES_2_003,12246,25.23
CA_1,HOBBIES_2_003,12247,25.23
CA_1,HOBBIES_2_003,12248,25.23
CA_1,HOBBIES_2_003,12249,21.45
CA_1,HOBBIES_2_003,12250,21.45
CA_1,HOBBIES_2_003,12251,25.23
CA_1,HOBBIES_2_003,12252,25.23
CA_1,HOBBIES_2_003,12301,25.23
CA_1,HOBBIES_2_003,12302,25.23
CA_1,HOBBIES_2_003,12303,25.23
CA_1,HOBBIES_2_003,12304,25.23
CA_1,HOBBIES_2_003,12305,21.45
CA_1,HOBBIES_2_003,12306,25.23
CA_1,HOBBIES_2_003,12307,25.23
CA_1,HOBBIES_2_003,12308,21.45
CA_1,HOBBIES_2_003,12309,25.23
CA_1,HOBBIES_2_003,12310,25.23
CA_1,HOBBIES_2_003,12311,25.23
CA_1,HOBBIES_2_003,12312,25.23
CA_1,HOBBIES_2_003,12313,25.23
CA_1,HOBBIES_2_003,12314,25.23
CA_1,HOBBIES_2_003,12315,25.23
CA_1,HOBBIES_2_003,12316,25.23
CA_1,HOBBIES_2_003,12317,25.23
CA_1,HOBBIES_2_003,12318,21.45
CA_1,HOBBIES_2_003,12319,25.23
CA_1,HOBBIES_2_003,12320,25.23
CA_1,HOBBIES_2_003,12321,25.23
CA_1,HOBBIES_2_003,12322,25.23
CA_1,HOBBIES_2_003,12323,25.23
CA_1,HOBBIES_2_003,12324,25.23
CA_1,HOBBIES_2_003,12325,25.23
CA_1,HOBBIES_2_003,12326,25.23
CA_1,HOBBIES_2_003,12327,21.45
CA_1,HOBBIES_2_003,12328,21.45
CA_1,HOBBIES_2_003,12329,25.23
CA_1,HOBBIES_2_003,12330,25.23
CA_1,HOBBIES_2_003,12331,25.23
CA_1,HOBBIES_2_003,12332,25.23
CA_1,HOBBIES_2_003,12333,25.23
CA_1,HOBBIES_2_003,12334,25.23
CA_1,HOBBIES_2_003,12335,25.23
CA_1,HOBBIES_2_003,12336,25.23
CA_1,HOBBIES_2_003,12337,25.23
CA_1,HOBBIES_2_003,12338,25.23
CA_1,HOBBIES_2_003,12339,25.23
CA_1,HOBBIES_2_003,12340,25.23
CA_1,HOBBIES_2_003,12341,25.23
CA_1,HOBBIES_2_003,12342,21.45
CA_1,HOBBIES_2_003,12343,21.45
CA_1,HOBBIES_2_003,12344,25.23
CA_1,HOBBIES_2_003,12345,25.23
CA_1,HOBBIES_2_003,12346,25.23
CA_1,HOBBIES_2_003,12347,25.23
CA_1,HOBBIES_2_003,12348,25.23
CA_1,HOBBIES_2_003,12349,25.23
CA_1,HOBBIES_2_003,12350,25.23
CA_1,HOBBIES_2_003,12351,21.45
CA_1,HOBBIES_2_003,12352,25.23
CA_1,HOBBIES_2_004,12152,29.29
CA_1,HOBBIES_2_004,12201,29.29
CA_1,HOBBIES_2_004,12202,24.9
CA_1,HOBBIES_2_004,12203,24.9
CA_1,HOBBIES_2_004,12204,29.29
CA_1,HOBBIES_2_004,12205,29.29
CA_1,HOBBIES_2_004,12206,29.29
CA_1,HOBBIES_2_004,12207,29.29
CA_1,HOBBIES_2_004,12208,29.29
CA_1,HOBBIES_2_004,12209,29.29
CA_1,HOBBIES_2_004,12210,29.29
CA_1,HOBBIES_2_004,12211,29.29
CA_1,HOBBIES_2_004,12212,29.29
CA_1,HOBBIES_2_004,12213,24.9
CA_1,HOBBIES_2_004,12214,29.29
CA_1,HOBBIES_2_004,12215,24.9
CA_1,HOBBIES_2_004,12216,24.9
CA_1,HOBBIES_2_004,12217,29.29
CA_1,HOBBIES_2_004,12218,24.9
CA_1,HOBBIES_2_004,12219,29.29
CA_1,HOBBIES_2_004,12220,29.29
CA_1,HOBBIES_2_004,12221,29.29
CA_1,HOBBIES_2_004,12222,29.29
CA_1,HOBBIES_2_004,12223,24.9
CA_1,HOBBIES_2_004,12224,29.29
CA_1,HOBBIES_2_004,12225,29.29
CA_1,HOBBIES_2_004,12226,29.29
CA_1,HOBBIES_2_004,12227,29.29
CA_1,HOBBIES_2_004,12228,24.9
CA_1,HOBBIES_2_004,12229,29.29
CA_1,HOBBIES_2_004,12230,29.29
CA_1,HOBBIES_2_004,12231,29.29
CA_1,HOBBIES_2_004,12232,29.29
CA_1,HOBBIES_2_004,12233,29.29
CA_1,HOBBIES_2_004,12234,29.29
CA_1,HOBBIES_2_004,12235,29.29
CA_1,HOBBIES_2_004,12236,29.29
CA_1,HOBBIES_2_004,12237,29.29
CA_1,HOBBIES_2_004,12238,29.29
CA_1,HOBBIES_2_004,12239,29.29
CA_1,HOBBIES_2_004,12240,29.29
CA_1,HOBBIES_2_004,12241,24.9
CA_1,HOBBIES_2_004,12242,29.29
CA_1,HOBBIES_2_004,12243,29.29
CA_1,HOBBIES_2_004,12244,29.29
CA_1,HOBBIES_2_004,12245,29.29
CA_1,HOBBIES_2_004,12246,29.29
CA_1,HOBBIES_2_004,12247,29.29
CA_1,HOBBIES_2_004,12248,24.9
CA_1,HOBBIES_2_004,12249,29.29
CA_1,HOBBIES_2_004,12250,29.29
CA_1,HOBBIES_2_004,12251,24.9
CA_1,HOBBIES_2_004,12252,29.29
CA_1,HOBBIES_2_004,12301,29.29
CA_1,HOBBIES_2_004,12302,24.9
CA_1,HOBBIES_2_004,12303,29.29
CA_1,HOBBIES_2_004,12304,29.29
CA_1,HOBBIES_2_004,12305,29.29
CA_1,HOBBIES_2_004,12306,29.29
CA_1,HOBBIES_2_004,12307,29.29
CA_1,HOBBIES_2_004,12308,29.29
CA_1,HOBBIES_2_004,12309,29.29
CA_1,HOBBIES_2_004,12310,29.29
CA_1,HOBBIES_2_004,12311,29.29
CA_1,HOBBIES_2_004,12312,29.29
CA_1,HOBBIES_2_004,12313,24.9
CA_1,HOBBIES_2_004,12314,29.29
CA_1,HOBBIES_2_004,12315,29.29
CA_1,HOBBIES_2_004,12316,29.29
CA_1,HOBBIES_2_004,12317,24.9
CA_1,HOBBIES_2_004,12318,29.29
CA_1,HOBBIES_2_004,12319,29.29
CA_1,HOBBIES_2_004,12320,29.29
CA_1,HOBBIES_2_004,12321,29.29
CA_1,HOBBIES_2_004,12322,29.29
CA_1,HOBBIES_2_004,12323,29.29
CA_1,HOBBIES_2_004,12324,29.29
CA_1,HOBBIES_2_004,12325,29.29
CA_1,HOBBIES_2_004,12326,29.29
CA_1,HOBBIES_2_004,12327,29.29
CA_1,HOBBIES_2_004,12328,29.29
CA_1,HOBBIES_2_004,12329,29.29
CA_1,HOBBIES_2_004,12330,29.29
CA_1,HOBBIES_2_004,12331,29.29
CA_1,HOBBIES_2_004,12332,29.29
CA_1,HOBBIES_2_004,12333,24.9
CA_1,HOBBIES_2_004,12334,24.9
CA_1,HOBBIES_2_004,12335,29.29
CA_1,HOBBIES_2_004,12336,29.29
CA_1,HOBBIES_2_004,12337,29.29
CA_1,HOBBIES_2_004,12338,29.29
CA_1,HOBBIES_2_004,12339,24.9
CA_1,HOBBIES_2_004,12340,29.29
CA_1,HOBBIES_2_004,12341,29.29
CA_1,HOBBIES_2_004,12342,29.29
CA_1,HOBBIES_2_004,12343,29.29
CA_1,HOBBIES_2_004,12344,29.29
CA_1,HOBBIES_2_004,12345,29.29
CA_1,HOBBIES_2_004,12346,29.29
CA_1,HOBBIES_2_004,12347,29.29
CA_1,HOBBIES_2_004,12348,29.29
CA_1,HOBBIES_2_004,12349,29.29
CA_1,HOBBIES_2_004,12350,29.29
CA_1,HOBBIES_2_004,12351,29.29
CA_1,HOBBIES_2_004,12352,29.29
CA_1,HOUSEHOLD_1_001,12152,11.01
CA_1,HOUSEHOLD_1_001,12201,11.01
CA_1,HOUSEHOLD_1_001,12202,11.01
CA_1,HOUSEHOLD_1_001,12203,11.01
CA_1,HOUSEHOLD_1_001,12204,11.01
CA_1,HOUSEHOLD_1_001,12205,11.01
CA_1,HOUSEHOLD_1_001,12206,11.01
CA_1,HOUSEHOLD_1_001,12207,11.01
CA_1,HOUSEHOLD_1_001,12208,11.01
CA_1,HOUSEHOLD_1_001,12209,11.01
CA_1,HOUSEHOLD_1_001,12210,9.36
CA_1,HOUSEHOLD_1_001,12211,11.01
CA_1,HOUSEHOLD_1_001,12212,11.01
CA_1,HOUSEHOLD_1_001,12213,11.01
CA_1,HOUSEHOLD_1_001,12214,11.01
CA_1,HOUSEHOLD_1_001,12215,11.01
CA_1,HOUSEHOLD_1_001,12216,11.01
CA_1,HOUSEHOLD_1_001,12217,11.01
CA_1,HOUSEHOLD_1_001,12218,9.36
CA_1,HOUSEHOLD_1_001,12219,11.01
CA_1,HOUSEHOLD_1_001,12220,11.01
CA_1,HOUSEHOLD_1_001,12221,11.01
CA_1,HOUSEHOLD_1_001,12222,11.01
CA_1,HOUSEHOLD_1_001,12223,11.01
CA_1,HOUSEHOLD_1_001,12224,11.01
CA_1,HOUSEHOLD_1_001,12225,11.01
CA_1,HOUSEHOLD_1_001,12226,11.01
CA_1,HOUSEHOLD_1_001,12227,11.01
CA_1,HOUSEHOLD_1_001,12228,11.01
CA_1,HOUSEHOLD_1_001,12229,11.01
CA_1,HOUSEHOLD_1_001,12230,11.01
CA_1,HOUSEHOLD_1_001,12231,9.36
CA_1,HOUSEHOLD_1_001,12232,11.01
CA_1,HOUSEHOLD_1_001,12233,11.01
CA_1,HOUSEHOLD_1_001,12234,11.01
CA_1,HOUSEHOLD_1_001,12235,11.01
CA_1,HOUSEHOLD_1_001,12236,9.36
CA_1,HOUSEHOLD_1_001,12237,11.01
CA_1,HOUSEHOLD_1_001,12238,11.01
CA_1,HOUSEHOLD_1_001,12239,11.01
CA_1,HOUSEHOLD_1_001,12240,11.01
CA_1,HOUSEHOLD_1_001,12241,11.01
CA_1,HOUSEHOLD_1_001,12242,11.01
CA_1,HOUSEHOLD_1_001,12243,11.01
CA_1,HOUSEHOLD_1_001,12244,11.01
CA_1,HOUSEHOLD_1_001,12245,11.01
CA_1,HOUSEHOLD_1_001,12246,11.01
CA_1,HOUSEHOLD_1_001,12247,11.01
CA_1,HOUSEHOLD_1_001,12248,11.01
CA_1,HOUSEHOLD_1_001,12249,11.01
CA_1,HOUSEHOLD_1_001,12250,11.01
CA_1,HOUSEHOLD_1_001,12251,11.01
CA_1,HOUSEHOLD_1_001,12252,11.01
CA_1,HOUSEHOLD_1_001,12301,11.01
CA_1,HOUSEHOLD_1_001,12302,9.36
CA_1,HOUSEHOLD_1_001,12303,11.01
CA_1,HOUSEHOLD_1_001,12304,9.36
CA_1,HOUSEHOLD_1_001,12305,11.01
CA_1,HOUSEHOLD_1_001,12306,11.01
CA_1,HOUSEHOLD_1_001,12307,11.01
CA_1,HOUSEHOLD_1_001,12308,11.01
CA_1,HOUSEHOLD_1_001,12309,11.01
CA_1,HOUSEHOLD_1_001,12310,11.01
CA_1,HOUSEHOLD_1_001,12311,11.01
CA_1,HOUSEHOLD_1_001,12312,11.01
CA_1,HOUSEHOLD_1_001,12313,11.01
CA_1,HOUSEHOLD_1_001,12314,11.01
CA_1,HOUSEHOLD_1_001,12315,9.36
CA_1,HOUSEHOLD_1_001,12316,11.01
CA_1,HOUSEHOLD_1_001,12317,11.01
CA_1,HOUSEHOLD_1_001,12318,11.01
CA_1,HOUSEHOLD_1_001,12319,9.36
CA_1,HOUSEHOLD_1_001,12320,11.01
CA_1,HOUSEHOLD_1_001,12321,11.01
CA_1,HOUSEHOLD_1_001,12322,11.01
CA_1,HOUSEHOLD_1_001,12323,11.01
CA_1,HOUSEHOLD_1_001,12324,11.01
CA_1,HOUSEHOLD_1_001,12325,11.01
CA_1,HOUSEHOLD_1_001,12326,11.01
CA_1,HOUSEHOLD_1_001,12327,11.01
CA_1,HOUSEHOLD_1_001,12328,11.01
CA_1,HOUSEHOLD_1_001,12329,11.01
CA_1,HOUSEHOLD_1_001,12330,9.36
CA_1,HOUSEHOLD_1_001,12331,11.01
CA_1,HOUSEHOLD_1_001,12332,11.01
CA_1,HOUSEHOLD_1_001,12333,11.01
CA_1,HOUSEHOLD_1_001,12334,11.01
CA_1,HOUSEHOLD_1_001,12335,11.01
CA_1,HOUSEHOLD_1_001,12336,11.01
CA_1,HOUSEHOLD_1_001,12337,11.01
CA_1,HOUSEHOLD_1_001,12338,11.01
CA_1,HOUSEHOLD_1_001,12339,11.01
CA_1,HOUSEHOLD_1_001,12340,11.01
CA_1,HOUSEHOLD_1_001,12341,11.01
CA_1,HOUSEHOLD_1_001,12342,9.36
CA_1,HOUSEHOLD_1_001,12343,11.01
CA_1,HOUSEHOLD_1_001,12344,11.01
CA_1,HOUSEHOLD_1_001,12345,11.01
CA_1,HOUSEHOLD_1_001,12346,11.01
CA_1,HOUSEHOLD_1_001,12347,11.01
CA_1,HOUSEHOLD_1_001,12348,11.01
CA_1,HOUSEHOLD_1_001,12349,9.36
CA_1,HOUSEHOLD_1_001,12350,11.01
CA_1,HOUSEHOLD_1_001,12351,9.36
CA_1,HOUSEHOLD_1_001,12352,11.01
CA_1,HOUSEHOLD_1_002,12152,13.64
CA_1,HOUSEHOLD_1_002,12201,13.64
CA_1,HOUSEHOLD_1_002,12202,13.64
CA_1,HOUSEHOLD_1_002,12203,13.64
CA_1,HOUSEHOLD_1_002,12204,13.64
CA_1,HOUSEHOLD_1_002,12205,13.64
CA_1,HOUSEHOLD_1_002,12206,13.64
CA_1,HOUSEHOLD_1_002,12207,11.59
CA_1,HOUSEHOLD_1_002,12208,13.64
CA_1,HOUSEHOLD_1_002,12209,13.64
CA_1,HOUSEHOLD_1_002,12210,13.64
CA_1,HOUSEHOLD_1_002,12211,13.64
CA_1,HOUSEHOLD_1_002,12212,13.64
CA_1,HOUSEHOLD_1_002,12213,13.64
CA_1,HOUSEHOLD_1_002,12214,11.59
CA_1,HOUSEHOLD_1_002,12215,13.64
CA_1,HOUSEHOLD_1_002,12216,13.64
CA_1,HOUSEHOLD_1_002,12217,11.59
CA_1,HOUSEHOLD_1_002,12218,13.64
CA_1,HOUSEHOLD_1_002,12219,11.59
CA_1,HOUSEHOLD_1_002,12220,13.64
CA_1,HOUSEHOLD_1_002,12221,13.64
CA_1,HOUSEHOLD_1_002,12222,13.64
CA_1,HOUSEHOLD_1_002,12223,13.64
CA_1,HOUSEHOLD_1_002,12224,13.64
CA_1,HOUSEHOLD_1_002,12225,13.64
CA_1,HOUSEHOLD_1_002,12226,11.59
CA_1,HOUSEHOLD_1_002,12227,13.64
CA_1,HOUSEHOLD_1_002,12228,13.64
CA_1,HOUSEHOLD_1_002,12229,13.64
CA_1,HOUSEHOLD_1_002,12230,13.64
CA_1,HOUSEHOLD_1_002,12231,13.64
CA_1,HOUSEHOLD_1_002,12232,13.64
CA_1,HOUSEHOLD_1_002,12233,11.59
CA_1,HOUSEHOLD_1_002,12234,13.64
CA_1,HOUSEHOLD_1_002,12235,13.64
CA_1,HOUSEHOLD_1_002,12236,11.59
CA_1,HOUSEHOLD_1_002,12237,13.64
CA_1,HOUSEHOLD_1_002,12238,13.64
CA_1,HOUSEHOLD_1_002,12239,13.64
CA_1,HOUSEHOLD_1_002,12240,13.64
CA_1,HOUSEHOLD_1_002,12241,11.59
CA_1,HOUSEHOLD_1_002,12242,13.64
CA_1,HOUSEHOLD_1_002,12243,13.64
CA_1,HOUSEHOLD_1_002,12244,11.59
CA_1,HOUSEHOLD_1_002,12245,11.59
CA_1,HOUSEHOLD_1_002,12246,13.64
CA_1,HOUSEHOLD_1_002,12247,13.64
CA_1,HOUSEHOLD_1_002,12248,13.64
CA_1,HOUSEHOLD_1_002,12249,13.64
CA_1,HOUSEHOLD_1_002,12250,13.64
CA_1,HOUSEHOLD_1_002,12251,13.64
CA_1,HOUSEHOLD_1_002,12252,13.64
CA_1,HOUSEHOLD_1_002,12301,13.64
CA_1,HOUSEHOLD_1_002,12302,13.64
CA_1,HOUSEHOLD_1_002,12303,13.64
CA_1,HOUSEHOLD_1_002,12304,13.64
CA_1,HOUSEHOLD_1_002,12305,13.64
CA_1,HOUSEHOLD_1_002,12306,13.64
CA_1,HOUSEHOLD_1_002,12307,13.64
CA_1,HOUSEHOLD_1_002,12308,13.64
CA_1,HOUSEHOLD_1_002,12309,13.64
CA_1,HOUSEHOLD_1_002,12310,13.64
CA_1,HOUSEHOLD_1_002,12311,13.64
CA_1,HOUSEHOLD_1_002,12312,13.64
CA_1,HOUSEHOLD_1_002,12313,11.59
CA_1,HOUSEHOLD_1_002,12314,13.64
CA_1,HOUSEHOLD_1_002,12315,13.64
CA_1,HOUSEHOLD_1_002,12316,13.64
CA_1,HOUSEHOLD_1_002,12317,13.64
CA_1,HOUSEHOLD_1_002,12318,13.64
CA_1,HOUSEHOLD_1_002,12319,13.64
CA_1,HOUSEHOLD_1_002,12320,13.64
CA_1,HOUSEHOLD_1_002,12321,13.64
CA_1,HOUSEHOLD_1_002,12322,11.59
CA_1,HOUSEHOLD_1_002,12323,13.64
CA_1,HOUSEHOLD_1_002,12324,13.64
CA_1,HOUSEHOLD_1_002,12325,13.64
CA_1,HOUSEHOLD_1_002,12326,11.59
CA_1,HOUSEHOLD_1_002,12327,11.59
CA_1,HOUSEHOLD_1_002,12328,13.64
CA_1,HOUSEHOLD_1_002,12329,13.64
CA_1,HOUSEHOLD_1_002,12330,13.64
CA_1,HOUSEHOLD_1_002,12331,13.64
CA_1,HOUSEHOLD_1_002,12332,13.64
CA_1,HOUSEHOLD_1_002,12333,13.64
CA_1,HOUSEHOLD_1_002,12334,13.64
CA_1,HOUSEHOLD_1_002,12335,13.64
CA_1,HOUSEHOLD_1_002,12336,13.64
CA_1,HOUSEHOLD_1_002,12337,11.59
CA_1,HOUSEHOLD_1_002,12338,11.59
CA_1,HOUSEHOLD_1_002,12339,13.64
CA_1,HOUSEHOLD_1_002,12340,11.59
CA_1,HOUSEHOLD_1_002,12341,11.59
CA_1,HOUSEHOLD_1_002,12342,13.64
CA_1,HOUSEHOLD_1_002,12343,13.64
CA_1,HOUSEHOLD_1_002,12344,13.64
CA_1,HOUSEHOLD_1_002,12345,13.64
CA_1,HOUSEHOLD_1_002,12346,13.64
CA_1,HOUSEHOLD_1_002,12347,13.64
CA_1,HOUSEHOLD_1_002,12348,13.64
CA_1,HOUSEHOLD_1_002,12349,11.59
CA_1,HOUSEHOLD_1_002,12350,13.64
CA_1,HOUSEHOLD_1_002,12351,11.59
CA_1,HOUSEHOLD_1_002,12352,13.64
CA_1,HOUSEHOLD_1_003,12152,16.25
CA_1,HOUSEHOLD_1_003,12201,16.25
CA_1,HOUSEHOLD_1_003,12202,16.25
CA_1,HOUSEHOLD_1_003,12203,16.25
CA_1,HOUSEHOLD_1_003,12204,16.25
CA_1,HOUSEHOLD_1_003,12205,13.82
CA_1,HOUSEHOLD_1_003,12206,16.25
CA_1,HOUSEHOLD_1_003,12207,16.25
CA_1,HOUSEHOLD_1_003,12208,16.25
CA_1,HOUSEHOLD_1_003,12209,16.25
CA_1,HOUSEHOLD_1_003,12210,16.25
CA_1,HOUSEHOLD_1_003,12211,16.25
CA_1,HOUSEHOLD_1_003,12212,16.25
CA_1,HOUSEHOLD_1_003,12213,16.25
CA_1,HOUSEHOLD_1_003,12214,16.25
CA_1,HOUSEHOLD_1_003,12215,16.25
CA_1,HOUSEHOLD_1_003,12216,16.25
CA_1,HOUSEHOLD_1_003,12217,13.82
CA_1,HOUSEHOLD_1_003,12218,16.25
CA_1,HOUSEHOLD_1_003,12219,13.82
CA_1,HOUSEHOLD_1_003,12220,16.25
CA_1,HOUSEHOLD_1_003,12221,13.82
CA_1,HOUSEHOLD_1_003,12222,16.25
CA_1,HOUSEHOLD_1_003,12223,16.25
CA_1,HOUSEHOLD_1_003,12224,13.82
CA_1,HOUSEHOLD_1_003,12225,16.25
CA_1,HOUSEHOLD_1_003,12226,16.25
CA_1,HOUSEHOLD_1_003,12227,16.25
CA_1,HOUSEHOLD_1_003,12228,13.82
CA_1,HOUSEHOLD_1_003,12229,16.25
CA_1,HOUSEHOLD_1_003,12230,16.25
CA_1,HOUSEHOLD_1_003,12231,13.82
CA_1,HOUSEHOLD_1_003,12232,13.82
CA_1,HOUSEHOLD_1_003,12233,16.25
CA_1,HOUSEHOLD_1_003,12234,16.25
CA_1,HOUSEHOLD_1_003,12235,16.25
CA_1,HOUSEHOLD_1_003,12236,16.25
CA_1,HOUSEHOLD_1_003,12237,16.25
CA_1,HOUSEHOLD_1_003,12238,16.25
CA_1,HOUSEHOLD_1_003,12239,13.82
CA_1,HOUSEHOLD_1_003,12240,16.25
CA_1,HOUSEHOLD_1_003,12241,16.25
CA_1,HOUSEHOLD_1_003,12242,16.25
CA_1,HOUSEHOLD_1_003,12243,16.25
CA_1,HOUSEHOLD_1_003,12244,16.25
CA_1,HOUSEHOLD_1_003,12245,13.82
CA_1,HOUSEHOLD_1_003,12246,16.25
CA_1,HOUSEHOLD_1_003,12247,13.82
CA_1,HOUSEHOLD_1_003,12248,16.25
CA_1,HOUSEHOLD_1_003,12249,13.82
CA_1,HOUSEHOLD_1_003,12250,13.82
CA_1,HOUSEHOLD_1_003,12251,16.25
CA_1,HOUSEHOLD_1_003,12252,16.25
CA_1,HOUSEHOLD_1_003,12301,16.25
CA_1,HOUSEHOLD_1_003,12302,16.25
CA_1,HOUSEHOLD_1_003,12303,13.82
CA_1,HOUSEHOLD_1_003,12304,13.82
CA_1,HOUSEHOLD_1_003,12305,16.25
CA_1,HOUSEHOLD_1_003,12306,16.25
CA_1,HOUSEHOLD_1_003,12307,16.25
CA_1,HOUSEHOLD_1_003,12308,16.25
CA_1,HOUSEHOLD_1_003,12309,16.25
CA_1,HOUSEHOLD_1_003,12310,16.25
CA_1,HOUSEHOLD_1_003,12311,16.25
CA_1,HOUSEHOLD_1_003,12312,16.25
CA_1,HOUSEHOLD_1_003,12313,16.25
CA_1,HOUSEHOLD_1_003,12314,16.25
CA_1,HOUSEHOLD_1_003,12315,16.25
CA_1,HOUSEHOLD_1_003,12316,16.25
CA_1,HOUSEHOLD_1_003,12317,16.25
CA_1,HOUSEHOLD_1_003,12318,16.25
CA_1,HOUSEHOLD_1_003,12319,16.25
CA_1,HOUSEHOLD_1_003,12320,16.25
CA_1,HOUSEHOLD_1_003,12321,16.25
CA_1,HOUSEHOLD_1_003,12322,16.25
CA_1,HOUSEHOLD_1_003,12323,16.25
CA_1,HOUSEHOLD_1_003,12324,16.25
CA_1,HOUSEHOLD_1_003,12325,16.25
CA_1,HOUSEHOLD_1_003,12326,16.25
CA_1,HOUSEHOLD_1_003,12327,16.25
CA_1,HOUSEHOLD_1_003,12328,16.25
CA_1,HOUSEHOLD_1_003,12329,16.25
CA_1,HOUSEHOLD_1_003,12330,16.25
CA_1,HOUSEHOLD_1_003,12331,13.82
CA_1,HOUSEHOLD_1_003,12332,16.25
CA_1,HOUSEHOLD_1_003,12333,16.25
CA_1,HOUSEHOLD_1_003,12334,16.25
CA_1,HOUSEHOLD_1_003,12335,13.82
CA_1,HOUSEHOLD_1_003,12336,16.25
CA_1,HOUSEHOLD_1_003,12337,16.25
CA_1,HOUSEHOLD_1_003,12338,16.25
CA_1,HOUSEHOLD_1_003,12339,13.82
CA_1,HOUSEHOLD_1_003,12340,16.25
CA_1,HOUSEHOLD_1_003,12341,16.25
CA_1,HOUSEHOLD_1_003,12342,16.25
CA_1,HOUSEHOLD_1_003,12343,16.25
CA_1,HOUSEHOLD_1_003,12344,16.25
CA_1,HOUSEHOLD_1_003,12345,16.25
CA_1,HOUSEHOLD_1_003,12346,16.25
CA_1,HOUSEHOLD_1_003,12347,16.25
CA_1,HOUSEHOLD_1_003,12348,16.25
CA_1,HOUSEHOLD_1_003,12349,13.82
CA_1,HOUSEHOLD_1_003,12350,16.25
CA_1,HOUSEHOLD_1_003,12351,13.82
CA_1,HOUSEHOLD_1_003,12352,16.25
CA_1,HOUSEHOLD_1_004,12152,18.88
CA_1,HOUSEHOLD_1_004,12201,18.88
CA_1,HOUSEHOLD_1_004,12202,16.05
CA_1,HOUSEHOLD_1_004,12203,16.05
CA_1,HOUSEHOLD_1_004,12204,18.88
CA_1,HOUSEHOLD_1_004,12205,18.88
CA_1,HOUSEHOLD_1_004,12206,16.05
CA_1,HOUSEHOLD_1_004,12207,18.88
CA_1,HOUSEHOLD_1_004,12208,18.88
CA_1,HOUSEHOLD_1_004,12209,18.88
CA_1,HOUSEHOLD_1_004,12210,18.88
CA_1,HOUSEHOLD_1_004,12211,16.05
CA_1,HOUSEHOLD_1_004,12212,18.88
CA_1,HOUSEHOLD_1_004,12213,18.88
CA_1,HOUSEHOLD_1_004,12214,18.88
CA_1,HOUSEHOLD_1_004,12215,18.88
CA_1,HOUSEHOLD_1_004,12216,18.88
CA_1,HOUSEHOLD_1_004,12217,18.88
CA_1,HOUSEHOLD_1_004,12218,18.88
CA_1,HOUSEHOLD_1_004,12219,18.88
CA_1,HOUSEHOLD_1_004,12220,18.88
CA_1,HOUSEHOLD_1_004,12221,18.88
CA_1,HOUSEHOLD_1_004,12222,18.88
CA_1,HOUSEHOLD_1_004,12223,18.88
CA_1,HOUSEHOLD_1_004,12224,18.88
CA_1,HOUSEHOLD_1_004,12225,18.88
CA_1,HOUSEHOLD_1_004,12226,18.88
CA_1,HOUSEHOLD_1_004,12227,18.88
CA_1,HOUSEHOLD_1_004,12228,18.88
CA_1,HOUSEHOLD_1_004,12229,18.88
CA_1,HOUSEHOLD_1_004,12230,18.88
CA_1,HOUSEHOLD_1_004,12231,18.88
CA_1,HOUSEHOLD_1_004,12232,18.88
CA_1,HOUSEHOLD_1_004,12233,16.05
CA_1,HOUSEHOLD_1_004,12234,18.88
CA_1,HOUSEHOLD_1_004,12235,18.88
CA_1,HOUSEHOLD_1_004,12236,18.88
CA_1,HOUSEHOLD_1_004,12237,18.88
CA_1,HOUSEHOLD_1_004,12238,18.88
CA_1,HOUSEHOLD_1_004,12239,18.88
CA_1,HOUSEHOLD_1_004,12240,16.05
CA_1,HOUSEHOLD_1_004,12241,18.88
CA_1,HOUSEHOLD_1_004,12242,18.88
CA_1,HOUSEHOLD_1_004,12243,18.88
CA_1,HOUSEHOLD_1_004,12244,18.88
CA_1,HOUSEHOLD_1_004,12245,18.88
CA_1,HOUSEHOLD_1_004,12246,18.88
CA_1,HOUSEHOLD_1_004,12247,18.88
CA_1,HOUSEHOLD_1_004,12248,18.88
CA_1,HOUSEHOLD_1_004,12249,18.88
CA_1,HOUSEHOLD_1_004,12250,18.88
CA_1,HOUSEHOLD_1_004,12251,18.88
CA_1,HOUSEHOLD_1_004,12252,16.05
CA_1,HOUSEHOLD_1_004,12301,18.88
CA_1,HOUSEHOLD_1_004,12302,18.88
CA_1,HOUSEHOLD_1_004,12303,18.88
CA_1,HOUSEHOLD_1_004,12304,18.88
CA_1,HOUSEHOLD_1_004,12305,18.88
CA_1,HOUSEHOLD_1_004,12306,18.88
CA_1,HOUSEHOLD_1_004,12307,18.88
CA_1,HOUSEHOLD_1_004,12308,18.88
CA_1,HOUSEHOLD_1_004,12309,16.05
CA_1,HOUSEHOLD_1_004,12310,18.88
CA_1,HOUSEHOLD_1_004,12311,16.05
CA_1,HOUSEHOLD_1_004,12312,18.88
CA_1,HOUSEHOLD_1_004,12313,18.88
CA_1,HOUSEHOLD_1_004,12314,18.88
CA_1,HOUSEHOLD_1_004,12315,18.88
CA_1,HOUSEHOLD_1_004,12316,16.05
CA_1,HOUSEHOLD_1_004,12317,18.88
CA_1,HOUSEHOLD_1_004,12318,18.88
CA_1,HOUSEHOLD_1_004,12319,18.88
CA_1,HOUSEHOLD_1_004,12320,18.88
CA_1,HOUSEHOLD_1_004,12321,18.88
CA_1,HOUSEHOLD_1_004,12322,18.88
CA_1,HOUSEHOLD_1_004,12323,18.88
CA_1,HOUSEHOLD_1_004,12324,18.88
CA_1,HOUSEHOLD_1_004,12325,18.88
CA_1,HOUSEHOLD_1_004,12326,18.88
CA_1,HOUSEHOLD_1_004,12327,18.88
CA_1,HOUSEHOLD_1_004,12328,18.88
CA_1,HOUSEHOLD_1_004,12329,18.88
CA_1,HOUSEHOLD_1_004,12330,18.88
CA_1,HOUSEHOLD_1_004,12331,18.88
CA_1,HOUSEHOLD_1_004,12332,18.88
CA_1,HOUSEHOLD_1_004,12333,18.88
CA_1,HOUSEHOLD_1_004,12334,18.88
CA_1,HOUSEHOLD_1_004,12335,18.88
CA_1,HOUSEHOLD_1_004,12336,18.88
CA_1,HOUSEHOLD_1_004,12337,18.88
CA_1,HOUSEHOLD_1_004,12338,16.05
CA_1,HOUSEHOLD_1_004,12339,18.88
CA_1,HOUSEHOLD_1_004,12340,18.88
CA_1,HOUSEHOLD_1_004,12341,18.88
CA_1,HOUSEHOLD_1_004,12342,18.88
CA_1,HOUSEHOLD_1_004,12343,16.05
CA_1,HOUSEHOLD_1_004,12344,18.88
CA_1,HOUSEHOLD_1_004,12345,18.88
CA_1,HOUSEHOLD_1_004,12346,18.88
CA_1,HOUSEHOLD_1_004,12347,18.88
CA_1,HOUSEHOLD_1_004,12348,18.88
CA_1,HOUSEHOLD_1_004,12349,16.05
CA_1,HOUSEHOLD_1_004,12350,18.88
CA_1,HOUSEHOLD_1_004,12351,18.88
CA_1,HOUSEHOLD_1_004,12352,18.88
CA_1,HOUSEHOLD_2_001,12152,11.01
CA_1,HOUSEHOLD_2_001,12201,9.36
CA_1,HOUSEHOLD_2_001,12202,11.01
CA_1,HOUSEHOLD_2_001,12203,11.01
CA_1,HOUSEHOLD_2_001,12204,11.01
CA_1,HOUSEHOLD_2_001,12205,11.01
CA_1,HOUSEHOLD_2_001,12206,11.01
CA_1,HOUSEHOLD_2_001,12207,11.01
CA_1,HOUSEHOLD_2_001,12208,9.36
CA_1,HOUSEHOLD_2_001,12209,11.01
CA_1,HOUSEHOLD_2_001,12210,11.01
CA_1,HOUSEHOLD_2_001,12211,11.01
CA_1,HOUSEHOLD_2_001,12212,11.01
CA_1,HOUSEHOLD_2_001,12213,9.36
CA_1,HOUSEHOLD_2_001,12214,11.01
CA_1,HOUSEHOLD_2_001,12215,11.01
CA_1,HOUSEHOLD_2_001,12216,11.01
CA_1,HOUSEHOLD_2_001,12217,9.36
CA_1,HOUSEHOLD_2_001,12218,11.01
CA_1,HOUSEHOLD_2_001,12219,11.01
CA_1,HOUSEHOLD_2_001,12220,11.01
CA_1,HOUSEHOLD_2_001,12221,11.01
CA_1,HOUSEHOLD_2_001,12222,11.01
CA_1,HOUSEHOLD_2_001,12223,11.01
CA_1,HOUSEHOLD_2_001,12224,9.36
CA_1,HOUSEHOLD_2_001,12225,11.01
CA_1,HOUSEHOLD_2_001,12226,9.36
CA_1,HOUSEHOLD_2_001,12227,11.01
CA_1,HOUSEHOLD_2_001,12228,11.01
CA_1,HOUSEHOLD_2_001,12229,9.36
CA_1,HOUSEHOLD_2_001,12230,11.01
CA_1,HOUSEHOLD_2_001,12231,9.36
CA_1,HOUSEHOLD_2_001,12232,11.01
CA_1,HOUSEHOLD_2_001,12233,11.01
CA_1,HOUSEHOLD_2_001,12234,9.36
CA_1,HOUSEHOLD_2_001,12235,11.01
CA_1,HOUSEHOLD_2_001,12236,11.01
CA_1,HOUSEHOLD_2_001,12237,11.01
CA_1,HOUSEHOLD_2_001,12238,9.36
CA_1,HOUSEHOLD_2_001,12239,11.01
CA_1,HOUSEHOLD_2_001,12240,11.01
CA_1,HOUSEHOLD_2_001,12241,11.01
CA_1,HOUSEHOLD_2_001,12242,9.36
CA_1,HOUSEHOLD_2_001,12243,9.36
CA_1,HOUSEHOLD_2_001,12244,11.01
CA_1,HOUSEHOLD_2_001,12245,11.01
CA_1,HOUSEHOLD_2_001,12246,11.01
CA_1,HOUSEHOLD_2_001,12247,11.01
CA_1,HOUSEHOLD_2_001,12248,11.01
CA_1,HOUSEHOLD_2_001,12249,11.01
CA_1,HOUSEHOLD_2_001,12250,11.01
CA_1,HOUSEHOLD_2_001,12251,11.01
CA_1,HOUSEHOLD_2_001,12252,11.01
CA_1,HOUSEHOLD_2_001,12301,11.01
CA_1,HOUSEHOLD_2_001,12302,11.01
CA_1,HOUSEHOLD_2_001,12303,11.01
CA_1,HOUSEHOLD_2_001,12304,11.01
CA_1,HOUSEHOLD_2_001,12305,11.01
CA_1,HOUSEHOLD_2_001,12306,11.01
CA_1,HOUSEHOLD_2_001,12307,11.01
CA_1,HOUSEHOLD_2_001,12308,9.36
CA_1,HOUSEHOLD_2_001,12309,11.01
CA_1,HOUSEHOLD_2_001,12310,11.01
CA_1,HOUSEHOLD_2_001,12311,11.01
CA_1,HOUSEHOLD_2_001,12312,11.01
CA_1,HOUSEHOLD_2_001,12313,11.01
CA_1,HOUSEHOLD_2_001,12314,9.36
CA_1,HOUSEHOLD_2_001,12315,11.01
CA_1,HOUSEHOLD_2_001,12316,11.01
CA_1,HOUSEHOLD_2_001,12317,11.01
CA_1,HOUSEHOLD_2_001,12318,11.01
CA_1,HOUSEHOLD_2_001,12319,11.01
CA_1,HOUSEHOLD_2_001,12320,11.01
CA_1,HOUSEHOLD_2_001,12321,11.01
CA_1,HOUSEHOLD_2_001,12322,9.36
CA_1,HOUSEHOLD_2_001,12323,11.01
CA_1,HOUSEHOLD_2_001,12324,11.01
CA_1,HOUSEHOLD_2_001,12325,11.01
CA_1,HOUSEHOLD_2_001,12326,11.01
CA_1,HOUSEHOLD_2_001,12327,9.36
CA_1,HOUSEHOLD_2_001,12328,11.01
CA_1,HOUSEHOLD_2_001,12329,9.36
CA_1,HOUSEHOLD_2_001,12330,11.01
CA_1,HOUSEHOLD_2_001,12331,11.01
CA_1,HOUSEHOLD_2_001,12332,9.36
CA_1,HOUSEHOLD_2_001,12333,11.01
CA_1,HOUSEHOLD_2_001,12334,9.36
CA_1,HOUSEHOLD_2_001,12335,11.01
CA_1,HOUSEHOLD_2_001,12336,11.01
CA_1,HOUSEHOLD_2_001,12337,9.36
CA_1,HOUSEHOLD_2_001,12338,11.01
CA_1,HOUSEHOLD_2_001,12339,9.36
CA_1,HOUSEHOLD_2_001,12340,11.01
CA_1,HOUSEHOLD_2_001,12341,11.01
CA_1,HOUSEHOLD_2_001,12342,11.01
CA_1,HOUSEHOLD_2_001,12343,9.36
CA_1,HOUSEHOLD_2_001,12344,11.01
CA_1,HOUSEHOLD_2_001,12345,11.01
CA_1,HOUSEHOLD_2_001,12346,11.01
CA_1,HOUSEHOLD_2_001,12347,11.01
CA_1,HOUSEHOLD_2_001,12348,11.01
CA_1,HOUSEHOLD_2_001,12349,11.01
CA_1,HOUSEHOLD_2_001,12350,11.01
CA_1,HOUSEHOLD_2_001,12351,11.01
CA_1,HOUSEHOLD_2_001,12352,11.01
CA_1,HOUSEHOLD_2_002,12152,13.64
CA_1,HOUSEHOLD_2_002,12201,11.59
CA_1,HOUSEHOLD_2_002,12202,13.64
CA_1,HOUSEHOLD_2_002,12203,13.64
CA_1,HOUSEHOLD_2_002,12204,13.64
CA_1,HOUSEHOLD_2_002,12205,13.64
CA_1,HOUSEHOLD_2_002,12206,13.64
CA_1,HOUSEHOLD_2_002,12207,11.59
CA_1,HOUSEHOLD_2_002,12208,13.64
CA_1,HOUSEHOLD_2_002,12209,13.64
CA_1,HOUSEHOLD_2_002,12210,13.64
CA_1,HOUSEHOLD_2_002,12211,13.64
CA_1,HOUSEHOLD_2_002,12212,13.64
CA_1,HOUSEHOLD_2_002,12213,13.64
CA_1,HOUSEHOLD_2_002,12214,13.64
CA_1,HOUSEHOLD_2_002,12215,13.64
CA_1,HOUSEHOLD_2_002,12216,11.59
CA_1,HOUSEHOLD_2_002,12217,13.64
CA_1,HOUSEHOLD_2_002,12218,13.64
CA_1,HOUSEHOLD_2_002,12219,11.59
CA_1,HOUSEHOLD_2_002,12220,13.64
CA_1,HOUSEHOLD_2_002,12221,13.64
CA_1,HOUSEHOLD_2_002,12222,13.64
CA_1,HOUSEHOLD_2_002,12223,13.64
CA_1,HOUSEHOLD_2_002,12224,13.64
CA_1,HOUSEHOLD_2_002,12225,13.64
CA_1,HOUSEHOLD_2_002,12226,13.64
CA_1,HOUSEHOLD_2_002,12227,13.64
CA_1,HOUSEHOLD_2_002,12228,11.59
CA_1,HOUSEHOLD_2_002,12229,13.64
CA_1,HOUSEHOLD_2_002,12230,13.64
CA_1,HOUSEHOLD_2_002,12231,13.64
CA_1,HOUSEHOLD_2_002,12232,13.64
CA_1,HOUSEHOLD_2_002,12233,13.64
CA_1,HOUSEHOLD_2_002,12234,13.64
CA_1,HOUSEHOLD_2_002,12235,13.64
CA_1,HOUSEHOLD_2_002,12236,13.64
CA_1,HOUSEHOLD_2_002,12237,13.64
CA_1,HOUSEHOLD_2_002,12238,13.64
CA_1,HOUSEHOLD_2_002,12239,13.64
CA_1,HOUSEHOLD_2_002,12240,13.64
CA_1,HOUSEHOLD_2_002,12241,11.59
CA_1,HOUSEHOLD_2_002,12242,13.64
CA_1,HOUSEHOLD_2_002,12243,13.64
CA_1,HOUSEHOLD_2_002,12244,13.64
CA_1,HOUSEHOLD_2_002,12245,13.64
CA_1,HOUSEHOLD_2_002,12246,13.64
CA_1,HOUSEHOLD_2_002,12247,13.64
CA_1,HOUSEHOLD_2_002,12248,13.64
CA_1,HOUSEHOLD_2_002,12249,13.64
CA_1,HOUSEHOLD_2_002,12250,13.64
CA_1,HOUSEHOLD_2_002,12251,13.64
CA_1,HOUSEHOLD_2_002,12252,11.59
CA_1,HOUSEHOLD_2_002,12301,11.59
CA_1,HOUSEHOLD_2_002,12302,13.64
CA_1,HOUSEHOLD_2_002,12303,13.64
CA_1,HOUSEHOLD_2_002,12304,13.64
CA_1,HOUSEHOLD_2_002,12305,11.59
CA_1,HOUSEHOLD_2_002,12306,13.64
CA_1,HOUSEHOLD_2_002,12307,13.64
CA_1,HOUSEHOLD_2_002,12308,11.59
CA_1,HOUSEHOLD_2_002,12309,11.59
CA_1,HOUSEHOLD_2_002,12310,13.64
CA_1,HOUSEHOLD_2_002,12311,13.64
CA_1,HOUSEHOLD_2_002,12312,13.64
CA_1,HOUSEHOLD_2_002,12313,13.64
CA_1,HOUSEHOLD_2_002,12314,13.64
CA_1,HOUSEHOLD_2_002,12315,11.59
CA_1,HOUSEHOLD_2_002,12316,13.64
CA_1,HOUSEHOLD_2_002,12317,13.64
CA_1,HOUSEHOLD_2_002,12318,13.64
CA_1,HOUSEHOLD_2_002,12319,13.64
CA_1,HOUSEHOLD_2_002,12320,13.64
CA_1,HOUSEHOLD_2_002,12321,13.64
CA_1,HOUSEHOLD_2_002,12322,13.64
CA_1,HOUSEHOLD_2_002,12323,13.64
CA_1,HOUSEHOLD_2_002,12324,13.64
CA_1,HOUSEHOLD_2_002,12325,11.59
CA_1,HOUSEHOLD_2_002,12326,11.59
CA_1,HOUSEHOLD_2_002,12327,13.64
CA_1,HOUSEHOLD_2_002,12328,13.64
CA_1,HOUSEHOLD_2_002,12329,11.59
CA_1,HOUSEHOLD_2_002,12330,13.64
CA_1,HOUSEHOLD_2_002,12331,11.59
CA_1,HOUSEHOLD_2_002,12332,13.64
CA_1,HOUSEHOLD_2_002,12333,13.64
CA_1,HOUSEHOLD_2_002,12334,13.64
CA_1,HOUSEHOLD_2_002,12335,13.64
CA_1,HOUSEHOLD_2_002,12336,13.64
CA_1,HOUSEHOLD_2_002,12337,11.59
CA_1,HOUSEHOLD_2_002,12338,13.64
CA_1,HOUSEHOLD_2_002,12339,13.64
CA_1,HOUSEHOLD_2_002,12340,13.64
CA_1,HOUSEHOLD_2_002,12341,13.64
CA_1,HOUSEHOLD_2_002,12342,11.59
CA_1,HOUSEHOLD_2_002,12343,13.64
CA_1,HOUSEHOLD_2_002,12344,13.64
CA_1,HOUSEHOLD_2_002,12345,13.64
CA_1,HOUSEHOLD_2_002,12346,13.64
CA_1,HOUSEHOLD_2_002,12347,13.64
CA_1,HOUSEHOLD_2_002,12348,13.64
CA_1,HOUSEHOLD_2_002,12349,11.59
CA_1,HOUSEHOLD_2_002,12350,13.64
CA_1,HOUSEHOLD_2_002,12351,13.64
CA_1,HOUSEHOLD_2_002,12352,13.64
CA_1,HOUSEHOLD_2_003,12152,16.25
CA_1,HOUSEHOLD_2_003,12201,16.25
CA_1,HOUSEHOLD_2_003,12202,13.82
CA_1,HOUSEHOLD_2_003,12203,16.25
CA_1,HOUSEHOLD_2_003,12204,16.25
CA_1,HOUSEHOLD_2_003,12205,16.25
CA_1,HOUSEHOLD_2_003,12206,16.25
CA_1,HOUSEHOLD_2_003,12207,16.25
CA_1,HOUSEHOLD_2_003,12208,16.25
CA_1,HOUSEHOLD_2_003,12209,13.82
CA_1,HOUSEHOLD_2_003,12210,16.25
CA_1,HOUSEHOLD_2_003,12211,16.25
CA_1,HOUSEHOLD_2_003,12212,16.25
CA_1,HOUSEHOLD_2_003,12213,13.82
CA_1,HOUSEHOLD_2_003,12214,16.25
CA_1,HOUSEHOLD_2_003,12215,16.25
CA_1,HOUSEHOLD_2_003,12216,16.25
CA_1,HOUSEHOLD_2_003,12217,13.82
CA_1,HOUSEHOLD_2_003,12218,16.25
CA_1,HOUSEHOLD_2_003,12219,16.25
CA_1,HOUSEHOLD_2_003,12220,16.25
CA_1,HOUSEHOLD_2_003,12221,16.25
CA_1,HOUSEHOLD_2_003,12222,16.25
CA_1,HOUSEHOLD_2_003,12223,16.25
CA_1,HOUSEHOLD_2_003,12224,16.25
CA_1,HOUSEHOLD_2_003,12225,16.25
CA_1,HOUSEHOLD_2_003,12226,16.25
CA_1,HOUSEHOLD_2_003,12227,16.25
CA_1,HOUSEHOLD_2_003,12228,16.25
CA_1,HOUSEHOLD_2_003,12229,13.82
CA_1,HOUSEHOLD_2_003,12230,13.82
CA_1,HOUSEHOLD_2_003,12231,13.82
CA_1,HOUSEHOLD_2_003,12232,16.25
CA_1,HOUSEHOLD_2_003,12233,16.25
CA_1,HOUSEHOLD_2_003,12234,13.82
CA_1,HOUSEHOLD_2_003,12235,16.25
CA_1,HOUSEHOLD_2_003,12236,16.25
CA_1,HOUSEHOLD_2_003,12237,16.25
CA_1,HOUSEHOLD_2_003,12238,16.25
CA_1,HOUSEHOLD_2_003,12239,16.25
CA_1,HOUSEHOLD_2_003,12240,13.82
CA_1,HOUSEHOLD_2_003,12241,16.25
CA_1,HOUSEHOLD_2_003,12242,16.25
CA_1,HOUSEHOLD_2_003,12243,16.25
CA_1,HOUSEHOLD_2_003,12244,16.25
CA_1,HOUSEHOLD_2_003,12245,16.25
CA_1,HOUSEHOLD_2_003,12246,13.82
CA_1,HOUSEHOLD_2_003,12247,16.25
CA_1,HOUSEHOLD_2_003,12248,16.25
CA_1,HOUSEHOLD_2_003,12249,16.25
CA_1,HOUSEHOLD_2_003,12250,13.82
CA_1,HOUSEHOLD_2_003,12251,16.25
CA_1,HOUSEHOLD_2_003,12252,16.25
CA_1,HOUSEHOLD_2_003,12301,16.25
CA_1,HOUSEHOLD_2_003,12302,16.25
CA_1,HOUSEHOLD_2_003,12303,16.25
CA_1,HOUSEHOLD_2_003,12304,16.25
CA_1,HOUSEHOLD_2_003,12305,16.25
CA_1,HOUSEHOLD_2_003,12306,16.25
CA_1,HOUSEHOLD_2_003,12307,16.25
CA_1,HOUSEHOLD_2_003,12308,16.25
CA_1,HOUSEHOLD_2_003,12309,16.25
CA_1,HOUSEHOLD_2_003,12310,16.25
CA_1,HOUSEHOLD_2_003,12311,16.25
CA_1,HOUSEHOLD_2_003,12312,16.25
CA_1,HOUSEHOLD_2_003,12313,16.25
CA_1,HOUSEHOLD_2_003,12314,13.82
CA_1,HOUSEHOLD_2_003,12315,16.25
CA_1,HOUSEHOLD_2_003,12316,16.25
CA_1,HOUSEHOLD_2_003,12317,16.25
CA_1,HOUSEHOLD_2_003,12318,16.25
CA_1,HOUSEHOLD_2_003,12319,16.25
CA_1,HOUSEHOLD_2_003,12320,16.25
CA_1,HOUSEHOLD_2_003,12321,16.25
CA_1,HOUSEHOLD_2_003,12322,16.25
CA_1,HOUSEHOLD_2_003,12323,16.25
CA_1,HOUSEHOLD_2_003,12324,16.25
CA_1,HOUSEHOLD_2_003,12325,16.25
CA_1,HOUSEHOLD_2_003,12326,16.25
CA_1,HOUSEHOLD_2_003,12327,16.25
CA_1,HOUSEHOLD_2_003,12328,16.25
CA_1,HOUSEHOLD_2_003,12329,16.25
CA_1,HOUSEHOLD_2_003,12330,16.25
CA_1,HOUSEHOLD_2_003,12331,16.25
CA_1,HOUSEHOLD_2_003,12332,16.25
CA_1,HOUSEHOLD_2_003,12333,16.25
CA_1,HOUSEHOLD_2_003,12334,16.25
CA_1,HOUSEHOLD_2_003,12335,13.82
CA_1,HOUSEHOLD_2_003,12336,13.82
CA_1,HOUSEHOLD_2_003,12337,16.25
CA_1,HOUSEHOLD_2_003,12338,16.25
CA_1,HOUSEHOLD_2_003,12339,16.25
CA_1,HOUSEHOLD_2_003,12340,16.25
CA_1,HOUSEHOLD_2_003,12341,16.25
CA_1,HOUSEHOLD_2_003,12342,16.25
CA_1,HOUSEHOLD_2_003,12343,16.25
CA_1,HOUSEHOLD_2_003,12344,16.25
CA_1,HOUSEHOLD_2_003,12345,13.82
CA_1,HOUSEHOLD_2_003,12346,16.25
CA_1,HOUSEHOLD_2_003,12347,13.82
CA_1,HOUSEHOLD_2_003,12348,16.25
CA_1,HOUSEHOLD_2_003,12349,16.25
CA_1,HOUSEHOLD_2_003,12350,13.82
CA_1,HOUSEHOLD_2_003,12351,16.25
CA_1,HOUSEHOLD_2_003,12352,16.25
CA_1,HOUSEHOLD_2_004,12152,18.88
CA_1,HOUSEHOLD_2_004,12201,18.88
CA_1,HOUSEHOLD_2_004,12202,16.05
CA_1,HOUSEHOLD_2_004,12203,18.88
CA_1,HOUSEHOLD_2_004,12204,18.88
CA_1,HOUSEHOLD_2_004,12205,18.88
CA_1,HOUSEHOLD_2_004,12206,18.88
CA_1,HOUSEHOLD_2_004,12207,18.88
CA_1,HOUSEHOLD_2_004,12208,18.88
CA_1,HOUSEHOLD_2_004,12209,18.88
CA_1,HOUSEHOLD_2_004,12210,18.88
CA_1,HOUSEHOLD_2_004,12211,18.88
CA_1,HOUSEHOLD_2_004,12212,18.88
CA_1,HOUSEHOLD_2_004,12213,18.88
CA_1,HOUSEHOLD_2_004,12214,18.88
CA_1,HOUSEHOLD_2_004,12215,18.88
CA_1,HOUSEHOLD_2_004,12216,18.88
CA_1,HOUSEHOLD_2_004,12217,18.88
CA_1,HOUSEHOLD_2_004,12218,18.88
CA_1,HOUSEHOLD_2_004,12219,16.05
CA_1,HOUSEHOLD_2_004,12220,18.88
CA_1,HOUSEHOLD_2_004,12221,18.88
CA_1,HOUSEHOLD_2_004,12222,16.05
CA_1,HOUSEHOLD_2_004,12223,16.05
CA_1,HOUSEHOLD_2_004,12224,18.88
CA_1,HOUSEHOLD_2_004,12225,18.88
CA_1,HOUSEHOLD_2_004,12226,18.88
CA_1,HOUSEHOLD_2_004,12227,18.88
CA_1,HOUSEHOLD_2_004,12228,18.88
CA_1,HOUSEHOLD_2_004,12229,18.88
CA_1,HOUSEHOLD_2_004,12230,18.88
CA_1,HOUSEHOLD_2_004,12231,18.88
CA_1,HOUSEHOLD_2_004,12232,18.88
CA_1,HOUSEHOLD_2_004,12233,18.88
CA_1,HOUSEHOLD_2_004,12234,18.88
CA_1,HOUSEHOLD_2_004,12235,18.88
CA_1,HOUSEHOLD_2_004,12236,18.88
CA_1,HOUSEHOLD_2_004,12237,18.88
CA_1,HOUSEHOLD_2_004,12238,18.88
CA_1,HOUSEHOLD_2_004,12239,18.88
CA_1,HOUSEHOLD_2_004,12240,18.88
CA_1,HOUSEHOLD_2_004,12241,18.88
CA_1,HOUSEHOLD_2_004,12242,18.88
CA_1,HOUSEHOLD_2_004,12243,18.88
CA_1,HOUSEHOLD_2_004,12244,18.88
CA_1,HOUSEHOLD_2_004,12245,18.88
CA_1,HOUSEHOLD_2_004,12246,18.88
CA_1,HOUSEHOLD_2_004,12247,18.88
CA_1,HOUSEHOLD_2_004,12248,16.05
CA_1,HOUSEHOLD_2_004,12249,16.05
CA_1,HOUSEHOLD_2_004,12250,18.88
CA_1,HOUSEHOLD_2_004,12251,18.88
CA_1,HOUSEHOLD_2_004,12252,18.88
CA_1,HOUSEHOLD_2_004,12301,18.88
CA_1,HOUSEHOLD_2_004,12302,18.88
CA_1,HOUSEHOLD_2_004,12303,18.88
CA_1,HOUSEHOLD_2_004,12304,18.88
CA_1,HOUSEHOLD_2_004,12305,18.88
CA_1,HOUSEHOLD_2_004,12306,18.88
CA_1,HOUSEHOLD_2_004,12307,18.88
CA_1,HOUSEHOLD_2_004,12308,18.88
CA_1,HOUSEHOLD_2_004,12309,18.88
CA_1,HOUSEHOLD_2_004,12310,18.88
CA_1,HOUSEHOLD_2_004,12311,18.88
CA_1,HOUSEHOLD_2_004,12312,16.05
CA_1,HOUSEHOLD_2_004,12313,16.05
CA_1,HOUSEHOLD_2_004,12314,18.88
CA_1,HOUSEHOLD_2_004,12315,16.05
CA_1,HOUSEHOLD_2_004,12316,18.88
CA_1,HOUSEHOLD_2_004,12317,18.88
CA_1,HOUSEHOLD_2_004,12318,16.05
CA_1,HOUSEHOLD_2_004,12319,18.88
CA_1,HOUSEHOLD_2_004,12320,18.88
CA_1,HOUSEHOLD_2_004,12321,18.88
CA_1,HOUSEHOLD_2_004,12322,18.88
CA_1,HOUSEHOLD_2_004,12323,18.88
CA_1,HOUSEHOLD_2_004,12324,16.05
CA_1,HOUSEHOLD_2_004,12325,18.88
CA_1,HOUSEHOLD_2_004,12326,18.88
CA_1,HOUSEHOLD_2_004,12327,18.88
CA_1,HOUSEHOLD_2_004,12328,18.88
CA_1,HOUSEHOLD_2_004,12329,18.88
CA_1,HOUSEHOLD_2_004,12330,18.88
CA_1,HOUSEHOLD_2_004,12331,18.88
CA_1,HOUSEHOLD_2_004,12332,18.88
CA_1,HOUSEHOLD_2_004,12333,18.88
CA_1,HOUSEHOLD_2_004,12334,18.88
CA_1,HOUSEHOLD_2_004,12335,18.88
CA_1,HOUSEHOLD_2_004,12336,18.88
CA_1,HOUSEHOLD_2_004,12337,18.88
CA_1,HOUSEHOLD_2_004,12338,18.88
CA_1,HOUSEHOLD_2_004,12339,18.88
CA_1,HOUSEHOLD_2_004,12340,18.88
CA_1,HOUSEHOLD_2_004,12341,18.88
CA_1,HOUSEHOLD_2_004,12342,18.88
CA_1,HOUSEHOLD_2_004,12343,18.88
CA_1,HOUSEHOLD_2_004,12344,18.88
CA_1,HOUSEHOLD_2_004,12345,16.05
CA_1,HOUSEHOLD_2_004,12346,18.88
CA_1,HOUSEHOLD_2_004,12347,18.88
CA_1,HOUSEHOLD_2_004,12348,18.88
CA_1,HOUSEHOLD_2_004,12349,18.88
CA_1,HOUSEHOLD_2_004,12350,18.88
CA_1,HOUSEHOLD_2_004,12351,18.88
CA_1,HOUSEHOLD_2_004,12352,16.05
CA_2,FOODS_1_001,12152,3.86
CA_2,FOODS_1_001,12201,3.86
CA_2,FOODS_1_001,12202,3.86
CA_2,FOODS_1_001,12203,3.86
CA_2,FOODS_1_001,12204,3.86
CA_2,FOODS_1_001,12205,3.28
CA_2,FOODS_1_001,12206,3.86
CA_2,FOODS_1_001,12207,3.86
CA_2,FOODS_1_001,12208,3.86
CA_2,FOODS_1_001,12209,3.86
CA_2,FOODS_1_001,12210,3.86
CA_2,FOODS_1_001,12211,3.86
CA_2,FOODS_1_001,12212,3.86
CA_2,FOODS_1_001,12213,3.86
CA_2,FOODS_1_001,12214,3.86
CA_2,FOODS_1_001,12215,3.86
CA_2,FOODS_1_001,12216,3.86
CA_2,FOODS_1_001,12217,3.86
CA_2,FOODS_1_001,12218,3.86
CA_2,FOODS_1_001,12219,3.86
CA_2,FOODS_1_001,12220,3.86
CA_2,FOODS_1_001,12221,3.86
CA_2,FOODS_1_001,12222,3.86
CA_2,FOODS_1_001,12223,3.86
CA_2,FOODS_1_001,12224,3.86
CA_2,FOODS_1_001,12225,3.86
CA_2,FOODS_1_001,12226,3.86
CA_2,FOODS_1_001,12227,3.86
CA_2,FOODS_1_001,12228,3.86
CA_2,FOODS_1_001,12229,3.86
CA_2,FOODS_1_001,12230,3.86
CA_2,FOODS_1_001,12231,3.86
CA_2,FOODS_1_001,12232,3.86
CA_2,FOODS_1_001,12233,3.86
CA_2,FOODS_1_001,12234,3.86
CA_2,FOODS_1_001,12235,3.28
CA_2,FOODS_1_001,12236,3.86
CA_2,FOODS_1_001,12237,3.28
CA_2,FOODS_1_001,12238,3.86
CA_2,FOODS_1_001,12239,3.86
CA_2,FOODS_1_001,12240,3.86
CA_2,FOODS_1_001,12241,3.86
CA_2,FOODS_1_001,12242,3.86
CA_2,FOODS_1_001,12243,3.86
CA_2,FOODS_1_001,12244,3.86
CA_2,FOODS_1_001,12245,3.86
CA_2,FOODS_1_001,12246,3.28
CA_2,FOODS_1_001,12247,3.86
CA_2,FOODS_1_001,12248,3.86
CA_2,FOODS_1_001,12249,3.86
CA_2,FOODS_1_001,12250,3.86
CA_2,FOODS_1_001,12251,3.86
CA_2,FOODS_1_001,12252,3.86
CA_2,FOODS_1_001,12301,3.86
CA_2,FOODS_1_001,12302,3.28
CA_2,FOODS_1_001,12303,3.86
CA_2,FOODS_1_001,12304,3.86
CA_2,FOODS_1_001,12305,3.86
CA_2,FOODS_1_001,12306,3.86
CA_2,FOODS_1_001,12307,3.86
CA_2,FOODS_1_001,12308,3.86
CA_2,FOODS_1_001,12309,3.86
CA_2,FOODS_1_001,12310,3.86
CA_2,FOODS_1_001,12311,3.86
CA_2,FOODS_1_001,12312,3.86
CA_2,FOODS_1_001,12313,3.86
CA_2,FOODS_1_001,12314,3.86
CA_2,FOODS_1_001,12315,3.28
CA_2,FOODS_1_001,12316,3.86
CA_2,FOODS_1_001,12317,3.28
CA_2,FOODS_1_001,12318,3.86
CA_2,FOODS_1_001,12319,3.86
CA_2,FOODS_1_001,12320,3.86
CA_2,FOODS_1_001,12321,3.86
CA_2,FOODS_1_001,12322,3.86
CA_2,FOODS_1_001,12323,3.86
CA_2,FOODS_1_001,12324,3.86
CA_2,FOODS_1_001,12325,3.86
CA_2,FOODS_1_001,12326,3.28
CA_2,FOODS_1_001,12327,3.86
CA_2,FOODS_1_001,12328,3.86
CA_2,FOODS_1_001,12329,3.86
CA_2,FOODS_1_001,12330,3.86
CA_2,FOODS_1_001,12331,3.86
CA_2,FOODS_1_001,12332,3.28
CA_2,FOODS_1_001,12333,3.86
CA_2,FOODS_1_001,12334,3.86
CA_2,FOODS_1_001,12335,3.86
CA_2,FOODS_1_001,12336,3.86
CA_2,FOODS_1_001,12337,3.86
CA_2,FOODS_1_001,12338,3.86
CA_2,FOODS_1_001,12339,3.86
CA_2,FOODS_1_001,12340,3.86
CA_2,FOODS_1_001,12341,3.28
CA_2,FOODS_1_001,12342,3.86
CA_2,FOODS_1_001,12343,3.86
CA_2,FOODS_1_001,12344,3.86
CA_2,FOODS_1_001,12345,3.86
CA_2,FOODS_1_001,12346,3.28
CA_2,FOODS_1_001,12347,3.86
CA_2,FOODS_1_001,12348,3.86
CA_2,FOODS_1_001,12349,3.86
CA_2,FOODS_1_001,12350,3.28
CA_2,FOODS_1_001,12351,3.86
CA_2,FOODS_1_001,12352,3.86
CA_2,FOODS_1_002,12152,4.78
CA_2,FOODS_1_002,12201,4.78
CA_2,FOODS_1_002,12202,4.78
CA_2,FOODS_1_002,12203,4.78
CA_2,FOODS_1_002,12204,4.78
CA_2,FOODS_1_002,12205,4.78
CA_2,FOODS_1_002,12206,4.78
CA_2,FOODS_1_002,12207,4.78
CA_2,FOODS_1_002,12208,4.78
CA_2,FOODS_1_002,12209,4.78
CA_2,FOODS_1_002,12210,4.78
CA_2,FOODS_1_002,12211,4.78
CA_2,FOODS_1_002,12212,4.06
CA_2,FOODS_1_002,12213,4.06
CA_2,FOODS_1_002,12214,4.78
CA_2,FOODS_1_002,12215,4.78
CA_2,FOODS_1_002,12216,4.06
CA_2,FOODS_1_002,12217,4.78
CA_2,FOODS_1_002,12218,4.78
CA_2,FOODS_1_002,12219,4.78
CA_2,FOODS_1_002,12220,4.78
CA_2,FOODS_1_002,12221,4.06
CA_2,FOODS_1_002,12222,4.78
CA_2,FOODS_1_002,12223,4.78
CA_2,FOODS_1_002,12224,4.78
CA_2,FOODS_1_002,12225,4.78
CA_2,FOODS_1_002,12226,4.78
CA_2,FOODS_1_002,12227,4.78
CA_2,FOODS_1_002,12228,4.78
CA_2,FOODS_1_002,12229,4.78
CA_2,FOODS_1_002,12230,4.78
CA_2,FOODS_1_002,12231,4.78
CA_2,FOODS_1_002,12232,4.06
CA_2,FOODS_1_002,12233,4.78
CA_2,FOODS_1_002,12234,4.78
CA_2,FOODS_1_002,12235,4.78
CA_2,FOODS_1_002,12236,4.78
CA_2,FOODS_1_002,12237,4.78
CA_2,FOODS_1_002,12238,4.78
CA_2,FOODS_1_002,12239,4.78
CA_2,FOODS_1_002,12240,4.78
CA_2,FOODS_1_002,12241,4.78
CA_2,FOODS_1_002,12242,4.06
CA_2,FOODS_1_002,12243,4.78
CA_2,FOODS_1_002,12244,4.78
CA_2,FOODS_1_002,12245,4.78
CA_2,FOODS_1_002,12246,4.78
CA_2,FOODS_1_002,12247,4.78
CA_2,FOODS_1_002,12248,4.78
CA_2,FOODS_1_002,12249,4.78
CA_2,FOODS_1_002,12250,4.78
CA_2,FOODS_1_002,12251,4.78
CA_2,FOODS_1_002,12252,4.06
CA_2,FOODS_1_002,12301,4.06
CA_2,FOODS_1_002,12302,4.78
CA_2,FOODS_1_002,12303,4.06
CA_2,FOODS_1_002,12304,4.78
CA_2,FOODS_1_002,12305,4.78
CA_2,FOODS_1_002,12306,4.78
CA_2,FOODS_1_002,12307,4.78
CA_2,FOODS_1_002,12308,4.78
CA_2,FOODS_1_002,12309,4.78
CA_2,FOODS_1_002,12310,4.06
CA_2,FOODS_1_002,12311,4.78
CA_2,FOODS_1_002,12312,4.78
CA_2,FOODS_1_002,12313,4.78
CA_2,FOODS_1_002,12314,4.78
CA_2,FOODS_1_002,12315,4.78
CA_2,FOODS_1_002,12316,4.06
CA_2,FOODS_1_002,12317,4.78
CA_2,FOODS_1_002,12318,4.78
CA_2,FOODS_1_002,12319,4.78
CA_2,FOODS_1_002,12320,4.06
CA_2,FOODS_1_002,12321,4.78
CA_2,FOODS_1_002,12322,4.78
CA_2,FOODS_1_002,12323,4.78
CA_2,FOODS_1_002,12324,4.78
CA_2,FOODS_1_002,12325,4.06
CA_2,FOODS_1_002,12326,4.78
CA_2,FOODS_1_002,12327,4.78
CA_2,FOODS_1_002,12328,4.78
CA_2,FOODS_1_002,12329,4.78
CA_2,FOODS_1_002,12330,4.06
CA_2,FOODS_1_002,12331,4.78
CA_2,FOODS_1_002,12332,4.78
CA_2,FOODS_1_002,12333,4.78
CA_2,FOODS_1_002,12334,4.78
CA_2,FOODS_1_002,12335,4.78
CA_2,FOODS_1_002,12336,4.78
CA_2,FOODS_1_002,12337,4.78
CA_2,FOODS_1_002,12338,4.78
CA_2,FOODS_1_002,12339,4.78
CA_2,FOODS_1_002,12340,4.78
CA_2,FOODS_1_002,12341,4.78
CA_2,FOODS_1_002,12342,4.06
CA_2,FOODS_1_002,12343,4.78
CA_2,FOODS_1_002,12344,4.78
CA_2,FOODS_1_002,12345,4.78
CA_2,FOODS_1_002,12346,4.78
CA_2,FOODS_1_002,12347,4.78
CA_2,FOODS_1_002,12348,4.78
CA_2,FOODS_1_002,12349,4.78
CA_2,FOODS_1_002,12350,4.78
CA_2,FOODS_1_002,12351,4.78
CA_2,FOODS_1_002,12352,4.78
CA_2,FOODS_1_003,12152,5.69
CA_2,FOODS_1_003,12201,5.69
CA_2,FOODS_1_003,12202,5.69
CA_2,FOODS_1_003,12203,5.69
CA_2,FOODS_1_003,12204,5.69
CA_2,FOODS_1_003,12205,5.69
CA_2,FOODS_1_003,12206,5.69
CA_2,FOODS_1_003,12207,4.84
CA_2,FOODS_1_003,12208,5.69
CA_2,FOODS_1_003,12209,5.69
CA_2,FOODS_1_003,12210,5.69
CA_2,FOODS_1_003,12211,4.84
CA_2,FOODS_1_003,12212,5.69
CA_2,FOODS_1_003,12213,5.69
CA_2,FOODS_1_003,12214,4.84
CA_2,FOODS_1_003,12215,5.69
CA_2,FOODS_1_003,12216,5.69
CA_2,FOODS_1_003,12217,4.84
CA_2,FOODS_1_003,12218,5.69
CA_2,FOODS_1_003,12219,5.69
CA_2,FOODS_1_003,12220,5.69
CA_2,FOODS_1_003,12221,5.69
CA_2,FOODS_1_003,12222,5.69
CA_2,FOODS_1_003,12223,5.69
CA_2,FOODS_1_003,12224,4.84
CA_2,FOODS_1_003,12225,5.69
CA_2,FOODS_1_003,12226,5.69
CA_2,FOODS_1_003,12227,5.69
CA_2,FOODS_1_003,12228,5.69
CA_2,FOODS_1_003,12229,5.69
CA_2,FOODS_1_003,12230,4.84
CA_2,FOODS_1_003,12231,5.69
CA_2,FOODS_1_003,12232,5.69
CA_2,FOODS_1_003,12233,5.69
CA_2,FOODS_1_003,12234,5.69
CA_2,FOODS_1_003,12235,5.69
CA_2,FOODS_1_003,12236,5.69
CA_2,FOODS_1_003,12237,5.69
CA_2,FOODS_1_003,12238,5.69
CA_2,FOODS_1_003,12239,5.69
CA_2,FOODS_1_003,12240,5.69
CA_2,FOODS_1_003,12241,5.69
CA_2,FOODS_1_003,12242,5.69
CA_2,FOODS_1_003,12243,5.69
CA_2,FOODS_1_003,12244,5.69
CA_2,FOODS_1_003,12245,5.69
CA_2,FOODS_1_003,12246,5.69
CA_2,FOODS_1_003,12247,5.69
CA_2,FOODS_1_003,12248,4.84
CA_2,FOODS_1_003,12249,5.69
CA_2,FOODS_1_003,12250,5.69
CA_2,FOODS_1_003,12251,5.69
CA_2,FOODS_1_003,12252,5.69
CA_2,FOODS_1_003,12301,5.69
CA_2,FOODS_1_003,12302,5.69
CA_2,FOODS_1_003,12303,5.69
CA_2,FOODS_1_003,12304,5.69
CA_2,FOODS_1_003,12305,5.69
CA_2,FOODS_1_003,12306,5.69
CA_2,FOODS_1_003,12307,5.69
CA_2,FOODS_1_003,12308,5.69
CA_2,FOODS_1_003,12309,5.69
CA_2,FOODS_1_003,12310,5.69
CA_2,FOODS_1_003,12311,5.69
CA_2,FOODS_1_003,12312,5.69
CA_2,FOODS_1_003,12313,4.84
CA_2,FOODS_1_003,12314,5.69
CA_2,FOODS_1_003,12315,4.84
CA_2,FOODS_1_003,12316,5.69
CA_2,FOODS_1_003,12317,5.69
CA_2,FOODS_1_003,12318,5.69
CA_2,FOODS_1_003,12319,5.69
CA_2,FOODS_1_003,12320,4.84
CA_2,FOODS_1_003,12321,4.84
CA_2,FOODS_1_003,12322,5.69
CA_2,FOODS_1_003,12323,5.69
CA_2,FOODS_1_003,12324,5.69
CA_2,FOODS_1_003,12325,5.69
CA_2,FOODS_1_003,12326,4.84
CA_2,FOODS_1_003,12327,5.69
CA_2,FOODS_1_003,12328,5.69
CA_2,FOODS_1_003,12329,5.69
CA_2,FOODS_1_003,12330,5.69
CA_2,FOODS_1_003,12331,4.84
CA_2,FOODS_1_003,12332,5.69
CA_2,FOODS_1_003,12333,5.69
CA_2,FOODS_1_003,12334,5.69
CA_2,FOODS_1_003,12335,5.69
CA_2,FOODS_1_003,12336,5.69
CA_2,FOODS_1_003,12337,5.69
CA_2,FOODS_1_003,12338,5.69
CA_2,FOODS_1_003,12339,5.69
CA_2,FOODS_1_003,12340,5.69
CA_2,FOODS_1_003,12341,5.69
CA_2,FOODS_1_003,12342,5.69
CA_2,FOODS_1_003,12343,5.69
CA_2,FOODS_1_003,12344,5.69
CA_2,FOODS_1_003,12345,5.69
CA_2,FOODS_1_003,12346,5.69
CA_2,FOODS_1_003,12347,5.69
CA_2,FOODS_1_003,12348,5.69
CA_2,FOODS_1_003,12349,4.84
CA_2,FOODS_1_003,12350,5.69
CA_2,FOODS_1_003,12351,4.84
CA_2,FOODS_1_003,12352,5.69
CA_2,FOODS_1_004,12152,5.62
CA_2,FOODS_1_004,12201,6.62
CA_2,FOODS_1_004,12202,6.62
CA_2,FOODS_1_004,12203,6.62
CA_2,FOODS_1_004,12204,6.62
CA_2,FOODS_1_004,12205,6.62
CA_2,FOODS_1_004,12206,6.62
CA_2,FOODS_1_004,12207,6.62
CA_2,FOODS_1_004,12208,5.62
CA_2,FOODS_1_004,12209,6.62
CA_2,FOODS_1_004,12210,5.62
CA_2,FOODS_1_004,12211,6.62
CA_2,FOODS_1_004,12212,6.62
CA_2,FOODS_1_004,12213,6.62
CA_2,FOODS_1_004,12214,6.62
CA_2,FOODS_1_004,12215,6.62
CA_2,FOODS_1_004,12216,5.62
CA_2,FOODS_1_004,12217,6.62
CA_2,FOODS_1_004,12218,6.62
CA_2,FOODS_1_004,12219,6.62
CA_2,FOODS_1_004,12220,6.62
CA_2,FOODS_1_004,12221,6.62
CA_2,FOODS_1_004,12222,6.62
CA_2,FOODS_1_004,12223,6.62
CA_2,FOODS_1_004,12224,6.62
CA_2,FOODS_1_004,12225,6.62
CA_2,FOODS_1_004,12226,6.62
CA_2,FOODS_1_004,12227,6.62
CA_2,FOODS_1_004,12228,6.62
CA_2,FOODS_1_004,12229,6.62
CA_2,FOODS_1_004,12230,5.62
CA_2,FOODS_1_004,12231,6.62
CA_2,FOODS_1_004,12232,6.62
CA_2,FOODS_1_004,12233,6.62
CA_2,FOODS_1_004,12234,6.62
CA_2,FOODS_1_004,12235,5.62
CA_2,FOODS_1_004,12236,6.62
CA_2,FOODS_1_004,12237,6.62
CA_2,FOODS_1_004,12238,6.62
CA_2,FOODS_1_004,12239,6.62
CA_2,FOODS_1_004,12240,5.62
CA_2,FOODS_1_004,12241,6.62
CA_2,FOODS_1_004,12242,5.62
CA_2,FOODS_1_004,12243,6.62
CA_2,FOODS_1_004,12244,6.62
CA_2,FOODS_1_004,12245,6.62
CA_2,FOODS_1_004,12246,6.62
CA_2,FOODS_1_004,12247,6.62
CA_2,FOODS_1_004,12248,6.62
CA_2,FOODS_1_004,12249,6.62
CA_2,FOODS_1_004,12250,6.62
CA_2,FOODS_1_004,12251,6.62
CA_2,FOODS_1_004,12252,5.62
CA_2,FOODS_1_004,12301,6.62
CA_2,FOODS_1_004,12302,6.62
CA_2,FOODS_1_004,12303,6.62
CA_2,FOODS_1_004,12304,6.62
CA_2,FOODS_1_004,12305,6.62
CA_2,FOODS_1_004,12306,5.62
CA_2,FOODS_1_004,12307,6.62
CA_2,FOODS_1_004,12308,6.62
CA_2,FOODS_1_004,12309,6.62
CA_2,FOODS_1_004,12310,5.62
CA_2,FOODS_1_004,12311,6.62
CA_2,FOODS_1_004,12312,6.62
CA_2,FOODS_1_004,12313,6.62
CA_2,FOODS_1_004,12314,5.62
CA_2,FOODS_1_004,12315,6.62
CA_2,FOODS_1_004,12316,6.62
CA_2,FOODS_1_004,12317,6.62
CA_2,FOODS_1_004,12318,6.62
CA_2,FOODS_1_004,12319,6.62
CA_2,FOODS_1_004,12320,6.62
CA_2,FOODS_1_004,12321,5.62
CA_2,FOODS_1_004,12322,6.62
CA_2,FOODS_1_004,12323,6.62
CA_2,FOODS_1_004,12324,6.62
CA_2,FOODS_1_004,12325,6.62
CA_2,FOODS_1_004,12326,6.62
CA_2,FOODS_1_004,12327,6.62
CA_2,FOODS_1_004,12328,6.62
CA_2,FOODS_1_004,12329,6.62
CA_2,FOODS_1_004,12330,6.62
CA_2,FOODS_1_004,12331,6.62
CA_2,FOODS_1_004,12332,6.62
CA_2,FOODS_1_004,12333,6.62
CA_2,FOODS_1_004,12334,6.62
CA_2,FOODS_1_004,12335,6.62
CA_2,FOODS_1_004,12336,6.62
CA_2,FOODS_1_004,12337,6.62
CA_2,FOODS_1_004,12338,6.62
CA_2,FOODS_1_004,12339,6.62
CA_2,FOODS_1_004,12340,6.62
CA_2,FOODS_1_004,12341,6.62
CA_2,FOODS_1_004,12342,6.62
CA_2,FOODS_1_004,12343,6.62
CA_2,FOODS_1_004,12344,6.62
CA_2,FOODS_1_004,12345,6.62
CA_2,FOODS_1_004,12346,6.62
CA_2,FOODS_1_004,12347,6.62
CA_2,FOODS_1_004,12348,5.62
CA_2,FOODS_1_004,12349,6.62
CA_2,FOODS_1_004,12350,6.62
CA_2,FOODS_1_004,12351,6.62
CA_2,FOODS_1_004,12352,6.62
CA_2,FOODS_2_001,12152,3.86
CA_2,FOODS_2_001,12201,3.86
CA_2,FOODS_2_001,12202,3.86
CA_2,FOODS_2_001,12203,3.86
CA_2,FOODS_2_001,12204,3.86
CA_2,FOODS_2_001,12205,3.86
CA_2,FOODS_2_001,12206,3.86
CA_2,FOODS_2_001,12207,3.86
CA_2,FOODS_2_001,12208,3.86
CA_2,FOODS_2_001,12209,3.86
CA_2,FOODS_2_001,12210,3.86
CA_2,FOODS_2_001,12211,3.86
CA_2,FOODS_2_001,12212,3.86
CA_2,FOODS_2_001,12213,3.86
CA_2,FOODS_2_001,12214,3.86
CA_2,FOODS_2_001,12215,3.86
CA_2,FOODS_2_001,12216,3.86
CA_2,FOODS_2_001,12217,3.86
CA_2,FOODS_2_001,12218,3.28
CA_2,FOODS_2_001,12219,3.86
CA_2,FOODS_2_001,12220,3.86
CA_2,FOODS_2_001,12221,3.86
CA_2,FOODS_2_001,12222,3.28
CA_2,FOODS_2_001,12223,3.86
CA_2,FOODS_2_001,12224,3.28
CA_2,FOODS_2_001,12225,3.86
CA_2,FOODS_2_001,12226,3.86
CA_2,FOODS_2_001,12227,3.86
CA_2,FOODS_2_001,12228,3.28
CA_2,FOODS_2_001,12229,3.86
CA_2,FOODS_2_001,12230,3.86
CA_2,FOODS_2_001,12231,3.86
CA_2,FOODS_2_001,12232,3.86
CA_2,FOODS_2_001,12233,3.86
CA_2,FOODS_2_001,12234,3.86
CA_2,FOODS_2_001,12235,3.86
CA_2,FOODS_2_001,12236,3.86
CA_2,FOODS_2_001,12237,3.86
CA_2,FOODS_2_001,12238,3.86
CA_2,FOODS_2_001,12239,3.86
CA_2,FOODS_2_001,12240,3.28
CA_2,FOODS_2_001,12241,3.28
CA_2,FOODS_2_001,12242,3.86
CA_2,FOODS_2_001,12243,3.86
CA_2,FOODS_2_001,12244,3.86
CA_2,FOODS_2_001,12245,3.86
CA_2,FOODS_2_001,12246,3.86
CA_2,FOODS_2_001,12247,3.86
CA_2,FOODS_2_001,12248,3.86
CA_2,FOODS_2_001,12249,3.28
CA_2,FOODS_2_001,12250,3.86
CA_2,FOODS_2_001,12251,3.28
CA_2,FOODS_2_001,12252,3.28
CA_2,FOODS_2_001,12301,3.86
CA_2,FOODS_2_001,12302,3.86
CA_2,FOODS_2_001,12303,3.86
CA_2,FOODS_2_001,12304,3.86
CA_2,FOODS_2_001,12305,3.86
CA_2,FOODS_2_001,12306,3.86
CA_2,FOODS_2_001,12307,3.28
CA_2,FOODS_2_001,12308,3.86
CA_2,FOODS_2_001,12309,3.86
CA_2,FOODS_2_001,12310,3.86
CA_2,FOODS_2_001,12311,3.28
CA_2,FOODS_2_001,12312,3.86
CA_2,FOODS_2_001,12313,3.86
CA_2,FOODS_2_001,12314,3.86
CA_2,FOODS_2_001,12315,3.86
CA_2,FOODS_2_001,12316,3.86
CA_2,FOODS_2_001,12317,3.86
CA_2,FOODS_2_001,12318,3.86
CA_2,FOODS_2_001,12319,3.86
CA_2,FOODS_2_001,12320,3.86
CA_2,FOODS_2_001,12321,3.86
CA_2,FOODS_2_001,12322,3.86
CA_2,FOODS_2_001,12323,3.86
CA_2,FOODS_2_001,12324,3.86
CA_2,FOODS_2_001,12325,3.86
CA_2,FOODS_2_001,12326,3.86
CA_2,FOODS_2_001,12327,3.86
CA_2,FOODS_2_001,12328,3.86
CA_2,FOODS_2_001,12329,3.86
CA_2,FOODS_2_001,12330,3.86
CA_2,FOODS_2_001,12331,3.86
CA_2,FOODS_2_001,12332,3.86
CA_2,FOODS_2_001,12333,3.86
CA_2,FOODS_2_001,12334,3.86
CA_2,FOODS_2_001,12335,3.86
CA_2,FOODS_2_001,12336,3.86
CA_2,FOODS_2_001,12337,3.28
CA_2,FOODS_2_001,12338,3.86
CA_2,FOODS_2_001,12339,3.86
CA_2,FOODS_2_001,12340,3.86
CA_2,FOODS_2_001,12341,3.86
CA_2,FOODS_2_001,12342,3.86
CA_2,FOODS_2_001,12343,3.86
CA_2,FOODS_2_001,12344,3.86
CA_2,FOODS_2_001,12345,3.86
CA_2,FOODS_2_001,12346,3.86
CA_2,FOODS_2_001,12347,3.86
CA_2,FOODS_2_001,12348,3.86
CA_2,FOODS_2_001,12349,3.86
CA_2,FOODS_2_001,12350,3.86
CA_2,FOODS_2_001,12351,3.86
CA_2,FOODS_2_001,12352,3.86
CA_2,FOODS_2_002,12152,4.78
CA_2,FOODS_2_002,12201,4.78
CA_2,FOODS_2_002,12202,4.78
CA_2,FOODS_2_002,12203,4.78
CA_2,FOODS_2_002,12204,4.78
CA_2,FOODS_2_002,12205,4.06
CA_2,FOODS_2_002,12206,4.78
CA_2,FOODS_2_002,12207,4.78
CA_2,FOODS_2_002,12208,4.78
CA_2,FOODS_2_002,12209,4.78
CA_2,FOODS_2_002,12210,4.78
CA_2,FOODS_2_002,12211,4.78
CA_2,FOODS_2_002,12212,4.78
CA_2,FOODS_2_002,12213,4.78
CA_2,FOODS_2_002,12214,4.78
CA_2,FOODS_2_002,12215,4.78
CA_2,FOODS_2_002,12216,4.78
CA_2,FOODS_2_002,12217,4.78
CA_2,FOODS_2_002,12218,4.78
CA_2,FOODS_2_002,12219,4.78
CA_2,FOODS_2_002,12220,4.78
CA_2,FOODS_2_002,12221,4.78
CA_2,FOODS_2_002,12222,4.06
CA_2,FOODS_2_002,12223,4.06
CA_2,FOODS_2_002,12224,4.78
CA_2,FOODS_2_002,12225,4.06
CA_2,FOODS_2_002,12226,4.78
CA_2,FOODS_2_002,12227,4.78
CA_2,FOODS_2_002,12228,4.78
CA_2,FOODS_2_002,12229,4.78
CA_2,FOODS_2_002,12230,4.78
CA_2,FOODS_2_002,12231,4.78
CA_2,FOODS_2_002,12232,4.78
CA_2,FOODS_2_002,12233,4.78
CA_2,FOODS_2_002,12234,4.78
CA_2,FOODS_2_002,12235,4.78
CA_2,FOODS_2_002,12236,4.78
CA_2,FOODS_2_002,12237,4.78
CA_2,FOODS_2_002,12238,4.06
CA_2,FOODS_2_002,12239,4.78
CA_2,FOODS_2_002,12240,4.78
CA_2,FOODS_2_002,12241,4.78
CA_2,FOODS_2_002,12242,4.78
CA_2,FOODS_2_002,12243,4.78
CA_2,FOODS_2_002,12244,4.06
CA_2,FOODS_2_002,12245,4.78
CA_2,FOODS_2_002,12246,4.06
CA_2,FOODS_2_002,12247,4.78
CA_2,FOODS_2_002,12248,4.78
CA_2,FOODS_2_002,12249,4.78
CA_2,FOODS_2_002,12250,4.78
CA_2,FOODS_2_002,12251,4.06
CA_2,FOODS_2_002,12252,4.78
CA_2,FOODS_2_002,12301,4.06
CA_2,FOODS_2_002,12302,4.78
CA_2,FOODS_2_002,12303,4.78
CA_2,FOODS_2_002,12304,4.78
CA_2,FOODS_2_002,12305,4.78
CA_2,FOODS_2_002,12306,4.06
CA_2,FOODS_2_002,12307,4.78
CA_2,FOODS_2_002,12308,4.06
CA_2,FOODS_2_002,12309,4.78
CA_2,FOODS_2_002,12310,4.78
CA_2,FOODS_2_002,12311,4.78
CA_2,FOODS_2_002,12312,4.78
CA_2,FOODS_2_002,12313,4.78
CA_2,FOODS_2_002,12314,4.78
CA_2,FOODS_2_002,12315,4.78
CA_2,FOODS_2_002,12316,4.78
CA_2,FOODS_2_002,12317,4.78
CA_2,FOODS_2_002,12318,4.06
CA_2,FOODS_2_002,12319,4.78
CA_2,FOODS_2_002,12320,4.78
CA_2,FOODS_2_002,12321,4.78
CA_2,FOODS_2_002,12322,4.06
CA_2,FOODS_2_002,12323,4.78
CA_2,FOODS_2_002,12324,4.78
CA_2,FOODS_2_002,12325,4.06
CA_2,FOODS_2_002,12326,4.78
CA_2,FOODS_2_002,12327,4.78
CA_2,FOODS_2_002,12328,4.78
CA_2,FOODS_2_002,12329,4.06
CA_2,FOODS_2_002,12330,4.78
CA_2,FOODS_2_002,12331,4.78
CA_2,FOODS_2_002,12332,4.78
CA_2,FOODS_2_002,12333,4.78
CA_2,FOODS_2_002,12334,4.06
CA_2,FOODS_2_002,12335,4.78
CA_2,FOODS_2_002,12336,4.78
CA_2,FOODS_2_002,12337,4.06
CA_2,FOODS_2_002,12338,4.78
CA_2,FOODS_2_002,12339,4.78
CA_2,FOODS_2_002,12340,4.78
CA_2,FOODS_2_002,12341,4.06
CA_2,FOODS_2_002,12342,4.78
CA_2,FOODS_2_002,12343,4.78
CA_2,FOODS_2_002,12344,4.78
CA_2,FOODS_2_002,12345,4.06
CA_2,FOODS_2_002,12346,4.78
CA_2,FOODS_2_002,12347,4.78
CA_2,FOODS_2_002,12348,4.78
CA_2,FOODS_2_002,12349,4.78
CA_2,FOODS_2_002,12350,4.78
CA_2,FOODS_2_002,12351,4.78
CA_2,FOODS_2_002,12352,4.78
CA_2,FOODS_2_003,12152,5.69
CA_2,FOODS_2_003,12201,5.69
CA_2,FOODS_2_003,12202,5.69
CA_2,FOODS_2_003,12203,5.69
CA_2,FOODS_2_003,12204,5.69
CA_2,FOODS_2_003,12205,5.69
CA_2,FOODS_2_003,12206,5.69
CA_2,FOODS_2_003,12207,5.69
CA_2,FOODS_2_003,12208,5.69
CA_2,FOODS_2_003,12209,5.69
CA_2,FOODS_2_003,12210,5.69
CA_2,FOODS_2_003,12211,5.69
CA_2,FOODS_2_003,12212,5.69
CA_2,FOODS_2_003,12213,5.69
CA_2,FOODS_2_003,12214,5.69
CA_2,FOODS_2_003,12215,5.69
CA_2,FOODS_2_003,12216,5.69
CA_2,FOODS_2_003,12217,5.69
CA_2,FOODS_2_003,12218,4.84
CA_2,FOODS_2_003,12219,5.69
CA_2,FOODS_2_003,12220,5.69
CA_2,FOODS_2_003,12221,5.69
CA_2,FOODS_2_003,12222,5.69
CA_2,FOODS_2_003,12223,5.69
CA_2,FOODS_2_003,12224,5.69
CA_2,FOODS_2_003,12225,5.69
CA_2,FOODS_2_003,12226,5.69
CA_2,FOODS_2_003,12227,5.69
CA_2,FOODS_2_003,12228,5.69
CA_2,FOODS_2_003,12229,5.69
CA_2,FOODS_2_003,12230,4.84
CA_2,FOODS_2_003,12231,5.69
CA_2,FOODS_2_003,12232,5.69
CA_2,FOODS_2_003,12233,5.69
CA_2,FOODS_2_003,12234,5.69
CA_2,FOODS_2_003,12235,5.69
CA_2,FOODS_2_003,12236,5.69
CA_2,FOODS_2_003,12237,5.69
CA_2,FOODS_2_003,12238,5.69
CA_2,FOODS_2_003,12239,5.69
CA_2,FOODS_2_003,12240,5.69
CA_2,FOODS_2_003,12241,4.84
CA_2,FOODS_2_003,12242,5.69
CA_2,FOODS_2_003,12243,5.69
CA_2,FOODS_2_003,12244,5.69
CA_2,FOODS_2_003,12245,4.84
CA_2,FOODS_2_003,12246,5.69
CA_2,FOODS_2_003,12247,5.69
CA_2,FOODS_2_003,12248,5.69
CA_2,FOODS_2_003,12249,5.69
CA_2,FOODS_2_003,12250,5.69
CA_2,FOODS_2_003,12251,5.69
CA_2,FOODS_2_003,12252,5.69
CA_2,FOODS_2_003,12301,5.69
CA_2,FOODS_2_003,12302,5.69
CA_2,FOODS_2_003,12303,5.69
CA_2,FOODS_2_003,12304,4.84
CA_2,FOODS_2_003,12305,5.69
CA_2,FOODS_2_003,12306,5.69
CA_2,FOODS_2_003,12307,5.69
CA_2,FOODS_2_003,12308,5.69
CA_2,FOODS_2_003,12309,5.69
CA_2,FOODS_2_003,12310,5.69
CA_2,FOODS_2_003,12311,5.69
CA_2,FOODS_2_003,12312,4.84
CA_2,FOODS_2_003,12313,5.69
CA_2,FOODS_2_003,12314,5.69
CA_2,FOODS_2_003,12315,4.84
CA_2,FOODS_2_003,12316,5.69
CA_2,FOODS_2_003,12317,5.69
CA_2,FOODS_2_003,12318,5.69
CA_2,FOODS_2_003,12319,5.69
CA_2,FOODS_2_003,12320,5.69
CA_2,FOODS_2_003,12321,5.69
CA_2,FOODS_2_003,12322,5.69
CA_2,FOODS_2_003,12323,5.69
CA_2,FOODS_2_003,12324,5.69
CA_2,FOODS_2_003,12325,5.69
CA_2,FOODS_2_003,12326,5.69
CA_2,FOODS_2_003,12327,5.69
CA_2,FOODS_2_003,12328,5.69
CA_2,FOODS_2_003,12329,5.69
CA_2,FOODS_2_003,12330,5.69
CA_2,FOODS_2_003,12331,5.69
CA_2,FOODS_2_003,12332,4.84
CA_2,FOODS_2_003,12333,5.69
CA_2,FOODS_2_003,12334,5.69
CA_2,FOODS_2_003,12335,5.69
CA_2,FOODS_2_003,12336,5.69
CA_2,FOODS_2_003,12337,5.69
CA_2,FOODS_2_003,12338,5.69
CA_2,FOODS_2_003,12339,5.69
CA_2,FOODS_2_003,12340,4.84
CA_2,FOODS_2_003,12341,4.84
CA_2,FOODS_2_003,12342,5.69
CA_2,FOODS_2_003,12343,5.69
CA_2,FOODS_2_003,12344,5.69
CA_2,FOODS_2_003,12345,5.69
CA_2,FOODS_2_003,12346,4.84
CA_2,FOODS_2_003,12347,5.69
CA_2,FOODS_2_003,12348,5.69
CA_2,FOODS_2_003,12349,4.84
CA_2,FOODS_2_003,12350,5.69
CA_2,FOODS_2_003,12351,4.84
CA_2,FOODS_2_003,12352,5.69
CA_2,FOODS_2_004,12152,6.62
CA_2,FOODS_2_004,12201,6.62
CA_2,FOODS_2_004,12202,6.62
CA_2,FOODS_2_004,12203,6.62
CA_2,FOODS_2_004,12204,6.62
CA_2,FOODS_2_004,12205,6.62
CA_2,FOODS_2_004,12206,5.62
CA_2,FOODS_2_004,12207,6.62
CA_2,FOODS_2_004,12208,6.62
CA_2,FOODS_2_004,12209,6.62
CA_2,FOODS_2_004,12210,6.62
CA_2,FOODS_2_004,12211,6.62
CA_2,FOODS_2_004,12212,6.62
CA_2,FOODS_2_004,12213,5.62
CA_2,FOODS_2_004,12214,5.62
CA_2,FOODS_2_004,12215,6.62
CA_2,FOODS_2_004,12216,6.62
CA_2,FOODS_2_004,12217,6.62
CA_2,FOODS_2_004,12218,6.62
CA_2,FOODS_2_004,12219,6.62
CA_2,FOODS_2_004,12220,5.62
CA_2,FOODS_2_004,12221,6.62
CA_2,FOODS_2_004,12222,6.62
CA_2,FOODS_2_004,12223,6.62
CA_2,FOODS_2_004,12224,6.62
CA_2,FOODS_2_004,12225,6.62
CA_2,FOODS_2_004,12226,6.62
CA_2,FOODS_2_004,12227,6.62
CA_2,FOODS_2_004,12228,6.62
CA_2,FOODS_2_004,12229,6.62
CA_2,FOODS_2_004,12230,6.62
CA_2,FOODS_2_004,12231,6.62
CA_2,FOODS_2_004,12232,6.62
CA_2,FOODS_2_004,12233,6.62
CA_2,FOODS_2_004,12234,6.62
CA_2,FOODS_2_004,12235,5.62
CA_2,FOODS_2_004,12236,6.62
CA_2,FOODS_2_004,12237,6.62
CA_2,FOODS_2_004,12238,6.62
CA_2,FOODS_2_004,12239,6.62
CA_2,FOODS_2_004,12240,6.62
CA_2,FOODS_2_004,12241,6.62
CA_2,FOODS_2_004,12242,5.62
CA_2,FOODS_2_004,12243,6.62
CA_2,FOODS_2_004,12244,6.62
CA_2,FOODS_2_004,12245,6.62
CA_2,FOODS_2_004,12246,6.62
CA_2,FOODS_2_004,12247,6.62
CA_2,FOODS_2_004,12248,6.62
CA_2,FOODS_2_004,12249,6.62
CA_2,FOODS_2_004,12250,6.62
CA_2,FOODS_2_004,12251,5.62
CA_2,FOODS_2_004,12252,5.62
CA_2,FOODS_2_004,12301,6.62
CA_2,FOODS_2_004,12302,6.62
CA_2,FOODS_2_004,12303,6.62
CA_2,FOODS_2_004,12304,6.62
CA_2,FOODS_2_004,12305,6.62
CA_2,FOODS_2_004,12306,6.62
CA_2,FOODS_2_004,12307,6.62
CA_2,FOODS_2_004,12308,6.62
CA_2,FOODS_2_004,12309,6.62
CA_2,FOODS_2_004,12310,6.62
CA_2,FOODS_2_004,12311,6.62
CA_2,FOODS_2_004,12312,6.62
CA_2,FOODS_2_004,12313,6.62
CA_2,FOODS_2_004,12314,6.62
CA_2,FOODS_2_004,12315,6.62
CA_2,FOODS_2_004,12316,5.62
CA_2,FOODS_2_004,12317,5.62
CA_2,FOODS_2_004,12318,6.62
CA_2,FOODS_2_004,12319,6.62
CA_2,FOODS_2_004,12320,6.62
CA_2,FOODS_2_004,12321,6.62
CA_2,FOODS_2_004,12322,6.62
CA_2,FOODS_2_004,12323,6.62
CA_2,FOODS_2_004,12324,6.62
CA_2,FOODS_2_004,12325,6.62
CA_2,FOODS_2_004,12326,6.62
CA_2,FOODS_2_004,12327,6.62
CA_2,FOODS_2_004,12328,6.62
CA_2,FOODS_2_004,12329,6.62
CA_2,FOODS_2_004,12330,6.62
CA_2,FOODS_2_004,12331,6.62
CA_2,FOODS_2_004,12332,6.62
CA_2,FOODS_2_004,12333,5.62
CA_2,FOODS_2_004,12334,6.62
CA_2,FOODS_2_004,12335,6.62
CA_2,FOODS_2_004,12336,6.62
CA_2,FOODS_2_004,12337,6.62
CA_2,FOODS_2_004,12338,6.62
CA_2,FOODS_2_004,12339,6.62
CA_2,FOODS_2_004,12340,6.62
CA_2,FOODS_2_004,12341,6.62
CA_2,FOODS_2_004,12342,5.62
CA_2,FOODS_2_004,12343,6.62
CA_2,FOODS_2_004,12344,6.62
CA_2,FOODS_2_004,12345,6.62
CA_2,FOODS_2_004,12346,6.62
CA_2,FOODS_2_004,12347,6.62
CA_2,FOODS_2_004,12348,6.62
CA_2,FOODS_2_004,12349,6.62
CA_2,FOODS_2_004,12350,6.62
CA_2,FOODS_2_004,12351,6.62
CA_2,FOODS_2_004,12352,6.62
CA_2,FOODS_3_001,12152,3.86
CA_2,FOODS_3_001,12201,3.86
CA_2,FOODS_3_001,12202,3.28
CA_2,FOODS_3_001,12203,3.86
CA_2,FOODS_3_001,12204,3.86
CA_2,FOODS_3_001,12205,3.28
CA_2,FOODS_3_001,12206,3.86
CA_2,FOODS_3_001,12207,3.86
CA_2,FOODS_3_001,12208,3.28
CA_2,FOODS_3_001,12209,3.86
CA_2,FOODS_3_001,12210,3.86
CA_2,FOODS_3_001,12211,3.28
CA_2,FOODS_3_001,12212,3.86
CA_2,FOODS_3_001,12213,3.86
CA_2,FOODS_3_001,12214,3.28
CA_2,FOODS_3_001,12215,3.86
CA_2,FOODS_3_001,12216,3.86
CA_2,FOODS_3_001,12217,3.28
CA_2,FOODS_3_001,12218,3.86
CA_2,FOODS_3_001,12219,3.86
CA_2,FOODS_3_001,12220,3.86
CA_2,FOODS_3_001,12221,3.86
CA_2,FOODS_3_001,12222,3.86
CA_2,FOODS_3_001,12223,3.86
CA_2,FOODS_3_001,12224,3.86
CA_2,FOODS_3_001,12225,3.86
CA_2,FOODS_3_001,12226,3.86
CA_2,FOODS_3_001,12227,3.86
CA_2,FOODS_3_001,12228,3.28
CA_2,FOODS_3_001,12229,3.28
CA_2,FOODS_3_001,12230,3.86
CA_2,FOODS_3_001,12231,3.86
CA_2,FOODS_3_001,12232,3.86
CA_2,FOODS_3_001,12233,3.86
CA_2,FOODS_3_001,12234,3.86
CA_2,FOODS_3_001,12235,3.86
CA_2,FOODS_3_001,12236,3.86
CA_2,FOODS_3_001,12237,3.86
CA_2,FOODS_3_001,12238,3.86
CA_2,FOODS_3_001,12239,3.86
CA_2,FOODS_3_001,12240,3.86
CA_2,FOODS_3_001,12241,3.86
CA_2,FOODS_3_001,12242,3.86
CA_2,FOODS_3_001,12243,3.86
CA_2,FOODS_3_001,12244,3.86
CA_2,FOODS_3_001,12245,3.28
CA_2,FOODS_3_001,12246,3.86
CA_2,FOODS_3_001,12247,3.86
CA_2,FOODS_3_001,12248,3.86
CA_2,FOODS_3_001,12249,3.86
CA_2,FOODS_3_001,12250,3.86
CA_2,FOODS_3_001,12251,3.86
CA_2,FOODS_3_001,12252,3.86
CA_2,FOODS_3_001,12301,3.86
CA_2,FOODS_3_001,12302,3.86
CA_2,FOODS_3_001,12303,3.86
CA_2,FOODS_3_001,12304,3.86
CA_2,FOODS_3_001,12305,3.28
CA_2,FOODS_3_001,12306,3.86
CA_2,FOODS_3_001,12307,3.86
CA_2,FOODS_3_001,12308,3.86
CA_2,FOODS_3_001,12309,3.28
CA_2,FOODS_3_001,12310,3.86
CA_2,FOODS_3_001,12311,3.86
CA_2,FOODS_3_001,12312,3.86
CA_2,FOODS_3_001,12313,3.86
CA_2,FOODS_3_001,12314,3.86
CA_2,FOODS_3_001,12315,3.86
CA_2,FOODS_3_001,12316,3.86
CA_2,FOODS_3_001,12317,3.28
CA_2,FOODS_3_001,12318,3.86
CA_2,FOODS_3_001,12319,3.28
CA_2,FOODS_3_001,12320,3.86
CA_2,FOODS_3_001,12321,3.86
CA_2,FOODS_3_001,12322,3.86
CA_2,FOODS_3_001,12323,3.28
CA_2,FOODS_3_001,12324,3.86
CA_2,FOODS_3_001,12325,3.86
CA_2,FOODS_3_001,12326,3.86
CA_2,FOODS_3_001,12327,3.86
CA_2,FOODS_3_001,12328,3.86
CA_2,FOODS_3_001,12329,3.86
CA_2,FOODS_3_001,12330,3.86
CA_2,FOODS_3_001,12331,3.86
CA_2,FOODS_3_001,12332,3.28
CA_2,FOODS_3_001,12333,3.86
CA_2,FOODS_3_001,12334,3.86
CA_2,FOODS_3_001,12335,3.86
CA_2,FOODS_3_001,12336,3.86
CA_2,FOODS_3_001,12337,3.28
CA_2,FOODS_3_001,12338,3.86
CA_2,FOODS_3_001,12339,3.86
CA_2,FOODS_3_001,12340,3.86
CA_2,FOODS_3_001,12341,3.86
CA_2,FOODS_3_001,12342,3.28
CA_2,FOODS_3_001,12343,3.86
CA_2,FOODS_3_001,12344,3.86
CA_2,FOODS_3_001,12345,3.86
CA_2,FOODS_3_001,12346,3.86
CA_2,FOODS_3_001,12347,3.86
CA_2,FOODS_3_001,12348,3.86
CA_2,FOODS_3_001,12349,3.86
CA_2,FOODS_3_001,12350,3.86
CA_2,FOODS_3_001,12351,3.86
CA_2,FOODS_3_001,12352,3.86
CA_2,FOODS_3_002,12152,4.78
CA_2,FOODS_3_002,12201,4.78
CA_2,FOODS_3_002,12202,4.78
CA_2,FOODS_3_002,12203,4.78
CA_2,FOODS_3_002,12204,4.78
CA_2,FOODS_3_002,12205,4.78
CA_2,FOODS_3_002,12206,4.78
CA_2,FOODS_3_002,12207,4.78
CA_2,FOODS_3_002,12208,4.78
CA_2,FOODS_3_002,12209,4.78
CA_2,FOODS_3_002,12210,4.78
CA_2,FOODS_3_002,12211,4.06
CA_2,FOODS_3_002,12212,4.78
CA_2,FOODS_3_002,12213,4.78
CA_2,FOODS_3_002,12214,4.78
CA_2,FOODS_3_002,12215,4.78
CA_2,FOODS_3_002,12216,4.78
CA_2,FOODS_3_002,12217,4.78
CA_2,FOODS_3_002,12218,4.78
CA_2,FOODS_3_002,12219,4.78
CA_2,FOODS_3_002,12220,4.78
CA_2,FOODS_3_002,12221,4.78
CA_2,FOODS_3_002,12222,4.78
CA_2,FOODS_3_002,12223,4.78
CA_2,FOODS_3_002,12224,4.78
CA_2,FOODS_3_002,12225,4.06
CA_2,FOODS_3_002,12226,4.78
CA_2,FOODS_3_002,12227,4.06
CA_2,FOODS_3_002,12228,4.78
CA_2,FOODS_3_002,12229,4.78
CA_2,FOODS_3_002,12230,4.78
CA_2,FOODS_3_002,12231,4.78
CA_2,FOODS_3_002,12232,4.78
CA_2,FOODS_3_002,12233,4.78
CA_2,FOODS_3_002,12234,4.78
CA_2,FOODS_3_002,12235,4.78
CA_2,FOODS_3_002,12236,4.78
CA_2,FOODS_3_002,12237,4.78
CA_2,FOODS_3_002,12238,4.78
CA_2,FOODS_3_002,12239,4.78
CA_2,FOODS_3_002,12240,4.06
CA_2,FOODS_3_002,12241,4.78
CA_2,FOODS_3_002,12242,4.78
CA_2,FOODS_3_002,12243,4.78
CA_2,FOODS_3_002,12244,4.06
CA_2,FOODS_3_002,12245,4.78
CA_2,FOODS_3_002,12246,4.78
CA_2,FOODS_3_002,12247,4.78
CA_2,FOODS_3_002,12248,4.78
CA_2,FOODS_3_002,12249,4.78
CA_2,FOODS_3_002,12250,4.78
CA_2,FOODS_3_002,12251,4.78
CA_2,FOODS_3_002,12252,4.78
CA_2,FOODS_3_002,12301,4.78
CA_2,FOODS_3_002,12302,4.78
CA_2,FOODS_3_002,12303,4.78
CA_2,FOODS_3_002,12304,4.78
CA_2,FOODS_3_002,12305,4.06
CA_2,FOODS_3_002,12306,4.78
CA_2,FOODS_3_002,12307,4.06
CA_2,FOODS_3_002,12308,4.06
CA_2,FOODS_3_002,12309,4.78
CA_2,FOODS_3_002,12310,4.78
CA_2,FOODS_3_002,12311,4.78
CA_2,FOODS_3_002,12312,4.78
CA_2,FOODS_3_002,12313,4.06
CA_2,FOODS_3_002,12314,4.78
CA_2,FOODS_3_002,12315,4.78
CA_2,FOODS_3_002,12316,4.06
CA_2,FOODS_3_002,12317,4.78
CA_2,FOODS_3_002,12318,4.78
CA_2,FOODS_3_002,12319,4.78
CA_2,FOODS_3_002,12320,4.78
CA_2,FOODS_3_002,12321,4.06
CA_2,FOODS_3_002,12322,4.06
CA_2,FOODS_3_002,12323,4.78
CA_2,FOODS_3_002,12324,4.78
CA_2,FOODS_3_002,12325,4.06
CA_2,FOODS_3_002,12326,4.78
CA_2,FOODS_3_002,12327,4.06
CA_2,FOODS_3_002,12328,4.78
CA_2,FOODS_3_002,12329,4.78
CA_2,FOODS_3_002,12330,4.06
CA_2,FOODS_3_002,12331,4.78
CA_2,FOODS_3_002,12332,4.78
CA_2,FOODS_3_002,12333,4.78
CA_2,FOODS_3_002,12334,4.78
CA_2,FOODS_3_002,12335,4.78
CA_2,FOODS_3_002,12336,4.78
CA_2,FOODS_3_002,12337,4.78
CA_2,FOODS_3_002,12338,4.78
CA_2,FOODS_3_002,12339,4.78
CA_2,FOODS_3_002,12340,4.78
CA_2,FOODS_3_002,12341,4.06
CA_2,FOODS_3_002,12342,4.78
CA_2,FOODS_3_002,12343,4.78
CA_2,FOODS_3_002,12344,4.78
CA_2,FOODS_3_002,12345,4.78
CA_2,FOODS_3_002,12346,4.78
CA_2,FOODS_3_002,12347,4.78
CA_2,FOODS_3_002,12348,4.78
CA_2,FOODS_3_002,12349,4.06
CA_2,FOODS_3_002,12350,4.78
CA_2,FOODS_3_002,12351,4.78
CA_2,FOODS_3_002,12352,4.78
CA_2,FOODS_3_003,12152,4.84
CA_2,FOODS_3_003,12201,5.69
CA_2,FOODS_3_003,12202,5.69
CA_2,FOODS_3_003,12203,4.84
CA_2,FOODS_3_003,12204,5.69
CA_2,FOODS_3_003,12205,5.69
CA_2,FOODS_3_003,12206,5.69
CA_2,FOODS_3_003,12207,5.69
CA_2,FOODS_3_003,12208,5.69
CA_2,FOODS_3_003,12209,5.69
CA_2,FOODS_3_003,12210,5.69
CA_2,FOODS_3_003,12211,5.69
CA_2,FOODS_3_003,12212,5.69
CA_2,FOODS_3_003,12213,5.69
CA_2,FOODS_3_003,12214,4.84
CA_2,FOODS_3_003,12215,5.69
CA_2,FOODS_3_003,12216,5.69
CA_2,FOODS_3_003,12217,5.69
CA_2,FOODS_3_003,12218,5.69
CA_2,FOODS_3_003,12219,4.84
CA_2,FOODS_3_003,12220,4.84
CA_2,FOODS_3_003,12221,5.69
CA_2,FOODS_3_003,12222,5.69
CA_2,FOODS_3_003,12223,5.69
CA_2,FOODS_3_003,12224,5.69
CA_2,FOODS_3_003,12225,5.69
CA_2,FOODS_3_003,12226,5.69
CA_2,FOODS_3_003,12227,5.69
CA_2,FOODS_3_003,12228,5.69
CA_2,FOODS_3_003,12229,5.69
CA_2,FOODS_3_003,12230,5.69
CA_2,FOODS_3_003,12231,5.69
CA_2,FOODS_3_003,12232,5.69
CA_2,FOODS_3_003,12233,5.69
CA_2,FOODS_3_003,12234,5.69
CA_2,FOODS_3_003,12235,5.69
CA_2,FOODS_3_003,12236,5.69
CA_2,FOODS_3_003,12237,5.69
CA_2,FOODS_3_003,12238,5.69
CA_2,FOODS_3_003,12239,5.69
CA_2,FOODS_3_003,12240,5.69
CA_2,FOODS_3_003,12241,5.69
CA_2,FOODS_3_003,12242,4.84
CA_2,FOODS_3_003,12243,5.69
CA_2,FOODS_3_003,12244,5.69
CA_2,FOODS_3_003,12245,5.69
CA_2,FOODS_3_003,12246,5.69
CA_2,FOODS_3_003,12247,5.69
CA_2,FOODS_3_003,12248,5.69
CA_2,FOODS_3_003,12249,5.69
CA_2,FOODS_3_003,12250,5.69
CA_2,FOODS_3_003,12251,5.69
CA_2,FOODS_3_003,12252,5.69
CA_2,FOODS_3_003,12301,5.69
CA_2,FOODS_3_003,12302,5.69
CA_2,FOODS_3_003,12303,5.69
CA_2,FOODS_3_003,12304,5.69
CA_2,FOODS_3_003,12305,5.69
CA_2,FOODS_3_003,12306,5.69
CA_2,FOODS_3_003,12307,5.69
CA_2,FOODS_3_003,12308,5.69
CA_2,FOODS_3_003,12309,5.69
CA_2,FOODS_3_003,12310,5.69
CA_2,FOODS_3_003,12311,5.69
CA_2,FOODS_3_003,12312,5.69
CA_2,FOODS_3_003,12313,4.84
CA_2,FOODS_3_003,12314,5.69
CA_2,FOODS_3_003,12315,4.84
CA_2,FOODS_3_003,12316,5.69
CA_2,FOODS_3_003,12317,5.69
CA_2,FOODS_3_003,12318,5.69
CA_2,FOODS_3_003,12319,5.69
CA_2,FOODS_3_003,12320,5.69
CA_2,FOODS_3_003,12321,5.69
CA_2,FOODS_3_003,12322,5.69
CA_2,FOODS_3_003,12323,4.84
CA_2,FOODS_3_003,12324,4.84
CA_2,FOODS_3_003,12325,5.69
CA_2,FOODS_3_003,12326,5.69
CA_2,FOODS_3_003,12327,5.69
CA_2,FOODS_3_003,12328,5.69
CA_2,FOODS_3_003,12329,5.69
CA_2,FOODS_3_003,12330,5.69
CA_2,FOODS_3_003,12331,5.69
CA_2,FOODS_3_003,12332,5.69
CA_2,FOODS_3_003,12333,5.69
CA_2,FOODS_3_003,12334,5.69
CA_2,FOODS_3_003,12335,5.69
CA_2,FOODS_3_003,12336,5.69
CA_2,FOODS_3_003,12337,5.69
CA_2,FOODS_3_003,12338,5.69
CA_2,FOODS_3_003,12339,5.69
CA_2,FOODS_3_003,12340,5.69
CA_2,FOODS_3_003,12341,5.69
CA_2,FOODS_3_003,12342,5.69
CA_2,FOODS_3_003,12343,4.84
CA_2,FOODS_3_003,12344,4.84
CA_2,FOODS_3_003,12345,5.69
CA_2,FOODS_3_003,12346,5.69
CA_2,FOODS_3_003,12347,4.84
CA_2,FOODS_3_003,12348,5.69
CA_2,FOODS_3_003,12349,5.69
CA_2,FOODS_3_003,12350,5.69
CA_2,FOODS_3_003,12351,5.69
CA_2,FOODS_3_003,12352,5.69
CA_2,FOODS_3_004,12152,6.62
CA_2,FOODS_3_004,12201,5.62
CA_2,FOODS_3_004,12202,5.62
CA_2,FOODS_3_004,12203,6.62
CA_2,FOODS_3_004,12204,5.62
CA_2,FOODS_3_004,12205,6.62
CA_2,FOODS_3_004,12206,6.62
CA_2,FOODS_3_004,12207,6.62
CA_2,FOODS_3_004,12208,6.62
CA_2,FOODS_3_004,12209,6.62
CA_2,FOODS_3_004,12210,6.62
CA_2,FOODS_3_004,12211,6.62
CA_2,FOODS_3_004,12212,5.62
CA_2,FOODS_3_004,12213,6.62
CA_2,FOODS_3_004,12214,6.62
CA_2,FOODS_3_004,12215,6.62
CA_2,FOODS_3_004,12216,6.62
CA_2,FOODS_3_004,12217,5.62
CA_2,FOODS_3_004,12218,5.62
CA_2,FOODS_3_004,12219,6.62
CA_2,FOODS_3_004,12220,6.62
CA_2,FOODS_3_004,12221,6.62
CA_2,FOODS_3_004,12222,6.62
CA_2,FOODS_3_004,12223,5.62
CA_2,FOODS_3_004,12224,6.62
CA_2,FOODS_3_004,12225,6.62
CA_2,FOODS_3_004,12226,6.62
CA_2,FOODS_3_004,12227,6.62
CA_2,FOODS_3_004,12228,6.62
CA_2,FOODS_3_004,12229,6.62
CA_2,FOODS_3_004,12230,6.62
CA_2,FOODS_3_004,12231,6.62
CA_2,FOODS_3_004,12232,6.62
CA_2,FOODS_3_004,12233,6.62
CA_2,FOODS_3_004,12234,5.62
CA_2,FOODS_3_004,12235,6.62
CA_2,FOODS_3_004,12236,6.62
CA_2,FOODS_3_004,12237,6.62
CA_2,FOODS_3_004,12238,6.62
CA_2,FOODS_3_004,12239,6.62
CA_2,FOODS_3_004,12240,5.62
CA_2,FOODS_3_004,12241,6.62
CA_2,FOODS_3_004,12242,6.62
CA_2,FOODS_3_004,12243,6.62
CA_2,FOODS_3_004,12244,6.62
CA_2,FOODS_3_004,12245,6.62
CA_2,FOODS_3_004,12246,5.62
CA_2,FOODS_3_004,12247,5.62
CA_2,FOODS_3_004,12248,6.62
CA_2,FOODS_3_004,12249,6.62
CA_2,FOODS_3_004,12250,6.62
CA_2,FOODS_3_004,12251,5.62
CA_2,FOODS_3_004,12252,6.62
CA_2,FOODS_3_004,12301,6.62
CA_2,FOODS_3_004,12302,6.62
CA_2,FOODS_3_004,12303,5.62
CA_2,FOODS_3_004,12304,5.62
CA_2,FOODS_3_004,12305,6.62
CA_2,FOODS_3_004,12306,6.62
CA_2,FOODS_3_004,12307,6.62
CA_2,FOODS_3_004,12308,5.62
CA_2,FOODS_3_004,12309,6.62
CA_2,FOODS_3_004,12310,6.62
CA_2,FOODS_3_004,12311,6.62
CA_2,FOODS_3_004,12312,6.62
CA_2,FOODS_3_004,12313,6.62
CA_2,FOODS_3_004,12314,5.62
CA_2,FOODS_3_004,12315,6.62
CA_2,FOODS_3_004,12316,6.62
CA_2,FOODS_3_004,12317,6.62
CA_2,FOODS_3_004,12318,6.62
CA_2,FOODS_3_004,12319,6.62
CA_2,FOODS_3_004,12320,5.62
CA_2,FOODS_3_004,12321,6.62
CA_2,FOODS_3_004,12322,5.62
CA_2,FOODS_3_004,12323,6.62
CA_2,FOODS_3_004,12324,6.62
CA_2,FOODS_3_004,12325,6.62
CA_2,FOODS_3_004,12326,6.62
CA_2,FOODS_3_004,12327,6.62
CA_2,FOODS_3_004,12328,6.62
CA_2,FOODS_3_004,12329,6.62
CA_2,FOODS_3_004,12330,6.62
CA_2,FOODS_3_004,12331,6.62
CA_2,FOODS_3_004,12332,6.62
CA_2,FOODS_3_004,12333,6.62
CA_2,FOODS_3_004,12334,6.62
CA_2,FOODS_3_004,12335,6.62
CA_2,FOODS_3_004,12336,6.62
CA_2,FOODS_3_004,12337,5.62
CA_2,FOODS_3_004,12338,6.62
CA_2,FOODS_3_004,12339,5.62
CA_2,FOODS_3_004,12340,6.62
CA_2,FOODS_3_004,12341,6.62
CA_2,FOODS_3_004,12342,6.62
CA_2,FOODS_3_004,12343,6.62
CA_2,FOODS_3_004,12344,6.62
CA_2,FOODS_3_004,12345,6.62
CA_2,FOODS_3_004,12346,6.62
CA_2,FOODS_3_004,12347,6.62
CA_2,FOODS_3_004,12348,6.62
CA_2,FOODS_3_004,12349,5.62
CA_2,FOODS_3_004,12350,6.62
CA_2,FOODS_3_004,12351,6.62
CA_2,FOODS_3_004,12352,6.62
CA_2,HOBBIES_1_001,12152,17.09
CA_2,HOBBIES_1_001,12201,17.09
CA_2,HOBBIES_1_001,12202,14.53
CA_2,HOBBIES_1_001,12203,17.09
CA_2,HOBBIES_1_001,12204,14.53
CA_2,HOBBIES_1_001,12205,17.09
CA_2,HOBBIES_1_001,12206,17.09
CA_2,HOBBIES_1_001,12207,17.09
CA_2,HOBBIES_1_001,12208,14.53
CA_2,HOBBIES_1_001,12209,14.53
CA_2,HOBBIES_1_001,12210,14.53
CA_2,HOBBIES_1_001,12211,17.09
CA_2,HOBBIES_1_001,12212,17.09
CA_2,HOBBIES_1_001,12213,17.09
CA_2,HOBBIES_1_001,12214,17.09
CA_2,HOBBIES_1_001,12215,17.09
CA_2,HOBBIES_1_001,12216,14.53
CA_2,HOBBIES_1_001,12217,17.09
CA_2,HOBBIES_1_001,12218,17.09
CA_2,HOBBIES_1_001,12219,17.09
CA_2,HOBBIES_1_001,12220,17.09
CA_2,HOBBIES_1_001,12221,17.09
CA_2,HOBBIES_1_001,12222,17.09
CA_2,HOBBIES_1_001,12223,17.09
CA_2,HOBBIES_1_001,12224,17.09
CA_2,HOBBIES_1_001,12225,17.09
CA_2,HOBBIES_1_001,12226,17.09
CA_2,HOBBIES_1_001,12227,17.09
CA_2,HOBBIES_1_001,12228,17.09
CA_2,HOBBIES_1_001,12229,17.09
CA_2,HOBBIES_1_001,12230,17.09
CA_2,HOBBIES_1_001,12231,17.09
CA_2,HOBBIES_1_001,12232,17.09
CA_2,HOBBIES_1_001,12233,17.09
CA_2,HOBBIES_1_001,12234,14.53
CA_2,HOBBIES_1_001,12235,17.09
CA_2,HOBBIES_1_001,12236,14.53
CA_2,HOBBIES_1_001,12237,17.09
CA_2,HOBBIES_1_001,12238,17.09
CA_2,HOBBIES_1_001,12239,17.09
CA_2,HOBBIES_1_001,12240,17.09
CA_2,HOBBIES_1_001,12241,17.09
CA_2,HOBBIES_1_001,12242,17.09
CA_2,HOBBIES_1_001,12243,17.09
CA_2,HOBBIES_1_001,12244,17.09
CA_2,HOBBIES_1_001,12245,17.09
CA_2,HOBBIES_1_001,12246,17.09
CA_2,HOBBIES_1_001,12247,14.53
CA_2,HOBBIES_1_001,12248,17.09
CA_2,HOBBIES_1_001,12249,17.09
CA_2,HOBBIES_1_001,12250,17.09
CA_2,HOBBIES_1_001,12251,14.53
CA_2,HOBBIES_1_001,12252,17.09
CA_2,HOBBIES_1_001,12301,17.09
CA_2,HOBBIES_1_001,12302,17.09
CA_2,HOBBIES_1_001,12303,17.09
CA_2,HOBBIES_1_001,12304,17.09
CA_2,HOBBIES_1_001,12305,17.09
CA_2,HOBBIES_1_001,12306,17.09
CA_2,HOBBIES_1_001,12307,17.09
CA_2,HOBBIES_1_001,12308,14.53
CA_2,HOBBIES_1_001,12309,17.09
CA_2,HOBBIES_1_001,12310,17.09
CA_2,HOBBIES_1_001,12311,17.09
CA_2,HOBBIES_1_001,12312,17.09
CA_2,HOBBIES_1_001,12313,17.09
CA_2,HOBBIES_1_001,12314,17.09
CA_2,HOBBIES_1_001,12315,14.53
CA_2,HOBBIES_1_001,12316,17.09
CA_2,HOBBIES_1_001,12317,17.09
CA_2,HOBBIES_1_001,12318,17.09
CA_2,HOBBIES_1_001,12319,17.09
CA_2,HOBBIES_1_001,12320,17.09
CA_2,HOBBIES_1_001,12321,17.09
CA_2,HOBBIES_1_001,12322,17.09
CA_2,HOBBIES_1_001,12323,17.09
CA_2,HOBBIES_1_001,12324,17.09
CA_2,HOBBIES_1_001,12325,17.09
CA_2,HOBBIES_1_001,12326,14.53
CA_2,HOBBIES_1_001,12327,17.09
CA_2,HOBBIES_1_001,12328,17.09
CA_2,HOBBIES_1_001,12329,17.09
CA_2,HOBBIES_1_001,12330,17.09
CA_2,HOBBIES_1_001,12331,14.53
CA_2,HOBBIES_1_001,12332,17.09
CA_2,HOBBIES_1_001,12333,17.09
CA_2,HOBBIES_1_001,12334,17.09
CA_2,HOBBIES_1_001,12335,17.09
CA_2,HOBBIES_1_001,12336,17.09
CA_2,HOBBIES_1_001,12337,17.09
CA_2,HOBBIES_1_001,12338,17.09
CA_2,HOBBIES_1_001,12339,14.53
CA_2,HOBBIES_1_001,12340,17.09
CA_2,HOBBIES_1_001,12341,17.09
CA_2,HOBBIES_1_001,12342,17.09
CA_2,HOBBIES_1_001,12343,17.09
CA_2,HOBBIES_1_001,12344,14.53
CA_2,HOBBIES_1_001,12345,17.09
CA_2,HOBBIES_1_001,12346,17.09
CA_2,HOBBIES_1_001,12347,17.09
CA_2,HOBBIES_1_001,12348,14.53
CA_2,HOBBIES_1_001,12349,17.09
CA_2,HOBBIES_1_001,12350,17.09
CA_2,HOBBIES_1_001,12351,17.09
CA_2,HOBBIES_1_001,12352,17.09
CA_2,HOBBIES_1_002,12152,17.98
CA_2,HOBBIES_1_002,12201,21.16
CA_2,HOBBIES_1_002,12202,21.16
CA_2,HOBBIES_1_002,12203,21.16
CA_2,HOBBIES_1_002,12204,21.16
CA_2,HOBBIES_1_002,12205,21.16
CA_2,HOBBIES_1_002,12206,21.16
CA_2,HOBBIES_1_002,12207,17.98
CA_2,HOBBIES_1_002,12208,21.16
CA_2,HOBBIES_1_002,12209,21.16
CA_2,HOBBIES_1_002,12210,21.16
CA_2,HOBBIES_1_002,12211,21.16
CA_2,HOBBIES_1_002,12212,17.98
CA_2,HOBBIES_1_002,12213,21.16
CA_2,HOBBIES_1_002,12214,21.16
CA_2,HOBBIES_1_002,12215,21.16
CA_2,HOBBIES_1_002,12216,21.16
CA_2,HOBBIES_1_002,12217,21.16
CA_2,HOBBIES_1_002,12218,21.16
CA_2,HOBBIES_1_002,12219,21.16
CA_2,HOBBIES_1_002,12220,21.16
CA_2,HOBBIES_1_002,12221,17.98
CA_2,HOBBIES_1_002,12222,21.16
CA_2,HOBBIES_1_002,12223,17.98
CA_2,HOBBIES_1_002,12224,21.16
CA_2,HOBBIES_1_002,12225,21.16
CA_2,HOBBIES_1_002,12226,17.98
CA_2,HOBBIES_1_002,12227,21.16
CA_2,HOBBIES_1_002,12228,21.16
CA_2,HOBBIES_1_002,12229,21.16
CA_2,HOBBIES_1_002,12230,17.98
CA_2,HOBBIES_1_002,12231,21.16
CA_2,HOBBIES_1_002,12232,21.16
CA_2,HOBBIES_1_002,12233,21.16
CA_2,HOBBIES_1_002,12234,21.16
CA_2,HOBBIES_1_002,12235,21.16
CA_2,HOBBIES_1_002,12236,17.98
CA_2,HOBBIES_1_002,12237,21.16
CA_2,HOBBIES_1_002,12238,21.16
CA_2,HOBBIES_1_002,12239,21.16
CA_2,HOBBIES_1_002,12240,21.16
CA_2,HOBBIES_1_002,12241,21.16
CA_2,HOBBIES_1_002,12242,21.16
CA_2,HOBBIES_1_002,12243,21.16
CA_2,HOBBIES_1_002,12244,21.16
CA_2,HOBBIES_1_002,12245,21.16
CA_2,HOBBIES_1_002,12246,21.16
CA_2,HOBBIES_1_002,12247,21.16
CA_2,HOBBIES_1_002,12248,21.16
CA_2,HOBBIES_1_002,12249,21.16
CA_2,HOBBIES_1_002,12250,21.16
CA_2,HOBBIES_1_002,12251,21.16
CA_2,HOBBIES_1_002,12252,21.16
CA_2,HOBBIES_1_002,12301,21.16
CA_2,HOBBIES_1_002,12302,21.16
CA_2,HOBBIES_1_002,12303,17.98
CA_2,HOBBIES_1_002,12304,21.16
CA_2,HOBBIES_1_002,12305,21.16
CA_2,HOBBIES_1_002,12306,21.16
CA_2,HOBBIES_1_002,12307,21.16
CA_2,HOBBIES_1_002,12308,21.16
CA_2,HOBBIES_1_002,12309,17.98
CA_2,HOBBIES_1_002,12310,21.16
CA_2,HOBBIES_1_002,12311,21.16
CA_2,HOBBIES_1_002,12312,21.16
CA_2,HOBBIES_1_002,12313,21.16
CA_2,HOBBIES_1_002,12314,21.16
CA_2,HOBBIES_1_002,12315,17.98
CA_2,HOBBIES_1_002,12316,21.16
CA_2,HOBBIES_1_002,12317,21.16
CA_2,HOBBIES_1_002,12318,21.16
CA_2,HOBBIES_1_002,12319,21.16
CA_2,HOBBIES_1_002,12320,21.16
CA_2,HOBBIES_1_002,12321,17.98
CA_2,HOBBIES_1_002,12322,21.16
CA_2,HOBBIES_1_002,12323,17.98
CA_2,HOBBIES_1_002,12324,17.98
CA_2,HOBBIES_1_002,12325,21.16
CA_2,HOBBIES_1_002,12326,21.16
CA_2,HOBBIES_1_002,12327,21.16
CA_2,HOBBIES_1_002,12328,21.16
CA_2,HOBBIES_1_002,12329,21.16
CA_2,HOBBIES_1_002,12330,17.98
CA_2,HOBBIES_1_002,12331,17.98
CA_2,HOBBIES_1_002,12332,17.98
CA_2,HOBBIES_1_002,12333,21.16
CA_2,HOBBIES_1_002,12334,21.16
CA_2,HOBBIES_1_002,12335,21.16
CA_2,HOBBIES_1_002,12336,17.98
CA_2,HOBBIES_1_002,12337,21.16
CA_2,HOBBIES_1_002,12338,21.16
CA_2,HOBBIES_1_002,12339,21.16
CA_2,HOBBIES_1_002,12340,17.98
CA_2,HOBBIES_1_002,12341,21.16
CA_2,HOBBIES_1_002,12342,17.98
CA_2,HOBBIES_1_002,12343,17.98
CA_2,HOBBIES_1_002,12344,21.16
CA_2,HOBBIES_1_002,12345,21.16
CA_2,HOBBIES_1_002,12346,21.16
CA_2,HOBBIES_1_002,12347,21.16
CA_2,HOBBIES_1_002,12348,21.16
CA_2,HOBBIES_1_002,12349,21.16
CA_2,HOBBIES_1_002,12350,17.98
CA_2,HOBBIES_1_002,12351,21.16
CA_2,HOBBIES_1_002,12352,21.16
CA_2,HOBBIES_1_003,12152,21.45
CA_2,HOBBIES_1_003,12201,21.45
CA_2,HOBBIES_1_003,12202,25.23
CA_2,HOBBIES_1_003,12203,25.23
CA_2,HOBBIES_1_003,12204,25.23
CA_2,HOBBIES_1_003,12205,25.23
CA_2,HOBBIES_1_003,12206,25.23
CA_2,HOBBIES_1_003,12207,21.45
CA_2,HOBBIES_1_003,12208,25.23
CA_2,HOBBIES_1_003,12209,25.23
CA_2,HOBBIES_1_003,12210,21.45
CA_2,HOBBIES_1_003,12211,25.23
CA_2,HOBBIES_1_003,12212,25.23
CA_2,HOBBIES_1_003,12213,25.23
CA_2,HOBBIES_1_003,12214,25.23
CA_2,HOBBIES_1_003,12215,25.23
CA_2,HOBBIES_1_003,12216,25.23
CA_2,HOBBIES_1_003,12217,21.45
CA_2,HOBBIES_1_003,12218,25.23
CA_2,HOBBIES_1_003,12219,25.23
CA_2,HOBBIES_1_003,12220,25.23
CA_2,HOBBIES_1_003,12221,25.23
CA_2,HOBBIES_1_003,12222,25.23
CA_2,HOBBIES_1_003,12223,25.23
CA_2,HOBBIES_1_003,12224,21.45
CA_2,HOBBIES_1_003,12225,25.23
CA_2,HOBBIES_1_003,12226,25.23
CA_2,HOBBIES_1_003,12227,25.23
CA_2,HOBBIES_1_003,12228,25.23
CA_2,HOBBIES_1_003,12229,25.23
CA_2,HOBBIES_1_003,12230,25.23
CA_2,HOBBIES_1_003,12231,25.23
CA_2,HOBBIES_1_003,12232,25.23
CA_2,HOBBIES_1_003,12233,25.23
CA_2,HOBBIES_1_003,12234,25.23
CA_2,HOBBIES_1_003,12235,25.23
CA_2,HOBBIES_1_003,12236,25.23
CA_2,HOBBIES_1_003,12237,25.23
CA_2,HOBBIES_1_003,12238,25.23
CA_2,HOBBIES_1_003,12239,25.23
CA_2,HOBBIES_1_003,12240,25.23
CA_2,HOBBIES_1_003,12241,25.23
CA_2,HOBBIES_1_003,12242,25.23
CA_2,HOBBIES_1_003,12243,25.23
CA_2,HOBBIES_1_003,12244,25.23
CA_2,HOBBIES_1_003,12245,21.45
CA_2,HOBBIES_1_003,12246,25.23
CA_2,HOBBIES_1_003,12247,21.45
CA_2,HOBBIES_1_003,12248,25.23
CA_2,HOBBIES_1_003,12249,25.23
CA_2,HOBBIES_1_003,12250,25.23
CA_2,HOBBIES_1_003,12251,25.23
CA_2,HOBBIES_1_003,12252,25.23
CA_2,HOBBIES_1_003,12301,21.45
CA_2,HOBBIES_1_003,12302,25.23
CA_2,HOBBIES_1_003,12303,25.23
CA_2,HOBBIES_1_003,12304,21.45
CA_2,HOBBIES_1_003,12305,25.23
CA_2,HOBBIES_1_003,12306,25.23
CA_2,HOBBIES_1_003,12307,25.23
CA_2,HOBBIES_1_003,12308,25.23
CA_2,HOBBIES_1_003,12309,25.23
CA_2,HOBBIES_1_003,12310,25.23
CA_2,HOBBIES_1_003,12311,25.23
CA_2,HOBBIES_1_003,12312,25.23
CA_2,HOBBIES_1_003,12313,25.23
CA_2,HOBBIES_1_003,12314,25.23
CA_2,HOBBIES_1_003,12315,25.23
CA_2,HOBBIES_1_003,12316,25.23
CA_2,HOBBIES_1_003,12317,25.23
CA_2,HOBBIES_1_003,12318,25.23
CA_2,HOBBIES_1_003,12319,25.23
CA_2,HOBBIES_1_003,12320,25.23
CA_2,HOBBIES_1_003,12321,25.23
CA_2,HOBBIES_1_003,12322,25.23
CA_2,HOBBIES_1_003,12323,25.23
CA_2,HOBBIES_1_003,12324,21.45
CA_2,HOBBIES_1_003,12325,25.23
CA_2,HOBBIES_1_003,12326,25.23
CA_2,HOBBIES_1_003,12327,25.23
CA_2,HOBBIES_1_003,12328,25.23
CA_2,HOBBIES_1_003,12329,25.23
CA_2,HOBBIES_1_003,12330,25.23
CA_2,HOBBIES_1_003,12331,25.23
CA_2,HOBBIES_1_003,12332,25.23
CA_2,HOBBIES_1_003,12333,25.23
CA_2,HOBBIES_1_003,12334,25.23
CA_2,HOBBIES_1_003,12335,21.45
CA_2,HOBBIES_1_003,12336,25.23
CA_2,HOBBIES_1_003,12337,25.23
CA_2,HOBBIES_1_003,12338,25.23
CA_2,HOBBIES_1_003,12339,25.23
CA_2,HOBBIES_1_003,12340,25.23
CA_2,HOBBIES_1_003,12341,21.45
CA_2,HOBBIES_1_003,12342,25.23
CA_2,HOBBIES_1_003,12343,25.23
CA_2,HOBBIES_1_003,12344,25.23
CA_2,HOBBIES_1_003,12345,21.45
CA_2,HOBBIES_1_003,12346,25.23
CA_2,HOBBIES_1_003,12347,25.23
CA_2,HOBBIES_1_003,12348,25.23
CA_2,HOBBIES_1_003,12349,25.23
CA_2,HOBBIES_1_003,12350,21.45
CA_2,HOBBIES_1_003,12351,25.23
CA_2,HOBBIES_1_003,12352,25.23
CA_2,HOBBIES_1_004,12152,29.29
CA_2,HOBBIES_1_004,12201,29.29
CA_2,HOBBIES_1_004,12202,29.29
CA_2,HOBBIES_1_004,12203,29.29
CA_2,HOBBIES_1_004,12204,24.9
CA_2,HOBBIES_1_004,12205,29.29
CA_2,HOBBIES_1_004,12206,29.29
CA_2,HOBBIES_1_004,12207,29.29
CA_2,HOBBIES_1_004,12208,29.29
CA_2,HOBBIES_1_004,12209,29.29
CA_2,HOBBIES_1_004,12210,29.29
CA_2,HOBBIES_1_004,12211,29.29
CA_2,HOBBIES_1_004,12212,29.29
CA_2,HOBBIES_1_004,12213,29.29
CA_2,HOBBIES_1_004,12214,29.29
CA_2,HOBBIES_1_004,12215,29.29
CA_2,HOBBIES_1_004,12216,29.29
CA_2,HOBBIES_1_004,12217,29.29
CA_2,HOBBIES_1_004,12218,29.29
CA_2,HOBBIES_1_004,12219,29.29
CA_2,HOBBIES_1_004,12220,29.29
CA_2,HOBBIES_1_004,12221,29.29
CA_2,HOBBIES_1_004,12222,29.29
CA_2,HOBBIES_1_004,12223,24.9
CA_2,HOBBIES_1_004,12224,24.9
CA_2,HOBBIES_1_004,12225,29.29
CA_2,HOBBIES_1_004,12226,29.29
CA_2,HOBBIES_1_004,12227,29.29
CA_2,HOBBIES_1_004,12228,29.29
CA_2,HOBBIES_1_004,12229,29.29
CA_2,HOBBIES_1_004,12230,29.29
CA_2,HOBBIES_1_004,12231,24.9
CA_2,HOBBIES_1_004,12232,29.29
CA_2,HOBBIES_1_004,12233,29.29
CA_2,HOBBIES_1_004,12234,29.29
CA_2,HOBBIES_1_004,12235,29.29
CA_2,HOBBIES_1_004,12236,24.9
CA_2,HOBBIES_1_004,12237,29.29
CA_2,HOBBIES_1_004,12238,29.29
CA_2,HOBBIES_1_004,12239,29.29
CA_2,HOBBIES_1_004,12240,29.29
CA_2,HOBBIES_1_004,12241,29.29
CA_2,HOBBIES_1_004,12242,29.29
CA_2,HOBBIES_1_004,12243,29.29
CA_2,HOBBIES_1_004,12244,29.29
CA_2,HOBBIES_1_004,12245,29.29
CA_2,HOBBIES_1_004,12246,29.29
CA_2,HOBBIES_1_004,12247,29.29
CA_2,HOBBIES_1_004,12248,24.9
CA_2,HOBBIES_1_004,12249,29.29
CA_2,HOBBIES_1_004,12250,29.29
CA_2,HOBBIES_1_004,12251,29.29
CA_2,HOBBIES_1_004,12252,29.29
CA_2,HOBBIES_1_004,12301,24.9
CA_2,HOBBIES_1_004,12302,29.29
CA_2,HOBBIES_1_004,12303,29.29
CA_2,HOBBIES_1_004,12304,29.29
CA_2,HOBBIES_1_004,12305,29.29
CA_2,HOBBIES_1_004,12306,29.29
CA_2,HOBBIES_1_004,12307,29.29
CA_2,HOBBIES_1_004,12308,29.29
CA_2,HOBBIES_1_004,12309,29.29
CA_2,HOBBIES_1_004,12310,29.29
CA_2,HOBBIES_1_004,12311,29.29
CA_2,HOBBIES_1_004,12312,29.29
CA_2,HOBBIES_1_004,12313,29.29
CA_2,HOBBIES_1_004,12314,29.29
CA_2,HOBBIES_1_004,12315,29.29
CA_2,HOBBIES_1_004,12316,29.29
CA_2,HOBBIES_1_004,12317,29.29
CA_2,HOBBIES_1_004,12318,29.29
CA_2,HOBBIES_1_004,12319,29.29
CA_2,HOBBIES_1_004,12320,24.9
CA_2,HOBBIES_1_004,12321,29.29
CA_2,HOBBIES_1_004,12322,29.29
CA_2,HOBBIES_1_004,12323,29.29
CA_2,HOBBIES_1_004,12324,29.29
CA_2,HOBBIES_1_004,12325,29.29
CA_2,HOBBIES_1_004,12326,29.29
CA_2,HOBBIES_1_004,12327,29.29
CA_2,HOBBIES_1_004,12328,29.29
CA_2,HOBBIES_1_004,12329,29.29
CA_2,HOBBIES_1_004,12330,29.29
CA_2,HOBBIES_1_004,12331,29.29
CA_2,HOBBIES_1_004,12332,29.29
CA_2,HOBBIES_1_004,12333,29.29
CA_2,HOBBIES_1_004,12334,29.29
CA_2,HOBBIES_1_004,12335,29.29
CA_2,HOBBIES_1_004,12336,29.29
CA_2,HOBBIES_1_004,12337,29.29
CA_2,HOBBIES_1_004,12338,29.29
CA_2,HOBBIES_1_004,12339,29.29
CA_2,HOBBIES_1_004,12340,29.29
CA_2,HOBBIES_1_004,12341,29.29
CA_2,HOBBIES_1_004,12342,29.29
CA_2,HOBBIES_1_004,12343,29.29
CA_2,HOBBIES_1_004,12344,24.9
CA_2,HOBBIES_1_004,12345,29.29
CA_2,HOBBIES_1_004,12346,24.9
CA_2,HOBBIES_1_004,12347,29.29
CA_2,HOBBIES_1_004,12348,29.29
CA_2,HOBBIES_1_004,12349,29.29
CA_2,HOBBIES_1_004,12350,29.29
CA_2,HOBBIES_1_004,12351,29.29
CA_2,HOBBIES_1_004,12352,29.29
CA_2,HOBBIES_2_001,12152,17.09
CA_2,HOBBIES_2_001,12201,17.09
CA_2,HOBBIES_2_001,12202,14.53
CA_2,HOBBIES_2_001,12203,17.09
CA_2,HOBBIES_2_001,12204,17.09
CA_2,HOBBIES_2_001,12205,17.09
CA_2,HOBBIES_2_001,12206,17.09
CA_2,HOBBIES_2_001,12207,17.09
CA_2,HOBBIES_2_001,12208,17.09
CA_2,HOBBIES_2_001,12209,17.09
CA_2,HOBBIES_2_001,12210,14.53
CA_2,HOBBIES_2_001,12211,17.09
CA_2,HOBBIES_2_001,12212,17.09
CA_2,HOBBIES_2_001,12213,17.09
CA_2,HOBBIES_2_001,12214,14.53
CA_2,HOBBIES_2_001,12215,17.09
CA_2,HOBBIES_2_001,12216,17.09
CA_2,HOBBIES_2_001,12217,17.09
CA_2,HOBBIES_2_001,12218,17.09
CA_2,HOBBIES_2_001,12219,17.09
CA_2,HOBBIES_2_001,12220,17.09
CA_2,HOBBIES_2_001,12221,17.09
CA_2,HOBBIES_2_001,12222,17.09
CA_2,HOBBIES_2_001,12223,14.53
CA_2,HOBBIES_2_001,12224,17.09
CA_2,HOBBIES_2_001,12225,17.09
CA_2,HOBBIES_2_001,12226,17.09
CA_2,HOBBIES_2_001,12227,17.09
CA_2,HOBBIES_2_001,12228,17.09
CA_2,HOBBIES_2_001,12229,17.09
CA_2,HOBBIES_2_001,12230,14.53
CA_2,HOBBIES_2_001,12231,17.09
CA_2,HOBBIES_2_001,12232,17.09
CA_2,HOBBIES_2_001,12233,17.09
CA_2,HOBBIES_2_001,12234,17.09
CA_2,HOBBIES_2_001,12235,17.09
CA_2,HOBBIES_2_001,12236,17.09
CA_2,HOBBIES_2_001,12237,17.09
CA_2,HOBBIES_2_001,12238,17.09
CA_2,HOBBIES_2_001,12239,17.09
CA_2,HOBBIES_2_001,12240,17.09
CA_2,HOBBIES_2_001,12241,17.09
CA_2,HOBBIES_2_001,12242,17.09
CA_2,HOBBIES_2_001,12243,17.09
CA_2,HOBBIES_2_001,12244,17.09
CA_2,HOBBIES_2_001,12245,17.09
CA_2,HOBBIES_2_001,12246,14.53
CA_2,HOBBIES_2_001,12247,17.09
CA_2,HOBBIES_2_001,12248,17.09
CA_2,HOBBIES_2_001,12249,17.09
CA_2,HOBBIES_2_001,12250,17.09
CA_2,HOBBIES_2_001,12251,17.09
CA_2,HOBBIES_2_001,12252,17.09
CA_2,HOBBIES_2_001,12301,14.53
CA_2,HOBBIES_2_001,12302,17.09
CA_2,HOBBIES_2_001,12303,17.09
CA_2,HOBBIES_2_001,12304,14.53
CA_2,HOBBIES_2_001,12305,17.09
CA_2,HOBBIES_2_001,12306,17.09
CA_2,HOBBIES_2_001,12307,17.09
CA_2,HOBBIES_2_001,12308,17.09
CA_2,HOBBIES_2_001,12309,17.09
CA_2,HOBBIES_2_001,12310,17.09
CA_2,HOBBIES_2_001,12311,17.09
CA_2,HOBBIES_2_001,12312,17.09
CA_2,HOBBIES_2_001,12313,17.09
CA_2,HOBBIES_2_001,12314,14.53
CA_2,HOBBIES_2_001,12315,14.53
CA_2,HOBBIES_2_001,12316,17.09
CA_2,HOBBIES_2_001,12317,17.09
CA_2,HOBBIES_2_001,12318,17.09
CA_2,HOBBIES_2_001,12319,17.09
CA_2,HOBBIES_2_001,12320,17.09
CA_2,HOBBIES_2_001,12321,17.09
CA_2,HOBBIES_2_001,12322,17.09
CA_2,HOBBIES_2_001,12323,17.09
CA_2,HOBBIES_2_001,12324,17.09
CA_2,HOBBIES_2_001,12325,17.09
CA_2,HOBBIES_2_001,12326,14.53
CA_2,HOBBIES_2_001,12327,17.09
CA_2,HOBBIES_2_001,12328,17.09
CA_2,HOBBIES_2_001,12329,14.53
CA_2,HOBBIES_2_001,12330,17.09
CA_2,HOBBIES_2_001,12331,17.09
CA_2,HOBBIES_2_001,12332,17.09
CA_2,HOBBIES_2_001,12333,17.09
CA_2,HOBBIES_2_001,12334,17.09
CA_2,HOBBIES_2_001,12335,17.09
CA_2,HOBBIES_2_001,12336,17.09
CA_2,HOBBIES_2_001,12337,17.09
CA_2,HOBBIES_2_001,12338,17.09
CA_2,HOBBIES_2_001,12339,17.09
CA_2,HOBBIES_2_001,12340,17.09
CA_2,HOBBIES_2_001,12341,17.09
CA_2,HOBBIES_2_001,12342,17.09
CA_2,HOBBIES_2_001,12343,17.09
CA_2,HOBBIES_2_001,12344,17.09
CA_2,HOBBIES_2_001,12345,17.09
CA_2,HOBBIES_2_001,12346,17.09
CA_2,HOBBIES_2_001,12347,17.09
CA_2,HOBBIES_2_001,12348,17.09
CA_2,HOBBIES_2_001,12349,14.53
CA_2,HOBBIES_2_001,12350,17.09
CA_2,HOBBIES_2_001,12351,17.09
CA_2,HOBBIES_2_001,12352,17.09
CA_2,HOBBIES_2_002,12152,17.98
CA_2,HOBBIES_2_002,12201,21.16
CA_2,HOBBIES_2_002,12202,21.16
CA_2,HOBBIES_2_002,12203,21.16
CA_2,HOBBIES_2_002,12204,21.16
CA_2,HOBBIES_2_002,12205,17.98
CA_2,HOBBIES_2_002,12206,17.98
CA_2,HOBBIES_2_002,12207,21.16
CA_2,HOBBIES_2_002,12208,21.16
CA_2,HOBBIES_2_002,12209,21.16
CA_2,HOBBIES_2_002,12210,17.98
CA_2,HOBBIES_2_002,12211,21.16
CA_2,HOBBIES_2_002,12212,21.16
CA_2,HOBBIES_2_002,12213,21.16
CA_2,HOBBIES_2_002,12214,21.16
CA_2,HOBBIES_2_002,12215,21.16
CA_2,HOBBIES_2_002,12216,17.98
CA_2,HOBBIES_2_002,12217,17.98
CA_2,HOBBIES_2_002,12218,21.16
CA_2,HOBBIES_2_002,12219,21.16
CA_2,HOBBIES_2_002,12220,17.98
CA_2,HOBBIES_2_002,12221,21.16
CA_2,HOBBIES_2_002,12222,17.98
CA_2,HOBBIES_2_002,12223,21.16
CA_2,HOBBIES_2_002,12224,21.16
CA_2,HOBBIES_2_002,12225,21.16
CA_2,HOBBIES_2_002,12226,21.16
CA_2,HOBBIES_2_002,12227,21.16
CA_2,HOBBIES_2_002,12228,21.16
CA_2,HOBBIES_2_002,12229,21.16
CA_2,HOBBIES_2_002,12230,21.16
CA_2,HOBBIES_2_002,12231,17.98
CA_2,HOBBIES_2_002,12232,21.16
CA_2,HOBBIES_2_002,12233,21.16
CA_2,HOBBIES_2_002,12234,21.16
CA_2,HOBBIES_2_002,12235,21.16
CA_2,HOBBIES_2_002,12236,21.16
CA_2,HOBBIES_2_002,12237,21.16
CA_2,HOBBIES_2_002,12238,21.16
CA_2,HOBBIES_2_002,12239,21.16
CA_2,HOBBIES_2_002,12240,21.16
CA_2,HOBBIES_2_002,12241,21.16
CA_2,HOBBIES_2_002,12242,17.98
CA_2,HOBBIES_2_002,12243,21.16
CA_2,HOBBIES_2_002,12244,21.16
CA_2,HOBBIES_2_002,12245,17.98
CA_2,HOBBIES_2_002,12246,21.16
CA_2,HOBBIES_2_002,12247,21.16
CA_2,HOBBIES_2_002,12248,21.16
CA_2,HOBBIES_2_002,12249,21.16
CA_2,HOBBIES_2_002,12250,21.16
CA_2,HOBBIES_2_002,12251,17.98
CA_2,HOBBIES_2_002,12252,21.16
CA_2,HOBBIES_2_002,12301,21.16
CA_2,HOBBIES_2_002,12302,21.16
CA_2,HOBBIES_2_002,12303,17.98
CA_2,HOBBIES_2_002,12304,21.16
CA_2,HOBBIES_2_002,12305,21.16
CA_2,HOBBIES_2_002,12306,21.16
CA_2,HOBBIES_2_002,12307,21.16
CA_2,HOBBIES_2_002,12308,21.16
CA_2,HOBBIES_2_002,12309,21.16
CA_2,HOBBIES_2_002,12310,21.16
CA_2,HOBBIES_2_002,12311,21.16
CA_2,HOBBIES_2_002,12312,21.16
CA_2,HOBBIES_2_002,12313,17.98
CA_2,HOBBIES_2_002,12314,21.16
CA_2,HOBBIES_2_002,12315,17.98
CA_2,HOBBIES_2_002,12316,21.16
CA_2,HOBBIES_2_002,12317,21.16
CA_2,HOBBIES_2_002,12318,21.16
CA_2,HOBBIES_2_002,12319,21.16
CA_2,HOBBIES_2_002,12320,21.16
CA_2,HOBBIES_2_002,12321,17.98
CA_2,HOBBIES_2_002,12322,21.16
CA_2,HOBBIES_2_002,12323,17.98
CA_2,HOBBIES_2_002,12324,17.98
CA_2,HOBBIES_2_002,12325,21.16
CA_2,HOBBIES_2_002,12326,21.16
CA_2,HOBBIES_2_002,12327,21.16
CA_2,HOBBIES_2_002,12328,21.16
CA_2,HOBBIES_2_002,12329,17.98
CA_2,HOBBIES_2_002,12330,21.16
CA_2,HOBBIES_2_002,12331,21.16
CA_2,HOBBIES_2_002,12332,21.16
CA_2,HOBBIES_2_002,12333,21.16
CA_2,HOBBIES_2_002,12334,21.16
CA_2,HOBBIES_2_002,12335,17.98
CA_2,HOBBIES_2_002,12336,21.16
CA_2,HOBBIES_2_002,12337,21.16
CA_2,HOBBIES_2_002,12338,21.16
CA_2,HOBBIES_2_002,12339,21.16
CA_2,HOBBIES_2_002,12340,21.16
CA_2,HOBBIES_2_002,12341,21.16
CA_2,HOBBIES_2_002,12342,21.16
CA_2,HOBBIES_2_002,12343,21.16
CA_2,HOBBIES_2_002,12344,21.16
CA_2,HOBBIES_2_002,12345,21.16
CA_2,HOBBIES_2_002,12346,21.16
CA_2,HOBBIES_2_002,12347,21.16
CA_2,HOBBIES_2_002,12348,21.16
CA_2,HOBBIES_2_002,12349,21.16
CA_2,HOBBIES_2_002,12350,21.16
CA_2,HOBBIES_2_002,12351,21.16
CA_2,HOBBIES_2_002,12352,21.16
CA_2,HOBBIES_2_003,12152,25.23
CA_2,HOBBIES_2_003,12201,25.23
CA_2,HOBBIES_2_003,12202,25.23
CA_2,HOBBIES_2_003,12203,25.23
CA_2,HOBBIES_2_003,12204,25.23
CA_2,HOBBIES_2_003,12205,21.45
CA_2,HOBBIES_2_003,12206,25.23
CA_2,HOBBIES_2_003,12207,25.23
CA_2,HOBBIES_2_003,12208,21.45
CA_2,HOBBIES_2_003,12209,25.23
CA_2,HOBBIES_2_003,12210,25.23
CA_2,HOBBIES_2_003,12211,25.23
CA_2,HOBBIES_2_003,12212,25.23
CA_2,HOBBIES_2_003,12213,21.45
CA_2,HOBBIES_2_003,12214,25.23
CA_2,HOBBIES_2_003,12215,25.23
CA_2,HOBBIES_2_003,12216,25.23
CA_2,HOBBIES_2_003,12217,21.45
CA_2,HOBBIES_2_003,12218,25.23
CA_2,HOBBIES_2_003,12219,21.45
CA_2,HOBBIES_2_003,12220,25.23
CA_2,HOBBIES_2_003,12221,25.23
CA_2,HOBBIES_2_003,12222,25.23
CA_2,HOBBIES_2_003,12223,25.23
CA_2,HOBBIES_2_003,12224,25.23
CA_2,HOBBIES_2_003,12225,25.23
CA_2,HOBBIES_2_003,12226,21.45
CA_2,HOBBIES_2_003,12227,25.23
CA_2,HOBBIES_2_003,12228,25.23
CA_2,HOBBIES_2_003,12229,25.23
CA_2,HOBBIES_2_003,12230,25.23
CA_2,HOBBIES_2_003,12231,25.23
CA_2,HOBBIES_2_003,12232,21.45
CA_2,HOBBIES_2_003,12233,25.23
CA_2,HOBBIES_2_003,12234,25.23
CA_2,HOBBIES_2_003,12235,25.23
CA_2,HOBBIES_2_003,12236,25.23
CA_2,HOBBIES_2_003,12237,21.45
CA_2,HOBBIES_2_003,12238,25.23
CA_2,HOBBIES_2_003,12239,25.23
CA_2,HOBBIES_2_003,12240,25.23
CA_2,HOBBIES_2_003,12241,21.45
CA_2,HOBBIES_2_003,12242,25.23
CA_2,HOBBIES_2_003,12243,25.23
CA_2,HOBBIES_2_003,12244,25.23
CA_2,HOBBIES_2_003,12245,25.23
CA_2,HOBBIES_2_003,12246,25.23
CA_2,HOBBIES_2_003,12247,25.23
CA_2,HOBBIES_2_003,12248,25.23
CA_2,HOBBIES_2_003,12249,25.23
CA_2,HOBBIES_2_003,12250,25.23
CA_2,HOBBIES_2_003,12251,25.23
CA_2,HOBBIES_2_003,12252,25.23
CA_2,HOBBIES_2_003,12301,25.23
CA_2,HOBBIES_2_003,12302,21.45
CA_2,HOBBIES_2_003,12303,25.23
CA_2,HOBBIES_2_003,12304,25.23
CA_2,HOBBIES_2_003,12305,25.23
CA_2,HOBBIES_2_003,12306,21.45
CA_2,HOBBIES_2_003,12307,25.23
CA_2,HOBBIES_2_003,12308,25.23
CA_2,HOBBIES_2_003,12309,21.45
CA_2,HOBBIES_2_003,12310,25.23
CA_2,HOBBIES_2_003,12311,25.23
CA_2,HOBBIES_2_003,12312,25.23
CA_2,HOBBIES_2_003,12313,21.45
CA_2,HOBBIES_2_003,12314,21.45
CA_2,HOBBIES_2_003,12315,25.23
CA_2,HOBBIES_2_003,12316,21.45
CA_2,HOBBIES_2_003,12317,25.23
CA_2,HOBBIES_2_003,12318,21.45
CA_2,HOBBIES_2_003,12319,25.23
CA_2,HOBBIES_2_003,12320,21.45
CA_2,HOBBIES_2_003,12321,25.23
CA_2,HOBBIES_2_003,12322,25.23
CA_2,HOBBIES_2_003,12323,25.23
CA_2,HOBBIES_2_003,12324,25.23
CA_2,HOBBIES_2_003,12325,25.23
CA_2,HOBBIES_2_003,12326,25.23
CA_2,HOBBIES_2_003,12327,25.23
CA_2,HOBBIES_2_003,12328,25.23
CA_2,HOBBIES_2_003,12329,25.23
CA_2,HOBBIES_2_003,12330,25.23
CA_2,HOBBIES_2_003,12331,25.23
CA_2,HOBBIES_2_003,12332,25.23
CA_2,HOBBIES_2_003,12333,25.23
CA_2,HOBBIES_2_003,12334,25.23
CA_2,HOBBIES_2_003,12335,25.23
CA_2,HOBBIES_2_003,12336,25.23
CA_2,HOBBIES_2_003,12337,25.23
CA_2,HOBBIES_2_003,12338,25.23
CA_2,HOBBIES_2_003,12339,25.23
CA_2,HOBBIES_2_003,12340,25.23
CA_2,HOBBIES_2_003,12341,25.23
CA_2,HOBBIES_2_003,12342,21.45
CA_2,HOBBIES_2_003,12343,25.23
CA_2,HOBBIES_2_003,12344,25.23
CA_2,HOBBIES_2_003,12345,25.23
CA_2,HOBBIES_2_003,12346,25.23
CA_2,HOBBIES_2_003,12347,25.23
CA_2,HOBBIES_2_003,12348,25.23
CA_2,HOBBIES_2_003,12349,25.23
CA_2,HOBBIES_2_003,12350,25.23
CA_2,HOBBIES_2_003,12351,25.23
CA_2,HOBBIES_2_003,12352,25.23
CA_2,HOBBIES_2_004,12152,29.29
CA_2,HOBBIES_2_004,12201,29.29
CA_2,HOBBIES_2_004,12202,29.29
CA_2,HOBBIES_2_004,12203,29.29
CA_2,HOBBIES_2_004,12204,29.29
CA_2,HOBBIES_2_004,12205,29.29
CA_2,HOBBIES_2_004,12206,29.29
CA_2,HOBBIES_2_004,12207,29.29
CA_2,HOBBIES_2_004,12208,29.29
CA_2,HOBBIES_2_004,12209,29.29
CA_2,HOBBIES_2_004,12210,29.29
CA_2,HOBBIES_2_004,12211,29.29
CA_2,HOBBIES_2_004,12212,29.29
CA_2,HOBBIES_2_004,12213,29.29
CA_2,HOBBIES_2_004,12214,29.29
CA_2,HOBBIES_2_004,12215,29.29
CA_2,HOBBIES_2_004,12216,24.9
CA_2,HOBBIES_2_004,12217,29.29
CA_2,HOBBIES_2_004,12218,29.29
CA_2,HOBBIES_2_004,12219,29.29
CA_2,HOBBIES_2_004,12220,29.29
CA_2,HOBBIES_2_004,12221,29.29
CA_2,HOBBIES_2_004,12222,29.29
CA_2,HOBBIES_2_004,12223,29.29
CA_2,HOBBIES_2_004,12224,29.29
CA_2,HOBBIES_2_004,12225,29.29
CA_2,HOBBIES_2_004,12226,29.29
CA_2,HOBBIES_2_004,12227,29.29
CA_2,HOBBIES_2_004,12228,29.29
CA_2,HOBBIES_2_004,12229,29.29
CA_2,HOBBIES_2_004,12230,29.29
CA_2,HOBBIES_2_004,12231,29.29
CA_2,HOBBIES_2_004,12232,29.29
CA_2,HOBBIES_2_004,12233,29.29
CA_2,HOBBIES_2_004,12234,29.29
CA_2,HOBBIES_2_004,12235,29.29
CA_2,HOBBIES_2_004,12236,29.29
CA_2,HOBBIES_2_004,12237,29.29
CA_2,HOBBIES_2_004,12238,29.29
CA_2,HOBBIES_2_004,12239,29.29
CA_2,HOBBIES_2_004,12240,29.29
CA_2,HOBBIES_2_004,12241,24.9
CA_2,HOBBIES_2_004,12242,29.29
CA_2,HOBBIES_2_004,12243,24.9
CA_2,HOBBIES_2_004,12244,24.9
CA_2,HOBBIES_2_004,12245,29.29
CA_2,HOBBIES_2_004,12246,29.29
CA_2,HOBBIES_2_004,12247,29.29
CA_2,HOBBIES_2_004,12248,29.29
CA_2,HOBBIES_2_004,12249,29.29
CA_2,HOBBIES_2_004,12250,29.29
CA_2,HOBBIES_2_004,12251,29.29
CA_2,HOBBIES_2_004,12252,29.29
CA_2,HOBBIES_2_004,12301,29.29
CA_2,HOBBIES_2_004,12302,29.29
CA_2,HOBBIES_2_004,12303,29.29
CA_2,HOBBIES_2_004,12304,29.29
CA_2,HOBBIES_2_004,12305,29.29
CA_2,HOBBIES_2_004,12306,29.29
CA_2,HOBBIES_2_004,12307,24.9
CA_2,HOBBIES_2_004,12308,29.29
CA_2,HOBBIES_2_004,12309,24.9
CA_2,HOBBIES_2_004,12310,29.29
CA_2,HOBBIES_2_004,12311,29.29
CA_2,HOBBIES_2_004,12312,29.29
CA_2,HOBBIES_2_004,12313,29.29
CA_2,HOBBIES_2_004,12314,29.29
CA_2,HOBBIES_2_004,12315,29.29
CA_2,HOBBIES_2_004,12316,29.29
CA_2,HOBBIES_2_004,12317,29.29
CA_2,HOBBIES_2_004,12318,24.9
CA_2,HOBBIES_2_004,12319,29.29
CA_2,HOBBIES_2_004,12320,29.29
CA_2,HOBBIES_2_004,12321,29.29
CA_2,HOBBIES_2_004,12322,29.29
CA_2,HOBBIES_2_004,12323,29.29
CA_2,HOBBIES_2_004,12324,29.29
CA_2,HOBBIES_2_004,12325,29.29
CA_2,HOBBIES_2_004,12326,29.29
CA_2,HOBBIES_2_004,12327,29.29
CA_2,HOBBIES_2_004,12328,29.29
CA_2,HOBBIES_2_004,12329,24.9
CA_2,HOBBIES_2_004,12330,29.29
CA_2,HOBBIES_2_004,12331,29.29
CA_2,HOBBIES_2_004,12332,29.29
CA_2,HOBBIES_2_004,12333,29.29
CA_2,HOBBIES_2_004,12334,29.29
CA_2,HOBBIES_2_004,12335,29.29
CA_2,HOBBIES_2_004,12336,29.29
CA_2,HOBBIES_2_004,12337,29.29
CA_2,HOBBIES_2_004,12338,29.29
CA_2,HOBBIES_2_004,12339,29.29
CA_2,HOBBIES_2_004,12340,24.9
CA_2,HOBBIES_2_004,12341,29.29
CA_2,HOBBIES_2_004,12342,24.9
CA_2,HOBBIES_2_004,12343,29.29
CA_2,HOBBIES_2_004,12344,29.29
CA_2,HOBBIES_2_004,12345,29.29
CA_2,HOBBIES_2_004,12346,29.29
CA_2,HOBBIES_2_004,12347,29.29
CA_2,HOBBIES_2_004,12348,29.29
CA_2,HOBBIES_2_004,12349,29.29
CA_2,HOBBIES_2_004,12350,29.29
CA_2,HOBBIES_2_004,12351,29.29
CA_2,HOBBIES_2_004,12352,29.29
CA_2,HOUSEHOLD_1_001,12152,11.01
CA_2,HOUSEHOLD_1_001,12201,11.01
CA_2,HOUSEHOLD_1_001,12202,11.01
CA_2,HOUSEHOLD_1_001,12203,11.01
CA_2,HOUSEHOLD_1_001,12204,11.01
CA_2,HOUSEHOLD_1_001,12205,11.01
CA_2,HOUSEHOLD_1_001,12206,11.01
CA_2,HOUSEHOLD_1_001,12207,11.01
CA_2,HOUSEHOLD_1_001,12208,11.01
CA_2,HOUSEHOLD_1_001,12209,11.01
CA_2,HOUSEHOLD_1_001,12210,11.01
CA_2,HOUSEHOLD_1_001,12211,11.01
CA_2,HOUSEHOLD_1_001,12212,11.01
CA_2,HOUSEHOLD_1_001,12213,9.36
CA_2,HOUSEHOLD_1_001,12214,11.01
CA_2,HOUSEHOLD_1_001,12215,11.01
CA_2,HOUSEHOLD_1_001,12216,11.01
CA_2,HOUSEHOLD_1_001,12217,11.01
CA_2,HOUSEHOLD_1_001,12218,11.01
CA_2,HOUSEHOLD_1_001,12219,11.01
CA_2,HOUSEHOLD_1_001,12220,11.01
CA_2,HOUSEHOLD_1_001,12221,11.01
CA_2,HOUSEHOLD_1_001,12222,11.01
CA_2,HOUSEHOLD_1_001,12223,11.01
CA_2,HOUSEHOLD_1_001,12224,11.01
CA_2,HOUSEHOLD_1_001,12225,9.36
CA_2,HOUSEHOLD_1_001,12226,11.01
CA_2,HOUSEHOLD_1_001,12227,11.01
CA_2,HOUSEHOLD_1_001,12228,11.01
CA_2,HOUSEHOLD_1_001,12229,9.36
CA_2,HOUSEHOLD_1_001,12230,11.01
CA_2,HOUSEHOLD_1_001,12231,11.01
CA_2,HOUSEHOLD_1_001,12232,11.01
CA_2,HOUSEHOLD_1_001,12233,9.36
CA_2,HOUSEHOLD_1_001,12234,11.01
CA_2,HOUSEHOLD_1_001,12235,11.01
CA_2,HOUSEHOLD_1_001,12236,11.01
CA_2,HOUSEHOLD_1_001,12237,11.01
CA_2,HOUSEHOLD_1_001,12238,11.01
CA_2,HOUSEHOLD_1_001,12239,11.01
CA_2,HOUSEHOLD_1_001,12240,9.36
CA_2,HOUSEHOLD_1_001,12241,9.36
CA_2,HOUSEHOLD_1_001,12242,11.01
CA_2,HOUSEHOLD_1_001,12243,11.01
CA_2,HOUSEHOLD_1_001,12244,11.01
CA_2,HOUSEHOLD_1_001,12245,11.01
CA_2,HOUSEHOLD_1_001,12246,11.01
CA_2,HOUSEHOLD_1_001,12247,9.36
CA_2,HOUSEHOLD_1_001,12248,11.01
CA_2,HOUSEHOLD_1_001,12249,9.36
CA_2,HOUSEHOLD_1_001,12250,9.36
CA_2,HOUSEHOLD_1_001,12251,9.36
CA_2,HOUSEHOLD_1_001,12252,11.01
CA_2,HOUSEHOLD_1_001,12301,9.36
CA_2,HOUSEHOLD_1_001,12302,9.36
CA_2,HOUSEHOLD_1_001,12303,11.01
CA_2,HOUSEHOLD_1_001,12304,11.01
CA_2,HOUSEHOLD_1_001,12305,11.01
CA_2,HOUSEHOLD_1_001,12306,11.01
CA_2,HOUSEHOLD_1_001,12307,9.36
CA_2,HOUSEHOLD_1_001,12308,11.01
CA_2,HOUSEHOLD_1_001,12309,11.01
CA_2,HOUSEHOLD_1_001,12310,11.01
CA_2,HOUSEHOLD_1_001,12311,11.01
CA_2,HOUSEHOLD_1_001,12312,11.01
CA_2,HOUSEHOLD_1_001,12313,9.36
CA_2,HOUSEHOLD_1_001,12314,11.01
CA_2,HOUSEHOLD_1_001,12315,9.36
CA_2,HOUSEHOLD_1_001,12316,11.01
CA_2,HOUSEHOLD_1_001,12317,11.01
CA_2,HOUSEHOLD_1_001,12318,11.01
CA_2,HOUSEHOLD_1_001,12319,11.01
CA_2,HOUSEHOLD_1_001,12320,11.01
CA_2,HOUSEHOLD_1_001,12321,11.01
CA_2,HOUSEHOLD_1_001,12322,11.01
CA_2,HOUSEHOLD_1_001,12323,11.01
CA_2,HOUSEHOLD_1_001,12324,11.01
CA_2,HOUSEHOLD_1_001,12325,11.01
CA_2,HOUSEHOLD_1_001,12326,11.01
CA_2,HOUSEHOLD_1_001,12327,11.01
CA_2,HOUSEHOLD_1_001,12328,11.01
CA_2,HOUSEHOLD_1_001,12329,11.01
CA_2,HOUSEHOLD_1_001,12330,9.36
CA_2,HOUSEHOLD_1_001,12331,11.01
CA_2,HOUSEHOLD_1_001,12332,11.01
CA_2,HOUSEHOLD_1_001,12333,11.01
CA_2,HOUSEHOLD_1_001,12334,11.01
CA_2,HOUSEHOLD_1_001,12335,11.01
CA_2,HOUSEHOLD_1_001,12336,11.01
CA_2,HOUSEHOLD_1_001,12337,11.01
CA_2,HOUSEHOLD_1_001,12338,11.01
CA_2,HOUSEHOLD_1_001,12339,11.01
CA_2,HOUSEHOLD_1_001,12340,9.36
CA_2,HOUSEHOLD_1_001,12341,9.36
CA_2,HOUSEHOLD_1_001,12342,11.01
CA_2,HOUSEHOLD_1_001,12343,11.01
CA_2,HOUSEHOLD_1_001,12344,11.01
CA_2,HOUSEHOLD_1_001,12345,9.36
CA_2,HOUSEHOLD_1_001,12346,11.01
CA_2,HOUSEHOLD_1_001,12347,11.01
CA_2,HOUSEHOLD_1_001,12348,11.01
CA_2,HOUSEHOLD_1_001,12349,9.36
CA_2,HOUSEHOLD_1_001,12350,11.01
CA_2,HOUSEHOLD_1_001,12351,11.01
CA_2,HOUSEHOLD_1_001,12352,11.01
CA_2,HOUSEHOLD_1_002,12152,13.64
CA_2,HOUSEHOLD_1_002,12201,13.64
CA_2,HOUSEHOLD_1_002,12202,13.64
CA_2,HOUSEHOLD_1_002,12203,13.64
CA_2,HOUSEHOLD_1_002,12204,11.59
CA_2,HOUSEHOLD_1_002,12205,13.64
CA_2,HOUSEHOLD_1_002,12206,13.64
CA_2,HOUSEHOLD_1_002,12207,13.64
CA_2,HOUSEHOLD_1_002,12208,13.64
CA_2,HOUSEHOLD_1_002,12209,13.64
CA_2,HOUSEHOLD_1_002,12210,13.64
CA_2,HOUSEHOLD_1_002,12211,13.64
CA_2,HOUSEHOLD_1_002,12212,13.64
CA_2,HOUSEHOLD_1_002,12213,13.64
CA_2,HOUSEHOLD_1_002,12214,13.64
CA_2,HOUSEHOLD_1_002,12215,13.64
CA_2,HOUSEHOLD_1_002,12216,11.59
CA_2,HOUSEHOLD_1_002,12217,13.64
CA_2,HOUSEHOLD_1_002,12218,13.64
CA_2,HOUSEHOLD_1_002,12219,11.59
CA_2,HOUSEHOLD_1_002,12220,13.64
CA_2,HOUSEHOLD_1_002,12221,13.64
CA_2,HOUSEHOLD_1_002,12222,11.59
CA_2,HOUSEHOLD_1_002,12223,13.64
CA_2,HOUSEHOLD_1_002,12224,13.64
CA_2,HOUSEHOLD_1_002,12225,13.64
CA_2,HOUSEHOLD_1_002,12226,13.64
CA_2,HOUSEHOLD_1_002,12227,11.59
CA_2,HOUSEHOLD_1_002,12228,11.59
CA_2,HOUSEHOLD_1_002,12229,13.64
CA_2,HOUSEHOLD_1_002,12230,13.64
CA_2,HOUSEHOLD_1_002,12231,13.64
CA_2,HOUSEHOLD_1_002,12232,11.59
CA_2,HOUSEHOLD_1_002,12233,13.64
CA_2,HOUSEHOLD_1_002,12234,13.64
CA_2,HOUSEHOLD_1_002,12235,13.64
CA_2,HOUSEHOLD_1_002,12236,13.64
CA_2,HOUSEHOLD_1_002,12237,11.59
CA_2,HOUSEHOLD_1_002,12238,13.64
CA_2,HOUSEHOLD_1_002,12239,13.64
CA_2,HOUSEHOLD_1_002,12240,13.64
CA_2,HOUSEHOLD_1_002,12241,13.64
CA_2,HOUSEHOLD_1_002,12242,13.64
CA_2,HOUSEHOLD_1_002,12243,13.64
CA_2,HOUSEHOLD_1_002,12244,13.64
CA_2,HOUSEHOLD_1_002,12245,13.64
CA_2,HOUSEHOLD_1_002,12246,13.64
CA_2,HOUSEHOLD_1_002,12247,13.64
CA_2,HOUSEHOLD_1_002,12248,13.64
CA_2,HOUSEHOLD_1_002,12249,13.64
CA_2,HOUSEHOLD_1_002,12250,13.64
CA_2,HOUSEHOLD_1_002,12251,13.64
CA_2,HOUSEHOLD_1_002,12252,11.59
CA_2,HOUSEHOLD_1_002,12301,13.64
CA_2,HOUSEHOLD_1_002,12302,13.64
CA_2,HOUSEHOLD_1_002,12303,13.64
CA_2,HOUSEHOLD_1_002,12304,13.64
CA_2,HOUSEHOLD_1_002,12305,13.64
CA_2,HOUSEHOLD_1_002,12306,13.64
CA_2,HOUSEHOLD_1_002,12307,13.64
CA_2,HOUSEHOLD_1_002,12308,13.64
CA_2,HOUSEHOLD_1_002,12309,13.64
CA_2,HOUSEHOLD_1_002,12310,13.64
CA_2,HOUSEHOLD_1_002,12311,13.64
CA_2,HOUSEHOLD_1_002,12312,13.64
CA_2,HOUSEHOLD_1_002,12313,13.64
CA_2,HOUSEHOLD_1_002,12314,13.64
CA_2,HOUSEHOLD_1_002,12315,13.64
CA_2,HOUSEHOLD_1_002,12316,13.64
CA_2,HOUSEHOLD_1_002,12317,13.64
CA_2,HOUSEHOLD_1_002,12318,13.64
CA_2,HOUSEHOLD_1_002,12319,13.64
CA_2,HOUSEHOLD_1_002,12320,13.64
CA_2,HOUSEHOLD_1_002,12321,13.64
CA_2,HOUSEHOLD_1_002,12322,11.59
CA_2,HOUSEHOLD_1_002,12323,13.64
CA_2,HOUSEHOLD_1_002,12324,13.64
CA_2,HOUSEHOLD_1_002,12325,13.64
CA_2,HOUSEHOLD_1_002,12326,13.64
CA_2,HOUSEHOLD_1_002,12327,13.64
CA_2,HOUSEHOLD_1_002,12328,11.59
CA_2,HOUSEHOLD_1_002,12329,13.64
CA_2,HOUSEHOLD_1_002,12330,13.64
CA_2,HOUSEHOLD_1_002,12331,13.64
CA_2,HOUSEHOLD_1_002,12332,13.64
CA_2,HOUSEHOLD_1_002,12333,13.64
CA_2,HOUSEHOLD_1_002,12334,13.64
CA_2,HOUSEHOLD_1_002,12335,13.64
CA_2,HOUSEHOLD_1_002,12336,13.64
CA_2,HOUSEHOLD_1_002,12337,13.64
CA_2,HOUSEHOLD_1_002,12338,11.59
CA_2,HOUSEHOLD_1_002,12339,13.64
CA_2,HOUSEHOLD_1_002,12340,13.64
CA_2,HOUSEHOLD_1_002,12341,11.59
CA_2,HOUSEHOLD_1_002,12342,13.64
CA_2,HOUSEHOLD_1_002,12343,13.64
CA_2,HOUSEHOLD_1_002,12344,13.64
CA_2,HOUSEHOLD_1_002,12345,13.64
CA_2,HOUSEHOLD_1_002,12346,13.64
CA_2,HOUSEHOLD_1_002,12347,13.64
CA_2,HOUSEHOLD_1_002,12348,13.64
CA_2,HOUSEHOLD_1_002,12349,13.64
CA_2,HOUSEHOLD_1_002,12350,13.64
CA_2,HOUSEHOLD_1_002,12351,13.64
CA_2,HOUSEHOLD_1_002,12352,13.64
CA_2,HOUSEHOLD_1_003,12152,16.25
CA_2,HOUSEHOLD_1_003,12201,16.25
CA_2,HOUSEHOLD_1_003,12202,16.25
CA_2,HOUSEHOLD_1_003,12203,13.82
CA_2,HOUSEHOLD_1_003,12204,16.25
CA_2,HOUSEHOLD_1_003,12205,16.25
CA_2,HOUSEHOLD_1_003,12206,13.82
CA_2,HOUSEHOLD_1_003,12207,16.25
CA_2,HOUSEHOLD_1_003,12208,16.25
CA_2,HOUSEHOLD_1_003,12209,16.25
CA_2,HOUSEHOLD_1_003,12210,16.25
CA_2,HOUSEHOLD_1_003,12211,16.25
CA_2,HOUSEHOLD_1_003,12212,16.25
CA_2,HOUSEHOLD_1_003,12213,13.82
CA_2,HOUSEHOLD_1_003,12214,16.25
CA_2,HOUSEHOLD_1_003,12215,16.25
CA_2,HOUSEHOLD_1_003,12216,16.25
CA_2,HOUSEHOLD_1_003,12217,16.25
CA_2,HOUSEHOLD_1_003,12218,16.25
CA_2,HOUSEHOLD_1_003,12219,16.25
CA_2,HOUSEHOLD_1_003,12220,16.25
CA_2,HOUSEHOLD_1_003,12221,13.82
CA_2,HOUSEHOLD_1_003,12222,16.25
CA_2,HOUSEHOLD_1_003,12223,16.25
CA_2,HOUSEHOLD_1_003,12224,16.25
CA_2,HOUSEHOLD_1_003,12225,16.25
CA_2,HOUSEHOLD_1_003,12226,16.25
CA_2,HOUSEHOLD_1_003,12227,16.25
CA_2,HOUSEHOLD_1_003,12228,16.25
CA_2,HOUSEHOLD_1_003,12229,16.25
CA_2,HOUSEHOLD_1_003,12230,16.25
CA_2,HOUSEHOLD_1_003,12231,16.25
CA_2,HOUSEHOLD_1_003,12232,16.25
CA_2,HOUSEHOLD_1_003,12233,16.25
CA_2,HOUSEHOLD_1_003,12234,16.25
CA_2,HOUSEHOLD_1_003,12235,16.25
CA_2,HOUSEHOLD_1_003,12236,16.25
CA_2,HOUSEHOLD_1_003,12237,13.82
CA_2,HOUSEHOLD_1_003,12238,13.82
CA_2,HOUSEHOLD_1_003,12239,16.25
CA_2,HOUSEHOLD_1_003,12240,16.25
CA_2,HOUSEHOLD_1_003,12241,16.25
CA_2,HOUSEHOLD_1_003,12242,13.82
CA_2,HOUSEHOLD_1_003,12243,13.82
CA_2,HOUSEHOLD_1_003,12244,16.25
CA_2,HOUSEHOLD_1_003,12245,13.82
CA_2,HOUSEHOLD_1_003,12246,16.25
CA_2,HOUSEHOLD_1_003,12247,16.25
CA_2,HOUSEHOLD_1_003,12248,16.25
CA_2,HOUSEHOLD_1_003,12249,13.82
CA_2,HOUSEHOLD_1_003,12250,16.25
CA_2,HOUSEHOLD_1_003,12251,13.82
CA_2,HOUSEHOLD_1_003,12252,16.25
CA_2,HOUSEHOLD_1_003,12301,16.25
CA_2,HOUSEHOLD_1_003,12302,16.25
CA_2,HOUSEHOLD_1_003,12303,16.25
CA_2,HOUSEHOLD_1_003,12304,16.25
CA_2,HOUSEHOLD_1_003,12305,16.25
CA_2,HOUSEHOLD_1_003,12306,16.25
CA_2,HOUSEHOLD_1_003,12307,16.25
CA_2,HOUSEHOLD_1_003,12308,16.25
CA_2,HOUSEHOLD_1_003,12309,16.25
CA_2,HOUSEHOLD_1_003,12310,16.25
CA_2,HOUSEHOLD_1_003,12311,16.25
CA_2,HOUSEHOLD_1_003,12312,16.25
CA_2,HOUSEHOLD_1_003,12313,16.25
CA_2,HOUSEHOLD_1_003,12314,16.25
CA_2,HOUSEHOLD_1_003,12315,16.25
CA_2,HOUSEHOLD_1_003,12316,13.82
CA_2,HOUSEHOLD_1_003,12317,16.25
CA_2,HOUSEHOLD_1_003,12318,16.25
CA_2,HOUSEHOLD_1_003,12319,16.25
CA_2,HOUSEHOLD_1_003,12320,16.25
CA_2,HOUSEHOLD_1_003,12321,16.25
CA_2,HOUSEHOLD_1_003,12322,13.82
CA_2,HOUSEHOLD_1_003,12323,16.25
CA_2,HOUSEHOLD_1_003,12324,13.82
CA_2,HOUSEHOLD_1_003,12325,16.25
CA_2,HOUSEHOLD_1_003,12326,16.25
CA_2,HOUSEHOLD_1_003,12327,16.25
CA_2,HOUSEHOLD_1_003,12328,16.25
CA_2,HOUSEHOLD_1_003,12329,16.25
CA_2,HOUSEHOLD_1_003,12330,13.82
CA_2,HOUSEHOLD_1_003,12331,16.25
CA_2,HOUSEHOLD_1_003,12332,16.25
CA_2,HOUSEHOLD_1_003,12333,16.25
CA_2,HOUSEHOLD_1_003,12334,16.25
CA_2,HOUSEHOLD_1_003,12335,16.25
CA_2,HOUSEHOLD_1_003,12336,16.25
CA_2,HOUSEHOLD_1_003,12337,13.82
CA_2,HOUSEHOLD_1_003,12338,16.25
CA_2,HOUSEHOLD_1_003,12339,16.25
CA_2,HOUSEHOLD_1_003,12340,13.82
CA_2,HOUSEHOLD_1_003,12341,16.25
CA_2,HOUSEHOLD_1_003,12342,16.25
CA_2,HOUSEHOLD_1_003,12343,16.25
CA_2,HOUSEHOLD_1_003,12344,13.82
CA_2,HOUSEHOLD_1_003,12345,16.25
CA_2,HOUSEHOLD_1_003,12346,16.25
CA_2,HOUSEHOLD_1_003,12347,16.25
CA_2,HOUSEHOLD_1_003,12348,16.25
CA_2,HOUSEHOLD_1_003,12349,16.25
CA_2,HOUSEHOLD_1_003,12350,16.25
CA_2,HOUSEHOLD_1_003,12351,16.25
CA_2,HOUSEHOLD_1_003,12352,16.25
CA_2,HOUSEHOLD_1_004,12152,18.88
CA_2,HOUSEHOLD_1_004,12201,18.88
CA_2,HOUSEHOLD_1_004,12202,18.88
CA_2,HOUSEHOLD_1_004,12203,18.88
CA_2,HOUSEHOLD_1_004,12204,18.88
CA_2,HOUSEHOLD_1_004,12205,18.88
CA_2,HOUSEHOLD_1_004,12206,18.88
CA_2,HOUSEHOLD_1_004,12207,18.88
CA_2,HOUSEHOLD_1_004,12208,18.88
CA_2,HOUSEHOLD_1_004,12209,18.88
CA_2,HOUSEHOLD_1_004,12210,18.88
CA_2,HOUSEHOLD_1_004,12211,18.88
CA_2,HOUSEHOLD_1_004,12212,18.88
CA_2,HOUSEHOLD_1_004,12213,18.88
CA_2,HOUSEHOLD_1_004,12214,18.88
CA_2,HOUSEHOLD_1_004,12215,18.88
CA_2,HOUSEHOLD_1_004,12216,18.88
CA_2,HOUSEHOLD_1_004,12217,18.88
CA_2,HOUSEHOLD_1_004,12218,18.88
CA_2,HOUSEHOLD_1_004,12219,18.88
CA_2,HOUSEHOLD_1_004,12220,18.88
CA_2,HOUSEHOLD_1_004,12221,18.88
CA_2,HOUSEHOLD_1_004,12222,18.88
CA_2,HOUSEHOLD_1_004,12223,18.88
CA_2,HOUSEHOLD_1_004,12224,18.88
CA_2,HOUSEHOLD_1_004,12225,18.88
CA_2,HOUSEHOLD_1_004,12226,18.88
CA_2,HOUSEHOLD_1_004,12227,18.88
CA_2,HOUSEHOLD_1_004,12228,16.05
CA_2,HOUSEHOLD_1_004,12229,18.88
CA_2,HOUSEHOLD_1_004,12230,18.88
CA_2,HOUSEHOLD_1_004,12231,18.88
CA_2,HOUSEHOLD_1_004,12232,18.88
CA_2,HOUSEHOLD_1_004,12233,18.88
CA_2,HOUSEHOLD_1_004,12234,18.88
CA_2,HOUSEHOLD_1_004,12235,16.05
CA_2,HOUSEHOLD_1_004,12236,18.88
CA_2,HOUSEHOLD_1_004,12237,18.88
CA_2,HOUSEHOLD_1_004,12238,18.88
CA_2,HOUSEHOLD_1_004,12239,18.88
CA_2,HOUSEHOLD_1_004,12240,18.88
CA_2,HOUSEHOLD_1_004,12241,16.05
CA_2,HOUSEHOLD_1_004,12242,18.88
CA_2,HOUSEHOLD_1_004,12243,18.88
CA_2,HOUSEHOLD_1_004,12244,18.88
CA_2,HOUSEHOLD_1_004,12245,18.88
CA_2,HOUSEHOLD_1_004,12246,18.88
CA_2,HOUSEHOLD_1_004,12247,18.88
CA_2,HOUSEHOLD_1_004,12248,18.88
CA_2,HOUSEHOLD_1_004,12249,18.88
CA_2,HOUSEHOLD_1_004,12250,18.88
CA_2,HOUSEHOLD_1_004,12251,18.88
CA_2,HOUSEHOLD_1_004,12252,18.88
CA_2,HOUSEHOLD_1_004,12301,18.88
CA_2,HOUSEHOLD_1_004,12302,18.88
CA_2,HOUSEHOLD_1_004,12303,18.88
CA_2,HOUSEHOLD_1_004,12304,18.88
CA_2,HOUSEHOLD_1_004,12305,18.88
CA_2,HOUSEHOLD_1_004,12306,16.05
CA_2,HOUSEHOLD_1_004,12307,16.05
CA_2,HOUSEHOLD_1_004,12308,18.88
CA_2,HOUSEHOLD_1_004,12309,18.88
CA_2,HOUSEHOLD_1_004,12310,18.88
CA_2,HOUSEHOLD_1_004,12311,18.88
CA_2,HOUSEHOLD_1_004,12312,18.88
CA_2,HOUSEHOLD_1_004,12313,18.88
CA_2,HOUSEHOLD_1_004,12314,18.88
CA_2,HOUSEHOLD_1_004,12315,18.88
CA_2,HOUSEHOLD_1_004,12316,18.88
CA_2,HOUSEHOLD_1_004,12317,18.88
CA_2,HOUSEHOLD_1_004,12318,18.88
CA_2,HOUSEHOLD_1_004,12319,18.88
CA_2,HOUSEHOLD_1_004,12320,18.88
CA_2,HOUSEHOLD_1_004,12321,18.88
CA_2,HOUSEHOLD_1_004,12322,18.88
CA_2,HOUSEHOLD_1_004,12323,18.88
CA_2,HOUSEHOLD_1_004,12324,16.05
CA_2,HOUSEHOLD_1_004,12325,18.88
CA_2,HOUSEHOLD_1_004,12326,16.05
CA_2,HOUSEHOLD_1_004,12327,18.88
CA_2,HOUSEHOLD_1_004,12328,18.88
CA_2,HOUSEHOLD_1_004,12329,18.88
CA_2,HOUSEHOLD_1_004,12330,18.88
CA_2,HOUSEHOLD_1_004,12331,16.05
CA_2,HOUSEHOLD_1_004,12332,18.88
CA_2,HOUSEHOLD_1_004,12333,18.88
CA_2,HOUSEHOLD_1_004,12334,18.88
CA_2,HOUSEHOLD_1_004,12335,16.05
CA_2,HOUSEHOLD_1_004,12336,18.88
CA_2,HOUSEHOLD_1_004,12337,16.05
CA_2,HOUSEHOLD_1_004,12338,18.88
CA_2,HOUSEHOLD_1_004,12339,18.88
CA_2,HOUSEHOLD_1_004,12340,18.88
CA_2,HOUSEHOLD_1_004,12341,18.88
CA_2,HOUSEHOLD_1_004,12342,16.05
CA_2,HOUSEHOLD_1_004,12343,18.88
CA_2,HOUSEHOLD_1_004,12344,18.88
CA_2,HOUSEHOLD_1_004,12345,18.88
CA_2,HOUSEHOLD_1_004,12346,18.88
CA_2,HOUSEHOLD_1_004,12347,18.88
CA_2,HOUSEHOLD_1_004,12348,18.88
CA_2,HOUSEHOLD_1_004,12349,18.88
CA_2,HOUSEHOLD_1_004,12350,18.88
CA_2,HOUSEHOLD_1_004,12351,18.88
CA_2,HOUSEHOLD_1_004,12352,18.88
CA_2,HOUSEHOLD_2_001,12152,11.01
CA_2,HOUSEHOLD_2_001,12201,11.01
CA_2,HOUSEHOLD_2_001,12202,9.36
CA_2,HOUSEHOLD_2_001,12203,11.01
CA_2,HOUSEHOLD_2_001,12204,11.01
CA_2,HOUSEHOLD_2_001,12205,11.01
CA_2,HOUSEHOLD_2_001,12206,11.01
CA_2,HOUSEHOLD_2_001,12207,11.01
CA_2,HOUSEHOLD_2_001,12208,11.01
CA_2,HOUSEHOLD_2_001,12209,11.01
CA_2,HOUSEHOLD_2_001,12210,11.01
CA_2,HOUSEHOLD_2_001,12211,11.01
CA_2,HOUSEHOLD_2_001,12212,9.36
CA_2,HOUSEHOLD_2_001,12213,11.01
CA_2,HOUSEHOLD_2_001,12214,9.36
CA_2,HOUSEHOLD_2_001,12215,11.01
CA_2,HOUSEHOLD_2_001,12216,11.01
CA_2,HOUSEHOLD_2_001,12217,11.01
CA_2,HOUSEHOLD_2_001,12218,11.01
CA_2,HOUSEHOLD_2_001,12219,11.01
CA_2,HOUSEHOLD_2_001,12220,11.01
CA_2,HOUSEHOLD_2_001,12221,11.01
CA_2,HOUSEHOLD_2_001,12222,11.01
CA_2,HOUSEHOLD_2_001,12223,11.01
CA_2,HOUSEHOLD_2_001,12224,11.01
CA_2,HOUSEHOLD_2_001,12225,11.01
CA_2,HOUSEHOLD_2_001,12226,11.01
CA_2,HOUSEHOLD_2_001,12227,11.01
CA_2,HOUSEHOLD_2_001,12228,11.01
CA_2,HOUSEHOLD_2_001,12229,11.01
CA_2,HOUSEHOLD_2_001,12230,11.01
CA_2,HOUSEHOLD_2_001,12231,11.01
CA_2,HOUSEHOLD_2_001,12232,11.01
CA_2,HOUSEHOLD_2_001,12233,11.01
CA_2,HOUSEHOLD_2_001,12234,11.01
CA_2,HOUSEHOLD_2_001,12235,11.01
CA_2,HOUSEHOLD_2_001,12236,11.01
CA_2,HOUSEHOLD_2_001,12237,11.01
CA_2,HOUSEHOLD_2_001,12238,11.01
CA_2,HOUSEHOLD_2_001,12239,11.01
CA_2,HOUSEHOLD_2_001,12240,11.01
CA_2,HOUSEHOLD_2_001,12241,9.36
CA_2,HOUSEHOLD_2_001,12242,11.01
CA_2,HOUSEHOLD_2_001,12243,11.01
CA_2,HOUSEHOLD_2_001,12244,11.01
CA_2,HOUSEHOLD_2_001,12245,11.01
CA_2,HOUSEHOLD_2_001,12246,11.01
CA_2,HOUSEHOLD_2_001,12247,11.01
CA_2,HOUSEHOLD_2_001,12248,11.01
CA_2,HOUSEHOLD_2_001,12249,11.01
CA_2,HOUSEHOLD_2_001,12250,9.36
CA_2,HOUSEHOLD_2_001,12251,11.01
CA_2,HOUSEHOLD_2_001,12252,11.01
CA_2,HOUSEHOLD_2_001,12301,11.01
CA_2,HOUSEHOLD_2_001,12302,9.36
CA_2,HOUSEHOLD_2_001,12303,11.01
CA_2,HOUSEHOLD_2_001,12304,11.01
CA_2,HOUSEHOLD_2_001,12305,11.01
CA_2,HOUSEHOLD_2_001,12306,9.36
CA_2,HOUSEHOLD_2_001,12307,11.01
CA_2,HOUSEHOLD_2_001,12308,11.01
CA_2,HOUSEHOLD_2_001,12309,11.01
CA_2,HOUSEHOLD_2_001,12310,11.01
CA_2,HOUSEHOLD_2_001,12311,11.01
CA_2,HOUSEHOLD_2_001,12312,11.01
CA_2,HOUSEHOLD_2_001,12313,9.36
CA_2,HOUSEHOLD_2_001,12314,11.01
CA_2,HOUSEHOLD_2_001,12315,9.36
CA_2,HOUSEHOLD_2_001,12316,11.01
CA_2,HOUSEHOLD_2_001,12317,11.01
CA_2,HOUSEHOLD_2_001,12318,11.01
CA_2,HOUSEHOLD_2_001,12319,9.36
CA_2,HOUSEHOLD_2_001,12320,11.01
CA_2,HOUSEHOLD_2_001,12321,11.01
CA_2,HOUSEHOLD_2_001,12322,11.01
CA_2,HOUSEHOLD_2_001,12323,9.36
CA_2,HOUSEHOLD_2_001,12324,9.36
CA_2,HOUSEHOLD_2_001,12325,11.01
CA_2,HOUSEHOLD_2_001,12326,11.01
CA_2,HOUSEHOLD_2_001,12327,11.01
CA_2,HOUSEHOLD_2_001,12328,9.36
CA_2,HOUSEHOLD_2_001,12329,11.01
CA_2,HOUSEHOLD_2_001,12330,11.01
CA_2,HOUSEHOLD_2_001,12331,11.01
CA_2,HOUSEHOLD_2_001,12332,11.01
CA_2,HOUSEHOLD_2_001,12333,9.36
CA_2,HOUSEHOLD_2_001,12334,9.36
CA_2,HOUSEHOLD_2_001,12335,9.36
CA_2,HOUSEHOLD_2_001,12336,11.01
CA_2,HOUSEHOLD_2_001,12337,9.36
CA_2,HOUSEHOLD_2_001,12338,11.01
CA_2,HOUSEHOLD_2_001,12339,11.01
CA_2,HOUSEHOLD_2_001,12340,11.01
CA_2,HOUSEHOLD_2_001,12341,11.01
CA_2,HOUSEHOLD_2_001,12342,11.01
CA_2,HOUSEHOLD_2_001,12343,11.01
CA_2,HOUSEHOLD_2_001,12344,9.36
CA_2,HOUSEHOLD_2_001,12345,11.01
CA_2,HOUSEHOLD_2_001,12346,11.01
CA_2,HOUSEHOLD_2_001,12347,11.01
CA_2,HOUSEHOLD_2_001,12348,11.01
CA_2,HOUSEHOLD_2_001,12349,11.01
CA_2,HOUSEHOLD_2_001,12350,11.01
CA_2,HOUSEHOLD_2_001,12351,11.01
CA_2,HOUSEHOLD_2_001,12352,11.01
CA_2,HOUSEHOLD_2_002,12152,11.59
CA_2,HOUSEHOLD_2_002,12201,13.64
CA_2,HOUSEHOLD_2_002,12202,13.64
CA_2,HOUSEHOLD_2_002,12203,13.64
CA_2,HOUSEHOLD_2_002,12204,13.64
CA_2,HOUSEHOLD_2_002,12205,13.64
CA_2,HOUSEHOLD_2_002,12206,11.59
CA_2,HOUSEHOLD_2_002,12207,13.64
CA_2,HOUSEHOLD_2_002,12208,13.64
CA_2,HOUSEHOLD_2_002,12209,13.64
CA_2,HOUSEHOLD_2_002,12210,11.59
CA_2,HOUSEHOLD_2_002,12211,13.64
CA_2,HOUSEHOLD_2_002,12212,13.64
CA_2,HOUSEHOLD_2_002,12213,13.64
CA_2,HOUSEHOLD_2_002,12214,13.64
CA_2,HOUSEHOLD_2_002,12215,11.59
CA_2,HOUSEHOLD_2_002,12216,13.64
CA_2,HOUSEHOLD_2_002,12217,13.64
CA_2,HOUSEHOLD_2_002,12218,13.64
CA_2,HOUSEHOLD_2_002,12219,13.64
CA_2,HOUSEHOLD_2_002,12220,11.59
CA_2,HOUSEHOLD_2_002,12221,13.64
CA_2,HOUSEHOLD_2_002,12222,13.64
CA_2,HOUSEHOLD_2_002,12223,13.64
CA_2,HOUSEHOLD_2_002,12224,13.64
CA_2,HOUSEHOLD_2_002,12225,13.64
CA_2,HOUSEHOLD_2_002,12226,13.64
CA_2,HOUSEHOLD_2_002,12227,11.59
CA_2,HOUSEHOLD_2_002,12228,13.64
CA_2,HOUSEHOLD_2_002,12229,13.64
CA_2,HOUSEHOLD_2_002,12230,13.64
CA_2,HOUSEHOLD_2_002,12231,13.64
CA_2,HOUSEHOLD_2_002,12232,13.64
CA_2,HOUSEHOLD_2_002,12233,13.64
CA_2,HOUSEHOLD_2_002,12234,13.64
CA_2,HOUSEHOLD_2_002,12235,13.64
CA_2,HOUSEHOLD_2_002,12236,13.64
CA_2,HOUSEHOLD_2_002,12237,11.59
CA_2,HOUSEHOLD_2_002,12238,13.64
CA_2,HOUSEHOLD_2_002,12239,11.59
CA_2,HOUSEHOLD_2_002,12240,13.64
CA_2,HOUSEHOLD_2_002,12241,13.64
CA_2,HOUSEHOLD_2_002,12242,13.64
CA_2,HOUSEHOLD_2_002,12243,13.64
CA_2,HOUSEHOLD_2_002,12244,13.64
CA_2,HOUSEHOLD_2_002,12245,11.59
CA_2,HOUSEHOLD_2_002,12246,13.64
CA_2,HOUSEHOLD_2_002,12247,13.64
CA_2,HOUSEHOLD_2_002,12248,13.64
CA_2,HOUSEHOLD_2_002,12249,13.64
CA_2,HOUSEHOLD_2_002,12250,13.64
CA_2,HOUSEHOLD_2_002,12251,13.64
CA_2,HOUSEHOLD_2_002,12252,13.64
CA_2,HOUSEHOLD_2_002,12301,13.64
CA_2,HOUSEHOLD_2_002,12302,13.64
CA_2,HOUSEHOLD_2_002,12303,11.59
CA_2,HOUSEHOLD_2_002,12304,13.64
CA_2,HOUSEHOLD_2_002,12305,13.64
CA_2,HOUSEHOLD_2_002,12306,13.64
CA_2,HOUSEHOLD_2_002,12307,11.59
CA_2,HOUSEHOLD_2_002,12308,13.64
CA_2,HOUSEHOLD_2_002,12309,13.64
CA_2,HOUSEHOLD_2_002,12310,13.64
CA_2,HOUSEHOLD_2_002,12311,13.64
CA_2,HOUSEHOLD_2_002,12312,11.59
CA_2,HOUSEHOLD_2_002,12313,13.64
CA_2,HOUSEHOLD_2_002,12314,13.64
CA_2,HOUSEHOLD_2_002,12315,13.64
CA_2,HOUSEHOLD_2_002,12316,13.64
CA_2,HOUSEHOLD_2_002,12317,13.64
CA_2,HOUSEHOLD_2_002,12318,11.59
CA_2,HOUSEHOLD_2_002,12319,13.64
CA_2,HOUSEHOLD_2_002,12320,13.64
CA_2,HOUSEHOLD_2_002,12321,11.59
CA_2,HOUSEHOLD_2_002,12322,11.59
CA_2,HOUSEHOLD_2_002,12323,13.64
CA_2,HOUSEHOLD_2_002,12324,13.64
CA_2,HOUSEHOLD_2_002,12325,13.64
CA_2,HOUSEHOLD_2_002,12326,13.64
CA_2,HOUSEHOLD_2_002,12327,13.64
CA_2,HOUSEHOLD_2_002,12328,13.64
CA_2,HOUSEHOLD_2_002,12329,11.59
CA_2,HOUSEHOLD_2_002,12330,13.64
CA_2,HOUSEHOLD_2_002,12331,13.64
CA_2,HOUSEHOLD_2_002,12332,13.64
CA_2,HOUSEHOLD_2_002,12333,13.64
CA_2,HOUSEHOLD_2_002,12334,13.64
CA_2,HOUSEHOLD_2_002,12335,13.64
CA_2,HOUSEHOLD_2_002,12336,13.64
CA_2,HOUSEHOLD_2_002,12337,11.59
CA_2,HOUSEHOLD_2_002,12338,11.59
CA_2,HOUSEHOLD_2_002,12339,13.64
CA_2,HOUSEHOLD_2_002,12340,13.64
CA_2,HOUSEHOLD_2_002,12341,13.64
CA_2,HOUSEHOLD_2_002,12342,13.64
CA_2,HOUSEHOLD_2_002,12343,13.64
CA_2,HOUSEHOLD_2_002,12344,11.59
CA_2,HOUSEHOLD_2_002,12345,13.64
CA_2,HOUSEHOLD_2_002,12346,13.64
CA_2,HOUSEHOLD_2_002,12347,13.64
CA_2,HOUSEHOLD_2_002,12348,13.64
CA_2,HOUSEHOLD_2_002,12349,13.64
CA_2,HOUSEHOLD_2_002,12350,13.64
CA_2,HOUSEHOLD_2_002,12351,11.59
CA_2,HOUSEHOLD_2_002,12352,13.64
CA_2,HOUSEHOLD_2_003,12152,16.25
CA_2,HOUSEHOLD_2_003,12201,16.25
CA_2,HOUSEHOLD_2_003,12202,16.25
CA_2,HOUSEHOLD_2_003,12203,16.25
CA_2,HOUSEHOLD_2_003,12204,16.25
CA_2,HOUSEHOLD_2_003,12205,13.82
CA_2,HOUSEHOLD_2_003,12206,16.25
CA_2,HOUSEHOLD_2_003,12207,16.25
CA_2,HOUSEHOLD_2_003,12208,16.25
CA_2,HOUSEHOLD_2_003,12209,16.25
CA_2,HOUSEHOLD_2_003,12210,16.25
CA_2,HOUSEHOLD_2_003,12211,16.25
CA_2,HOUSEHOLD_2_003,12212,16.25
CA_2,HOUSEHOLD_2_003,12213,16.25
CA_2,HOUSEHOLD_2_003,12214,13.82
CA_2,HOUSEHOLD_2_003,12215,16.25
CA_2,HOUSEHOLD_2_003,12216,16.25
CA_2,HOUSEHOLD_2_003,12217,16.25
CA_2,HOUSEHOLD_2_003,12218,13.82
CA_2,HOUSEHOLD_2_003,12219,16.25
CA_2,HOUSEHOLD_2_003,12220,16.25
CA_2,HOUSEHOLD_2_003,12221,16.25
CA_2,HOUSEHOLD_2_003,12222,16.25
CA_2,HOUSEHOLD_2_003,12223,16.25
CA_2,HOUSEHOLD_2_003,12224,16.25
CA_2,HOUSEHOLD_2_003,12225,16.25
CA_2,HOUSEHOLD_2_003,12226,16.25
CA_2,HOUSEHOLD_2_003,12227,16.25
CA_2,HOUSEHOLD_2_003,12228,16.25
CA_2,HOUSEHOLD_2_003,12229,16.25
CA_2,HOUSEHOLD_2_003,12230,16.25
CA_2,HOUSEHOLD_2_003,12231,16.25
CA_2,HOUSEHOLD_2_003,12232,16.25
CA_2,HOUSEHOLD_2_003,12233,16.25
CA_2,HOUSEHOLD_2_003,12234,16.25
CA_2,HOUSEHOLD_2_003,12235,16.25
CA_2,HOUSEHOLD_2_003,12236,16.25
CA_2,HOUSEHOLD_2_003,12237,13.82
CA_2,HOUSEHOLD_2_003,12238,16.25
CA_2,HOUSEHOLD_2_003,12239,16.25
CA_2,HOUSEHOLD_2_003,12240,16.25
CA_2,HOUSEHOLD_2_003,12241,16.25
CA_2,HOUSEHOLD_2_003,12242,16.25
CA_2,HOUSEHOLD_2_003,12243,16.25
CA_2,HOUSEHOLD_2_003,12244,16.25
CA_2,HOUSEHOLD_2_003,12245,16.25
CA_2,HOUSEHOLD_2_003,12246,16.25
CA_2,HOUSEHOLD_2_003,12247,16.25
CA_2,HOUSEHOLD_2_003,12248,13.82
CA_2,HOUSEHOLD_2_003,12249,13.82
CA_2,HOUSEHOLD_2_003,12250,13.82
CA_2,HOUSEHOLD_2_003,12251,16.25
CA_2,HOUSEHOLD_2_003,12252,16.25
CA_2,HOUSEHOLD_2_003,12301,13.82
CA_2,HOUSEHOLD_2_003,12302,13.82
CA_2,HOUSEHOLD_2_003,12303,16.25
CA_2,HOUSEHOLD_2_003,12304,16.25
CA_2,HOUSEHOLD_2_003,12305,13.82
CA_2,HOUSEHOLD_2_003,12306,16.25
CA_2,HOUSEHOLD_2_003,12307,16.25
CA_2,HOUSEHOLD_2_003,12308,16.25
CA_2,HOUSEHOLD_2_003,12309,16.25
CA_2,HOUSEHOLD_2_003,12310,16.25
CA_2,HOUSEHOLD_2_003,12311,16.25
CA_2,HOUSEHOLD_2_003,12312,16.25
CA_2,HOUSEHOLD_2_003,12313,16.25
CA_2,HOUSEHOLD_2_003,12314,16.25
CA_2,HOUSEHOLD_2_003,12315,16.25
CA_2,HOUSEHOLD_2_003,12316,13.82
CA_2,HOUSEHOLD_2_003,12317,16.25
CA_2,HOUSEHOLD_2_003,12318,16.25
CA_2,HOUSEHOLD_2_003,12319,16.25
CA_2,HOUSEHOLD_2_003,12320,16.25
CA_2,HOUSEHOLD_2_003,12321,16.25
CA_2,HOUSEHOLD_2_003,12322,16.25
CA_2,HOUSEHOLD_2_003,12323,16.25
CA_2,HOUSEHOLD_2_003,12324,16.25
CA_2,HOUSEHOLD_2_003,12325,16.25
CA_2,HOUSEHOLD_2_003,12326,16.25
CA_2,HOUSEHOLD_2_003,12327,16.25
CA_2,HOUSEHOLD_2_003,12328,16.25
CA_2,HOUSEHOLD_2_003,12329,16.25
CA_2,HOUSEHOLD_2_003,12330,13.82
CA_2,HOUSEHOLD_2_003,12331,16.25
CA_2,HOUSEHOLD_2_003,12332,16.25
CA_2,HOUSEHOLD_2_003,12333,16.25
CA_2,HOUSEHOLD_2_003,12334,16.25
CA_2,HOUSEHOLD_2_003,12335,16.25
CA_2,HOUSEHOLD_2_003,12336,16.25
CA_2,HOUSEHOLD_2_003,12337,16.25
CA_2,HOUSEHOLD_2_003,12338,16.25
CA_2,HOUSEHOLD_2_003,12339,16.25
CA_2,HOUSEHOLD_2_003,12340,16.25
CA_2,HOUSEHOLD_2_003,12341,16.25
CA_2,HOUSEHOLD_2_003,12342,16.25
CA_2,HOUSEHOLD_2_003,12343,16.25
CA_2,HOUSEHOLD_2_003,12344,16.25
CA_2,HOUSEHOLD_2_003,12345,13.82
CA_2,HOUSEHOLD_2_003,12346,16.25
CA_2,HOUSEHOLD_2_003,12347,16.25
CA_2,HOUSEHOLD_2_003,12348,16.25
CA_2,HOUSEHOLD_2_003,12349,16.25
CA_2,HOUSEHOLD_2_003,12350,16.25
CA_2,HOUSEHOLD_2_003,12351,16.25
CA_2,HOUSEHOLD_2_003,12352,13.82
CA_2,HOUSEHOLD_2_004,12152,18.88
CA_2,HOUSEHOLD_2_004,12201,18.88
CA_2,HOUSEHOLD_2_004,12202,16.05
CA_2,HOUSEHOLD_2_004,12203,18.88
CA_2,HOUSEHOLD_2_004,12204,18.88
CA_2,HOUSEHOLD_2_004,12205,18.88
CA_2,HOUSEHOLD_2_004,12206,18.88
CA_2,HOUSEHOLD_2_004,12207,18.88
CA_2,HOUSEHOLD_2_004,12208,16.05
CA_2,HOUSEHOLD_2_004,12209,16.05
CA_2,HOUSEHOLD_2_004,12210,18.88
CA_2,HOUSEHOLD_2_004,12211,18.88
CA_2,HOUSEHOLD_2_004,12212,18.88
CA_2,HOUSEHOLD_2_004,12213,18.88
CA_2,HOUSEHOLD_2_004,12214,18.88
CA_2,HOUSEHOLD_2_004,12215,18.88
CA_2,HOUSEHOLD_2_004,12216,18.88
CA_2,HOUSEHOLD_2_004,12217,18.88
CA_2,HOUSEHOLD_2_004,12218,18.88
CA_2,HOUSEHOLD_2_004,12219,18.88
CA_2,HOUSEHOLD_2_004,12220,18.88
CA_2,HOUSEHOLD_2_004,12221,16.05
CA_2,HOUSEHOLD_2_004,12222,18.88
CA_2,HOUSEHOLD_2_004,12223,18.88
CA_2,HOUSEHOLD_2_004,12224,18.88
CA_2,HOUSEHOLD_2_004,12225,18.88
CA_2,HOUSEHOLD_2_004,12226,16.05
CA_2,HOUSEHOLD_2_004,12227,18.88
CA_2,HOUSEHOLD_2_004,12228,18.88
CA_2,HOUSEHOLD_2_004,12229,18.88
CA_2,HOUSEHOLD_2_004,12230,16.05
CA_2,HOUSEHOLD_2_004,12231,18.88
CA_2,HOUSEHOLD_2_004,12232,18.88
CA_2,HOUSEHOLD_2_004,12233,18.88
CA_2,HOUSEHOLD_2_004,12234,18.88
CA_2,HOUSEHOLD_2_004,12235,18.88
CA_2,HOUSEHOLD_2_004,12236,18.88
CA_2,HOUSEHOLD_2_004,12237,18.88
CA_2,HOUSEHOLD_2_004,12238,18.88
CA_2,HOUSEHOLD_2_004,12239,16.05
CA_2,HOUSEHOLD_2_004,12240,16.05
CA_2,HOUSEHOLD_2_004,12241,16.05
CA_2,HOUSEHOLD_2_004,12242,18.88
CA_2,HOUSEHOLD_2_004,12243,18.88
CA_2,HOUSEHOLD_2_004,12244,18.88
CA_2,HOUSEHOLD_2_004,12245,18.88
CA_2,HOUSEHOLD_2_004,12246,18.88
CA_2,HOUSEHOLD_2_004,12247,18.88
CA_2,HOUSEHOLD_2_004,12248,18.88
CA_2,HOUSEHOLD_2_004,12249,18.88
CA_2,HOUSEHOLD_2_004,12250,18.88
CA_2,HOUSEHOLD_2_004,12251,18.88
CA_2,HOUSEHOLD_2_004,12252,16.05
CA_2,HOUSEHOLD_2_004,12301,18.88
CA_2,HOUSEHOLD_2_004,12302,18.88
CA_2,HOUSEHOLD_2_004,12303,18.88
CA_2,HOUSEHOLD_2_004,12304,18.88
CA_2,HOUSEHOLD_2_004,12305,18.88
CA_2,HOUSEHOLD_2_004,12306,18.88
CA_2,HOUSEHOLD_2_004,12307,18.88
CA_2,HOUSEHOLD_2_004,12308,18.88
CA_2,HOUSEHOLD_2_004,12309,18.88
CA_2,HOUSEHOLD_2_004,12310,18.88
CA_2,HOUSEHOLD_2_004,12311,18.88
CA_2,HOUSEHOLD_2_004,12312,18.88
CA_2,HOUSEHOLD_2_004,12313,18.88
CA_2,HOUSEHOLD_2_004,12314,16.05
CA_2,HOUSEHOLD_2_004,12315,16.05
CA_2,HOUSEHOLD_2_004,12316,16.05
CA_2,HOUSEHOLD_2_004,12317,18.88
CA_2,HOUSEHOLD_2_004,12318,18.88
CA_2,HOUSEHOLD_2_004,12319,18.88
CA_2,HOUSEHOLD_2_004,12320,18.88
CA_2,HOUSEHOLD_2_004,12321,18.88
CA_2,HOUSEHOLD_2_004,12322,18.88
CA_2,HOUSEHOLD_2_004,12323,18.88
CA_2,HOUSEHOLD_2_004,12324,18.88
CA_2,HOUSEHOLD_2_004,12325,18.88
CA_2,HOUSEHOLD_2_004,12326,18.88
CA_2,HOUSEHOLD_2_004,12327,18.88
CA_2,HOUSEHOLD_2_004,12328,18.88
CA_2,HOUSEHOLD_2_004,12329,16.05
CA_2,HOUSEHOLD_2_004,12330,16.05
CA_2,HOUSEHOLD_2_004,12331,16.05
CA_2,HOUSEHOLD_2_004,12332,18.88
CA_2,HOUSEHOLD_2_004,12333,18.88
CA_2,HOUSEHOLD_2_004,12334,18.88
CA_2,HOUSEHOLD_2_004,12335,16.05
CA_2,HOUSEHOLD_2_004,12336,18.88
CA_2,HOUSEHOLD_2_004,12337,18.88
CA_2,HOUSEHOLD_2_004,12338,18.88
CA_2,HOUSEHOLD_2_004,12339,18.88
CA_2,HOUSEHOLD_2_004,12340,18.88
CA_2,HOUSEHOLD_2_004,12341,18.88
CA_2,HOUSEHOLD_2_004,12342,18.88
CA_2,HOUSEHOLD_2_004,12343,18.88
CA_2,HOUSEHOLD_2_004,12344,18.88
CA_2,HOUSEHOLD_2_004,12345,18.88
CA_2,HOUSEHOLD_2_004,12346,18.88
CA_2,HOUSEHOLD_2_004,12347,18.88
CA_2,HOUSEHOLD_2_004,12348,18.88
CA_2,HOUSEHOLD_2_004,12349,18.88
CA_2,HOUSEHOLD_2_004,12350,18.88
CA_2,HOUSEHOLD_2_004,12351,18.88
CA_2,HOUSEHOLD_2_004,12352,18.88
TX_1,FOODS_1_001,12152,3.5
TX_1,FOODS_1_001,12201,3.5
TX_1,FOODS_1_001,12202,3.5
TX_1,FOODS_1_001,12203,3.5
TX_1,FOODS_1_001,12204,3.5
TX_1,FOODS_1_001,12205,3.5
TX_1,FOODS_1_001,12206,3.5
TX_1,FOODS_1_001,12207,3.5
TX_1,FOODS_1_001,12208,3.5
TX_1,FOODS_1_001,12209,3.5
TX_1,FOODS_1_001,12210,3.5
TX_1,FOODS_1_001,12211,3.5
TX_1,FOODS_1_001,12212,3.5
TX_1,FOODS_1_001,12213,3.5
TX_1,FOODS_1_001,12214,3.5
TX_1,FOODS_1_001,12215,3.5
TX_1,FOODS_1_001,12216,3.5
TX_1,FOODS_1_001,12217,3.5
TX_1,FOODS_1_001,12218,3.5
TX_1,FOODS_1_001,12219,3.5
TX_1,FOODS_1_001,12220,3.5
TX_1,FOODS_1_001,12221,3.5
TX_1,FOODS_1_001,12222,2.97
TX_1,FOODS_1_001,12223,3.5
TX_1,FOODS_1_001,12224,2.97
TX_1,FOODS_1_001,12225,3.5
TX_1,FOODS_1_001,12226,3.5
TX_1,FOODS_1_001,12227,3.5
TX_1,FOODS_1_001,12228,3.5
TX_1,FOODS_1_001,12229,3.5
TX_1,FOODS_1_001,12230,3.5
TX_1,FOODS_1_001,12231,3.5
TX_1,FOODS_1_001,12232,3.5
TX_1,FOODS_1_001,12233,3.5
TX_1,FOODS_1_001,12234,3.5
TX_1,FOODS_1_001,12235,2.97
TX_1,FOODS_1_001,12236,3.5
TX_1,FOODS_1_001,12237,3.5
TX_1,FOODS_1_001,12238,3.5
TX_1,FOODS_1_001,12239,3.5
TX_1,FOODS_1_001,12240,2.97
TX_1,FOODS_1_001,12241,3.5
TX_1,FOODS_1_001,12242,3.5
TX_1,FOODS_1_001,12243,3.5
TX_1,FOODS_1_001,12244,3.5
TX_1,FOODS_1_001,12245,3.5
TX_1,FOODS_1_001,12246,3.5
TX_1,FOODS_1_001,12247,3.5
TX_1,FOODS_1_001,12248,3.5
TX_1,FOODS_1_001,12249,3.5
TX_1,FOODS_1_001,12250,2.97
TX_1,FOODS_1_001,12251,3.5
TX_1,FOODS_1_001,12252,3.5
TX_1,FOODS_1_001,12301,3.5
TX_1,FOODS_1_001,12302,3.5
TX_1,FOODS_1_001,12303,3.5
TX_1,FOODS_1_001,12304,3.5
TX_1,FOODS_1_001,12305,3.5
TX_1,FOODS_1_001,12306,3.5
TX_1,FOODS_1_001,12307,3.5
TX_1,FOODS_1_001,12308,3.5
TX_1,FOODS_1_001,12309,3.5
TX_1,FOODS_1_001,12310,2.97
TX_1,FOODS_1_001,12311,3.5
TX_1,FOODS_1_001,12312,3.5
TX_1,FOODS_1_001,12313,3.5
TX_1,FOODS_1_001,12314,3.5
TX_1,FOODS_1_001,12315,2.97
TX_1,FOODS_1_001,12316,3.5
TX_1,FOODS_1_001,12317,3.5
TX_1,FOODS_1_001,12318,2.97
TX_1,FOODS_1_001,12319,3.5
TX_1,FOODS_1_001,12320,3.5
TX_1,FOODS_1_001,12321,3.5
TX_1,FOODS_1_001,12322,2.97
TX_1,FOODS_1_001,12323,3.5
TX_1,FOODS_1_001,12324,3.5
TX_1,FOODS_1_001,12325,3.5
TX_1,FOODS_1_001,12326,3.5
TX_1,FOODS_1_001,12327,3.5
TX_1,FOODS_1_001,12328,3.5
TX_1,FOODS_1_001,12329,3.5
TX_1,FOODS_1_001,12330,3.5
TX_1,FOODS_1_001,12331,3.5
TX_1,FOODS_1_001,12332,3.5
TX_1,FOODS_1_001,12333,3.5
TX_1,FOODS_1_001,12334,3.5
TX_1,FOODS_1_001,12335,2.97
TX_1,FOODS_1_001,12336,3.5
TX_1,FOODS_1_001,12337,3.5
TX_1,FOODS_1_001,12338,3.5
TX_1,FOODS_1_001,12339,3.5
TX_1,FOODS_1_001,12340,3.5
TX_1,FOODS_1_001,12341,3.5
TX_1,FOODS_1_001,12342,3.5
TX_1,FOODS_1_001,12343,3.5
TX_1,FOODS_1_001,12344,2.97
TX_1,FOODS_1_001,12345,2.97
TX_1,FOODS_1_001,12346,3.5
TX_1,FOODS_1_001,12347,3.5
TX_1,FOODS_1_001,12348,3.5
TX_1,FOODS_1_001,12349,2.97
TX_1,FOODS_1_001,12350,3.5
TX_1,FOODS_1_001,12351,2.97
TX_1,FOODS_1_001,12352,2.97
TX_1,FOODS_1_002,12152,3.67
TX_1,FOODS_1_002,12201,4.32
TX_1,FOODS_1_002,12202,4.32
TX_1,FOODS_1_002,12203,4.32
TX_1,FOODS_1_002,12204,4.32
TX_1,FOODS_1_002,12205,3.67
TX_1,FOODS_1_002,12206,4.32
TX_1,FOODS_1_002,12207,4.32
TX_1,FOODS_1_002,12208,4.32
TX_1,FOODS_1_002,12209,3.67
TX_1,FOODS_1_002,12210,4.32
TX_1,FOODS_1_002,12211,4.32
TX_1,FOODS_1_002,12212,4.32
TX_1,FOODS_1_002,12213,4.32
TX_1,FOODS_1_002,12214,3.67
TX_1,FOODS_1_002,12215,4.32
TX_1,FOODS_1_002,12216,4.32
TX_1,FOODS_1_002,12217,4.32
TX_1,FOODS_1_002,12218,4.32
TX_1,FOODS_1_002,12219,4.32
TX_1,FOODS_1_002,12220,4.32
TX_1,FOODS_1_002,12221,4.32
TX_1,FOODS_1_002,12222,3.67
TX_1,FOODS_1_002,12223,4.32
TX_1,FOODS_1_002,12224,4.32
TX_1,FOODS_1_002,12225,4.32
TX_1,FOODS_1_002,12226,4.32
TX_1,FOODS_1_002,12227,4.32
TX_1,FOODS_1_002,12228,4.32
TX_1,FOODS_1_002,12229,4.32
TX_1,FOODS_1_002,12230,4.32
TX_1,FOODS_1_002,12231,3.67
TX_1,FOODS_1_002,12232,4.32
TX_1,FOODS_1_002,12233,4.32
TX_1,FOODS_1_002,12234,3.67
TX_1,FOODS_1_002,12235,4.32
TX_1,FOODS_1_002,12236,4.32
TX_1,FOODS_1_002,12237,4.32
TX_1,FOODS_1_002,12238,3.67
TX_1,FOODS_1_002,12239,3.67
TX_1,FOODS_1_002,12240,4.32
TX_1,FOODS_1_002,12241,4.32
TX_1,FOODS_1_002,12242,3.67
TX_1,FOODS_1_002,12243,4.32
TX_1,FOODS_1_002,12244,3.67
TX_1,FOODS_1_002,12245,4.32
TX_1,FOODS_1_002,12246,4.32
TX_1,FOODS_1_002,12247,4.32
TX_1,FOODS_1_002,12248,4.32
TX_1,FOODS_1_002,12249,4.32
TX_1,FOODS_1_002,12250,4.32
TX_1,FOODS_1_002,12251,4.32
TX_1,FOODS_1_002,12252,4.32
TX_1,FOODS_1_002,12301,3.67
TX_1,FOODS_1_002,12302,4.32
TX_1,FOODS_1_002,12303,4.32
TX_1,FOODS_1_002,12304,3.67
TX_1,FOODS_1_002,12305,4.32
TX_1,FOODS_1_002,12306,4.32
TX_1,FOODS_1_002,12307,4.32
TX_1,FOODS_1_002,12308,4.32
TX_1,FOODS_1_002,12309,3.67
TX_1,FOODS_1_002,12310,4.32
TX_1,FOODS_1_002,12311,4.32
TX_1,FOODS_1_002,12312,4.32
TX_1,FOODS_1_002,12313,4.32
TX_1,FOODS_1_002,12314,4.32
TX_1,FOODS_1_002,12315,4.32
TX_1,FOODS_1_002,12316,4.32
TX_1,FOODS_1_002,12317,4.32
TX_1,FOODS_1_002,12318,4.32
TX_1,FOODS_1_002,12319,4.32
TX_1,FOODS_1_002,12320,4.32
TX_1,FOODS_1_002,12321,4.32
TX_1,FOODS_1_002,12322,4.32
TX_1,FOODS_1_002,12323,4.32
TX_1,FOODS_1_002,12324,4.32
TX_1,FOODS_1_002,12325,4.32
TX_1,FOODS_1_002,12326,4.32
TX_1,FOODS_1_002,12327,4.32
TX_1,FOODS_1_002,12328,4.32
TX_1,FOODS_1_002,12329,4.32
TX_1,FOODS_1_002,12330,4.32
TX_1,FOODS_1_002,12331,3.67
TX_1,FOODS_1_002,12332,4.32
TX_1,FOODS_1_002,12333,4.32
TX_1,FOODS_1_002,12334,4.32
TX_1,FOODS_1_002,12335,4.32
TX_1,FOODS_1_002,12336,4.32
TX_1,FOODS_1_002,12337,4.32
TX_1,FOODS_1_002,12338,3.67
TX_1,FOODS_1_002,12339,4.32
TX_1,FOODS_1_002,12340,4.32
TX_1,FOODS_1_002,12341,4.32
TX_1,FOODS_1_002,12342,4.32
TX_1,FOODS_1_002,12343,4.32
TX_1,FOODS_1_002,12344,4.32
TX_1,FOODS_1_002,12345,4.32
TX_1,FOODS_1_002,12346,4.32
TX_1,FOODS_1_002,12347,4.32
TX_1,FOODS_1_002,12348,4.32
TX_1,FOODS_1_002,12349,4.32
TX_1,FOODS_1_002,12350,4.32
TX_1,FOODS_1_002,12351,4.32
TX_1,FOODS_1_002,12352,3.67
TX_1,FOODS_1_003,12152,5.15
TX_1,FOODS_1_003,12201,5.15
TX_1,FOODS_1_003,12202,5.15
TX_1,FOODS_1_003,12203,5.15
TX_1,FOODS_1_003,12204,5.15
TX_1,FOODS_1_003,12205,5.15
TX_1,FOODS_1_003,12206,4.38
TX_1,FOODS_1_003,12207,5.15
TX_1,FOODS_1_003,12208,5.15
TX_1,FOODS_1_003,12209,5.15
TX_1,FOODS_1_003,12210,5.15
TX_1,FOODS_1_003,12211,5.15
TX_1,FOODS_1_003,12212,5.15
TX_1,FOODS_1_003,12213,5.15
TX_1,FOODS_1_003,12214,4.38
TX_1,FOODS_1_003,12215,5.15
TX_1,FOODS_1_003,12216,5.15
TX_1,FOODS_1_003,12217,4.38
TX_1,FOODS_1_003,12218,5.15
TX_1,FOODS_1_003,12219,5.15
TX_1,FOODS_1_003,12220,5.15
TX_1,FOODS_1_003,12221,5.15
TX_1,FOODS_1_003,12222,5.15
TX_1,FOODS_1_003,12223,5.15
TX_1,FOODS_1_003,12224,5.15
TX_1,FOODS_1_003,12225,5.15
TX_1,FOODS_1_003,12226,5.15
TX_1,FOODS_1_003,12227,5.15
TX_1,FOODS_1_003,12228,5.15
TX_1,FOODS_1_003,12229,5.15
TX_1,FOODS_1_003,12230,4.38
TX_1,FOODS_1_003,12231,4.38
TX_1,FOODS_1_003,12232,4.38
TX_1,FOODS_1_003,12233,5.15
TX_1,FOODS_1_003,12234,5.15
TX_1,FOODS_1_003,12235,5.15
TX_1,FOODS_1_003,12236,5.15
TX_1,FOODS_1_003,12237,5.15
TX_1,FOODS_1_003,12238,5.15
TX_1,FOODS_1_003,12239,5.15
TX_1,FOODS_1_003,12240,5.15
TX_1,FOODS_1_003,12241,5.15
TX_1,FOODS_1_003,12242,5.15
TX_1,FOODS_1_003,12243,4.38
TX_1,FOODS_1_003,12244,4.38
TX_1,FOODS_1_003,12245,4.38
TX_1,FOODS_1_003,12246,5.15
TX_1,FOODS_1_003,12247,5.15
TX_1,FOODS_1_003,12248,5.15
TX_1,FOODS_1_003,12249,5.15
TX_1,FOODS_1_003,12250,5.15
TX_1,FOODS_1_003,12251,5.15
TX_1,FOODS_1_003,12252,4.38
TX_1,FOODS_1_003,12301,5.15
TX_1,FOODS_1_003,12302,5.15
TX_1,FOODS_1_003,12303,5.15
TX_1,FOODS_1_003,12304,5.15
TX_1,FOODS_1_003,12305,5.15
TX_1,FOODS_1_003,12306,5.15
TX_1,FOODS_1_003,12307,5.15
TX_1,FOODS_1_003,12308,5.15
TX_1,FOODS_1_003,12309,5.15
TX_1,FOODS_1_003,12310,4.38
TX_1,FOODS_1_003,12311,4.38
TX_1,FOODS_1_003,12312,5.15
TX_1,FOODS_1_003,12313,4.38
TX_1,FOODS_1_003,12314,5.15
TX_1,FOODS_1_003,12315,5.15
TX_1,FOODS_1_003,12316,4.38
TX_1,FOODS_1_003,12317,5.15
TX_1,FOODS_1_003,12318,5.15
TX_1,FOODS_1_003,12319,5.15
TX_1,FOODS_1_003,12320,5.15
TX_1,FOODS_1_003,12321,5.15
TX_1,FOODS_1_003,12322,5.15
TX_1,FOODS_1_003,12323,5.15
TX_1,FOODS_1_003,12324,5.15
TX_1,FOODS_1_003,12325,5.15
TX_1,FOODS_1_003,12326,4.38
TX_1,FOODS_1_003,12327,4.38
TX_1,FOODS_1_003,12328,4.38
TX_1,FOODS_1_003,12329,5.15
TX_1,FOODS_1_003,12330,4.38
TX_1,FOODS_1_003,12331,5.15
TX_1,FOODS_1_003,12332,5.15
TX_1,FOODS_1_003,12333,5.15
TX_1,FOODS_1_003,12334,5.15
TX_1,FOODS_1_003,12335,5.15
TX_1,FOODS_1_003,12336,5.15
TX_1,FOODS_1_003,12337,5.15
TX_1,FOODS_1_003,12338,5.15
TX_1,FOODS_1_003,12339,5.15
TX_1,FOODS_1_003,12340,4.38
TX_1,FOODS_1_003,12341,5.15
TX_1,FOODS_1_003,12342,4.38
TX_1,FOODS_1_003,12343,5.15
TX_1,FOODS_1_003,12344,5.15
TX_1,FOODS_1_003,12345,5.15
TX_1,FOODS_1_003,12346,4.38
TX_1,FOODS_1_003,12347,4.38
TX_1,FOODS_1_003,12348,5.15
TX_1,FOODS_1_003,12349,5.15
TX_1,FOODS_1_003,12350,5.15
TX_1,FOODS_1_003,12351,5.15
TX_1,FOODS_1_003,12352,5.15
TX_1,FOODS_1_004,12152,5.98
TX_1,FOODS_1_004,12201,5.98
TX_1,FOODS_1_004,12202,5.98
TX_1,FOODS_1_004,12203,5.98
TX_1,FOODS_1_004,12204,5.09
TX_1,FOODS_1_004,12205,5.98
TX_1,FOODS_1_004,12206,5.98
TX_1,FOODS_1_004,12207,5.98
TX_1,FOODS_1_004,12208,5.98
TX_1,FOODS_1_004,12209,5.09
TX_1,FOODS_1_004,12210,5.98
TX_1,FOODS_1_004,12211,5.98
TX_1,FOODS_1_004,12212,5.98
TX_1,FOODS_1_004,12213,5.98
TX_1,FOODS_1_004,12214,5.09
TX_1,FOODS_1_004,12215,5.98
TX_1,FOODS_1_004,12216,5.09
TX_1,FOODS_1_004,12217,5.98
TX_1,FOODS_1_004,12218,5.98
TX_1,FOODS_1_004,12219,5.98
TX_1,FOODS_1_004,12220,5.98
TX_1,FOODS_1_004,12221,5.98
TX_1,FOODS_1_004,12222,5.98
TX_1,FOODS_1_004,12223,5.98
TX_1,FOODS_1_004,12224,5.98
TX_1,FOODS_1_004,12225,5.98
TX_1,FOODS_1_004,12226,5.98
TX_1,FOODS_1_004,12227,5.98
TX_1,FOODS_1_004,12228,5.98
TX_1,FOODS_1_004,12229,5.09
TX_1,FOODS_1_004,12230,5.98
TX_1,FOODS_1_004,12231,5.09
TX_1,FOODS_1_004,12232,5.98
TX_1,FOODS_1_004,12233,5.98
TX_1,FOODS_1_004,12234,5.98
TX_1,FOODS_1_004,12235,5.98
TX_1,FOODS_1_004,12236,5.98
TX_1,FOODS_1_004,12237,5.98
TX_1,FOODS_1_004,12238,5.98
TX_1,FOODS_1_004,12239,5.98
TX_1,FOODS_1_004,12240,5.98
TX_1,FOODS_1_004,12241,5.98
TX_1,FOODS_1_004,12242,5.98
TX_1,FOODS_1_004,12243,5.98
TX_1,FOODS_1_004,12244,5.98
TX_1,FOODS_1_004,12245,5.98
TX_1,FOODS_1_004,12246,5.09
TX_1,FOODS_1_004,12247,5.98
TX_1,FOODS_1_004,12248,5.98
TX_1,FOODS_1_004,12249,5.98
TX_1,FOODS_1_004,12250,5.98
TX_1,FOODS_1_004,12251,5.98
TX_1,FOODS_1_004,12252,5.98
TX_1,FOODS_1_004,12301,5.98
TX_1,FOODS_1_004,12302,5.09
TX_1,FOODS_1_004,12303,5.98
TX_1,FOODS_1_004,12304,5.98
TX_1,FOODS_1_004,12305,5.98
TX_1,FOODS_1_004,12306,5.09
TX_1,FOODS_1_004,12307,5.98
TX_1,FOODS_1_004,12308,5.98
TX_1,FOODS_1_004,12309,5.98
TX_1,FOODS_1_004,12310,5.98
TX_1,FOODS_1_004,12311,5.98
TX_1,FOODS_1_004,12312,5.98
TX_1,FOODS_1_004,12313,5.09
TX_1,FOODS_1_004,12314,5.98
TX_1,FOODS_1_004,12315,5.98
TX_1,FOODS_1_004,12316,5.98
TX_1,FOODS_1_004,12317,5.98
TX_1,FOODS_1_004,12318,5.98
TX_1,FOODS_1_004,12319,5.98
TX_1,FOODS_1_004,12320,5.09
TX_1,FOODS_1_004,12321,5.98
TX_1,FOODS_1_004,12322,5.98
TX_1,FOODS_1_004,12323,5.98
TX_1,FOODS_1_004,12324,5.98
TX_1,FOODS_1_004,12325,5.09
TX_1,FOODS_1_004,12326,5.98
TX_1,FOODS_1_004,12327,5.98
TX_1,FOODS_1_004,12328,5.98
TX_1,FOODS_1_004,12329,5.98
TX_1,FOODS_1_004,12330,5.98
TX_1,FOODS_1_004,12331,5.98
TX_1,FOODS_1_004,12332,5.98
TX_1,FOODS_1_004,12333,5.98
TX_1,FOODS_1_004,12334,5.98
TX_1,FOODS_1_004,12335,5.98
TX_1,FOODS_1_004,12336,5.98
TX_1,FOODS_1_004,12337,5.98
TX_1,FOODS_1_004,12338,5.98
TX_1,FOODS_1_004,12339,5.98
TX_1,FOODS_1_004,12340,5.98
TX_1,FOODS_1_004,12341,5.98
TX_1,FOODS_1_004,12342,5.98
TX_1,FOODS_1_004,12343,5.09
TX_1,FOODS_1_004,12344,5.98
TX_1,FOODS_1_004,12345,5.98
TX_1,FOODS_1_004,12346,5.98
TX_1,FOODS_1_004,12347,5.98
TX_1,FOODS_1_004,12348,5.98
TX_1,FOODS_1_004,12349,5.98
TX_1,FOODS_1_004,12350,5.09
TX_1,FOODS_1_004,12351,5.98
TX_1,FOODS_1_004,12352,5.98
TX_1,FOODS_2_001,12152,3.5
TX_1,FOODS_2_001,12201,3.5
TX_1,FOODS_2_001,12202,3.5
TX_1,FOODS_2_001,12203,3.5
TX_1,FOODS_2_001,12204,3.5
TX_1,FOODS_2_001,12205,3.5
TX_1,FOODS_2_001,12206,3.5
TX_1,FOODS_2_001,12207,3.5
TX_1,FOODS_2_001,12208,3.5
TX_1,FOODS_2_001,12209,3.5
TX_1,FOODS_2_001,12210,3.5
TX_1,FOODS_2_001,12211,3.5
TX_1,FOODS_2_001,12212,3.5
TX_1,FOODS_2_001,12213,3.5
TX_1,FOODS_2_001,12214,3.5
TX_1,FOODS_2_001,12215,3.5
TX_1,FOODS_2_001,12216,3.5
TX_1,FOODS_2_001,12217,3.5
TX_1,FOODS_2_001,12218,3.5
TX_1,FOODS_2_001,12219,2.97
TX_1,FOODS_2_001,12220,3.5
TX_1,FOODS_2_001,12221,3.5
TX_1,FOODS_2_001,12222,3.5
TX_1,FOODS_2_001,12223,3.5
TX_1,FOODS_2_001,12224,2.97
TX_1,FOODS_2_001,12225,3.5
TX_1,FOODS_2_001,12226,3.5
TX_1,FOODS_2_001,12227,3.5
TX_1,FOODS_2_001,12228,3.5
TX_1,FOODS_2_001,12229,2.97
TX_1,FOODS_2_001,12230,2.97
TX_1,FOODS_2_001,12231,3.5
TX_1,FOODS_2_001,12232,3.5
TX_1,FOODS_2_001,12233,3.5
TX_1,FOODS_2_001,12234,3.5
TX_1,FOODS_2_001,12235,3.5
TX_1,FOODS_2_001,12236,3.5
TX_1,FOODS_2_001,12237,3.5
TX_1,FOODS_2_001,12238,3.5
TX_1,FOODS_2_001,12239,3.5
TX_1,FOODS_2_001,12240,3.5
TX_1,FOODS_2_001,12241,3.5
TX_1,FOODS_2_001,12242,3.5
TX_1,FOODS_2_001,12243,3.5
TX_1,FOODS_2_001,12244,3.5
TX_1,FOODS_2_001,12245,2.97
TX_1,FOODS_2_001,12246,3.5
TX_1,FOODS_2_001,12247,3.5
TX_1,FOODS_2_001,12248,3.5
TX_1,FOODS_2_001,12249,3.5
TX_1,FOODS_2_001,12250,2.97
TX_1,FOODS_2_001,12251,3.5
TX_1,FOODS_2_001,12252,2.97
TX_1,FOODS_2_001,12301,3.5
TX_1,FOODS_2_001,12302,3.5
TX_1,FOODS_2_001,12303,3.5
TX_1,FOODS_2_001,12304,3.5
TX_1,FOODS_2_001,12305,3.5
TX_1,FOODS_2_001,12306,3.5
TX_1,FOODS_2_001,12307,3.5
TX_1,FOODS_2_001,12308,2.97
TX_1,FOODS_2_001,12309,3.5
TX_1,FOODS_2_001,12310,3.5
TX_1,FOODS_2_001,12311,3.5
TX_1,FOODS_2_001,12312,3.5
TX_1,FOODS_2_001,12313,3.5
TX_1,FOODS_2_001,12314,3.5
TX_1,FOODS_2_001,12315,3.5
TX_1,FOODS_2_001,12316,3.5
TX_1,FOODS_2_001,12317,3.5
TX_1,FOODS_2_001,12318,3.5
TX_1,FOODS_2_001,12319,3.5
TX_1,FOODS_2_001,12320,3.5
TX_1,FOODS_2_001,12321,3.5
TX_1,FOODS_2_001,12322,3.5
TX_1,FOODS_2_001,12323,2.97
TX_1,FOODS_2_001,12324,3.5
TX_1,FOODS_2_001,12325,3.5
TX_1,FOODS_2_001,12326,3.5
TX_1,FOODS_2_001,12327,3.5
TX_1,FOODS_2_001,12328,3.5
TX_1,FOODS_2_001,12329,3.5
TX_1,FOODS_2_001,12330,2.97
TX_1,FOODS_2_001,12331,3.5
TX_1,FOODS_2_001,12332,3.5
TX_1,FOODS_2_001,12333,3.5
TX_1,FOODS_2_001,12334,3.5
TX_1,FOODS_2_001,12335,3.5
TX_1,FOODS_2_001,12336,3.5
TX_1,FOODS_2_001,12337,3.5
TX_1,FOODS_2_001,12338,2.97
TX_1,FOODS_2_001,12339,3.5
TX_1,FOODS_2_001,12340,3.5
TX_1,FOODS_2_001,12341,3.5
TX_1,FOODS_2_001,12342,3.5
TX_1,FOODS_2_001,12343,3.5
TX_1,FOODS_2_001,12344,3.5
TX_1,FOODS_2_001,12345,3.5
TX_1,FOODS_2_001,12346,3.5
TX_1,FOODS_2_001,12347,3.5
TX_1,FOODS_2_001,12348,3.5
TX_1,FOODS_2_001,12349,3.5
TX_1,FOODS_2_001,12350,3.5
TX_1,FOODS_2_001,12351,3.5
TX_1,FOODS_2_001,12352,2.97
TX_1,FOODS_2_002,12152,4.32
TX_1,FOODS_2_002,12201,4.32
TX_1,FOODS_2_002,12202,4.32
TX_1,FOODS_2_002,12203,4.32
TX_1,FOODS_2_002,12204,4.32
TX_1,FOODS_2_002,12205,3.67
TX_1,FOODS_2_002,12206,4.32
TX_1,FOODS_2_002,12207,4.32
TX_1,FOODS_2_002,12208,4.32
TX_1,FOODS_2_002,12209,4.32
TX_1,FOODS_2_002,12210,4.32
TX_1,FOODS_2_002,12211,4.32
TX_1,FOODS_2_002,12212,4.32
TX_1,FOODS_2_002,12213,4.32
TX_1,FOODS_2_002,12214,4.32
TX_1,FOODS_2_002,12215,4.32
TX_1,FOODS_2_002,12216,4.32
TX_1,FOODS_2_002,12217,3.67
TX_1,FOODS_2_002,12218,4.32
TX_1,FOODS_2_002,12219,4.32
TX_1,FOODS_2_002,12220,4.32
TX_1,FOODS_2_002,12221,4.32
TX_1,FOODS_2_002,12222,4.32
TX_1,FOODS_2_002,12223,4.32
TX_1,FOODS_2_002,12224,4.32
TX_1,FOODS_2_002,12225,4.32
TX_1,FOODS_2_002,12226,4.32
TX_1,FOODS_2_002,12227,4.32
TX_1,FOODS_2_002,12228,4.32
TX_1,FOODS_2_002,12229,4.32
TX_1,FOODS_2_002,12230,4.32
TX_1,FOODS_2_002,12231,4.32
TX_1,FOODS_2_002,12232,3.67
TX_1,FOODS_2_002,12233,3.67
TX_1,FOODS_2_002,12234,4.32
TX_1,FOODS_2_002,12235,4.32
TX_1,FOODS_2_002,12236,3.67
TX_1,FOODS_2_002,12237,4.32
TX_1,FOODS_2_002,12238,3.67
TX_1,FOODS_2_002,12239,4.32
TX_1,FOODS_2_002,12240,4.32
TX_1,FOODS_2_002,12241,4.32
TX_1,FOODS_2_002,12242,4.32
TX_1,FOODS_2_002,12243,3.67
TX_1,FOODS_2_002,12244,4.32
TX_1,FOODS_2_002,12245,4.32
TX_1,FOODS_2_002,12246,4.32
TX_1,FOODS_2_002,12247,4.32
TX_1,FOODS_2_002,12248,4.32
TX_1,FOODS_2_002,12249,4.32
TX_1,FOODS_2_002,12250,4.32
TX_1,FOODS_2_002,12251,4.32
TX_1,FOODS_2_002,12252,4.32
TX_1,FOODS_2_002,12301,3.67
TX_1,FOODS_2_002,12302,4.32
TX_1,FOODS_2_002,12303,4.32
TX_1,FOODS_2_002,12304,4.32
TX_1,FOODS_2_002,12305,4.32
TX_1,FOODS_2_002,12306,4.32
TX_1,FOODS_2_002,12307,4.32
TX_1,FOODS_2_002,12308,3.67
TX_1,FOODS_2_002,12309,4.32
TX_1,FOODS_2_002,12310,3.67
TX_1,FOODS_2_002,12311,4.32
TX_1,FOODS_2_002,12312,4.32
TX_1,FOODS_2_002,12313,4.32
TX_1,FOODS_2_002,12314,4.32
TX_1,FOODS_2_002,12315,4.32
TX_1,FOODS_2_002,12316,4.32
TX_1,FOODS_2_002,12317,4.32
TX_1,FOODS_2_002,12318,4.32
TX_1,FOODS_2_002,12319,4.32
TX_1,FOODS_2_002,12320,3.67
TX_1,FOODS_2_002,12321,4.32
TX_1,FOODS_2_002,12322,3.67
TX_1,FOODS_2_002,12323,4.32
TX_1,FOODS_2_002,12324,4.32
TX_1,FOODS_2_002,12325,4.32
TX_1,FOODS_2_002,12326,3.67
TX_1,FOODS_2_002,12327,4.32
TX_1,FOODS_2_002,12328,4.32
TX_1,FOODS_2_002,12329,4.32
TX_1,FOODS_2_002,12330,4.32
TX_1,FOODS_2_002,12331,4.32
TX_1,FOODS_2_002,12332,4.32
TX_1,FOODS_2_002,12333,4.32
TX_1,FOODS_2_002,12334,4.32
TX_1,FOODS_2_002,12335,4.32
TX_1,FOODS_2_002,12336,4.32
TX_1,FOODS_2_002,12337,4.32
TX_1,FOODS_2_002,12338,3.67
TX_1,FOODS_2_002,12339,4.32
TX_1,FOODS_2_002,12340,3.67
TX_1,FOODS_2_002,12341,4.32
TX_1,FOODS_2_002,12342,4.32
TX_1,FOODS_2_002,12343,4.32
TX_1,FOODS_2_002,12344,3.67
TX_1,FOODS_2_002,12345,4.32
TX_1,FOODS_2_002,12346,3.67
TX_1,FOODS_2_002,12347,3.67
TX_1,FOODS_2_002,12348,4.32
TX_1,FOODS_2_002,12349,4.32
TX_1,FOODS_2_002,12350,4.32
TX_1,FOODS_2_002,12351,4.32
TX_1,FOODS_2_002,12352,4.32
TX_1,FOODS_2_003,12152,4.38
TX_1,FOODS_2_003,12201,5.15
TX_1,FOODS_2_003,12202,5.15
TX_1,FOODS_2_003,12203,5.15
TX_1,FOODS_2_003,12204,5.15
TX_1,FOODS_2_003,12205,5.15
TX_1,FOODS_2_003,12206,5.15
TX_1,FOODS_2_003,12207,5.15
TX_1,FOODS_2_003,12208,5.15
TX_1,FOODS_2_003,12209,5.15
TX_1,FOODS_2_003,12210,5.15
TX_1,FOODS_2_003,12211,5.15
TX_1,FOODS_2_003,12212,5.15
TX_1,FOODS_2_003,12213,5.15
TX_1,FOODS_2_003,12214,4.38
TX_1,FOODS_2_003,12215,5.15
TX_1,FOODS_2_003,12216,4.38
TX_1,FOODS_2_003,12217,5.15
TX_1,FOODS_2_003,12218,5.15
TX_1,FOODS_2_003,12219,5.15
TX_1,FOODS_2_003,12220,5.15
TX_1,FOODS_2_003,12221,5.15
TX_1,FOODS_2_003,12222,5.15
TX_1,FOODS_2_003,12223,4.38
TX_1,FOODS_2_003,12224,4.38
TX_1,FOODS_2_003,12225,5.15
TX_1,FOODS_2_003,12226,5.15
TX_1,FOODS_2_003,12227,5.15
TX_1,FOODS_2_003,12228,5.15
TX_1,FOODS_2_003,12229,5.15
TX_1,FOODS_2_003,12230,5.15
TX_1,FOODS_2_003,12231,5.15
TX_1,FOODS_2_003,12232,5.15
TX_1,FOODS_2_003,12233,5.15
TX_1,FOODS_2_003,12234,5.15
TX_1,FOODS_2_003,12235,4.38
TX_1,FOODS_2_003,12236,5.15
TX_1,FOODS_2_003,12237,5.15
TX_1,FOODS_2_003,12238,4.38
TX_1,FOODS_2_003,12239,5.15
TX_1,FOODS_2_003,12240,5.15
TX_1,FOODS_2_003,12241,5.15
TX_1,FOODS_2_003,12242,5.15
TX_1,FOODS_2_003,12243,4.38
TX_1,FOODS_2_003,12244,5.15
TX_1,FOODS_2_003,12245,5.15
TX_1,FOODS_2_003,12246,5.15
TX_1,FOODS_2_003,12247,4.38
TX_1,FOODS_2_003,12248,5.15
TX_1,FOODS_2_003,12249,5.15
TX_1,FOODS_2_003,12250,5.15
TX_1,FOODS_2_003,12251,5.15
TX_1,FOODS_2_003,12252,5.15
TX_1,FOODS_2_003,12301,5.15
TX_1,FOODS_2_003,12302,5.15
TX_1,FOODS_2_003,12303,5.15
TX_1,FOODS_2_003,12304,5.15
TX_1,FOODS_2_003,12305,5.15
TX_1,FOODS_2_003,12306,5.15
TX_1,FOODS_2_003,12307,5.15
TX_1,FOODS_2_003,12308,5.15
TX_1,FOODS_2_003,12309,4.38
TX_1,FOODS_2_003,12310,4.38
TX_1,FOODS_2_003,12311,5.15
TX_1,FOODS_2_003,12312,4.38
TX_1,FOODS_2_003,12313,5.15
TX_1,FOODS_2_003,12314,5.15
TX_1,FOODS_2_003,12315,5.15
TX_1,FOODS_2_003,12316,5.15
TX_1,FOODS_2_003,12317,5.15
TX_1,FOODS_2_003,12318,5.15
TX_1,FOODS_2_003,12319,5.15
TX_1,FOODS_2_003,12320,5.15
TX_1,FOODS_2_003,12321,4.38
TX_1,FOODS_2_003,12322,5.15
TX_1,FOODS_2_003,12323,5.15
TX_1,FOODS_2_003,12324,5.15
TX_1,FOODS_2_003,12325,4.38
TX_1,FOODS_2_003,12326,5.15
TX_1,FOODS_2_003,12327,5.15
TX_1,FOODS_2_003,12328,5.15
TX_1,FOODS_2_003,12329,5.15
TX_1,FOODS_2_003,12330,5.15
TX_1,FOODS_2_003,12331,5.15
TX_1,FOODS_2_003,12332,5.15
TX_1,FOODS_2_003,12333,5.15
TX_1,FOODS_2_003,12334,4.38
TX_1,FOODS_2_003,12335,5.15
TX_1,FOODS_2_003,12336,5.15
TX_1,FOODS_2_003,12337,5.15
TX_1,FOODS_2_003,12338,5.15
TX_1,FOODS_2_003,12339,5.15
TX_1,FOODS_2_003,12340,5.15
TX_1,FOODS_2_003,12341,5.15
TX_1,FOODS_2_003,12342,5.15
TX_1,FOODS_2_003,12343,4.38
TX_1,FOODS_2_003,12344,4.38
TX_1,FOODS_2_003,12345,5.15
TX_1,FOODS_2_003,12346,5.15
TX_1,FOODS_2_003,12347,5.15
TX_1,FOODS_2_003,12348,5.15
TX_1,FOODS_2_003,12349,5.15
TX_1,FOODS_2_003,12350,5.15
TX_1,FOODS_2_003,12351,4.38
TX_1,FOODS_2_003,12352,4.38
TX_1,FOODS_2_004,12152,5.98
TX_1,FOODS_2_004,12201,5.98
TX_1,FOODS_2_004,12202,5.98
TX_1,FOODS_2_004,12203,5.98
TX_1,FOODS_2_004,12204,5.98
TX_1,FOODS_2_004,12205,5.09
TX_1,FOODS_2_004,12206,5.98
TX_1,FOODS_2_004,12207,5.98
TX_1,FOODS_2_004,12208,5.98
TX_1,FOODS_2_004,12209,5.98
TX_1,FOODS_2_004,12210,5.98
TX_1,FOODS_2_004,12211,5.98
TX_1,FOODS_2_004,12212,5.98
TX_1,FOODS_2_004,12213,5.98
TX_1,FOODS_2_004,12214,5.98
TX_1,FOODS_2_004,12215,5.98
TX_1,FOODS_2_004,12216,5.09
TX_1,FOODS_2_004,12217,5.98
TX_1,FOODS_2_004,12218,5.98
TX_1,FOODS_2_004,12219,5.98
TX_1,FOODS_2_004,12220,5.98
TX_1,FOODS_2_004,12221,5.98
TX_1,FOODS_2_004,12222,5.98
TX_1,FOODS_2_004,12223,5.09
TX_1,FOODS_2_004,12224,5.98
TX_1,FOODS_2_004,12225,5.98
TX_1,FOODS_2_004,12226,5.98
TX_1,FOODS_2_004,12227,5.98
TX_1,FOODS_2_004,12228,5.98
TX_1,FOODS_2_004,12229,5.98
TX_1,FOODS_2_004,12230,5.98
TX_1,FOODS_2_004,12231,5.98
TX_1,FOODS_2_004,12232,5.98
TX_1,FOODS_2_004,12233,5.98
TX_1,FOODS_2_004,12234,5.98
TX_1,FOODS_2_004,12235,5.09
TX_1,FOODS_2_004,12236,5.98
TX_1,FOODS_2_004,12237,5.98
TX_1,FOODS_2_004,12238,5.98
TX_1,FOODS_2_004,12239,5.98
TX_1,FOODS_2_004,12240,5.98
TX_1,FOODS_2_004,12241,5.98
TX_1,FOODS_2_004,12242,5.98
TX_1,FOODS_2_004,12243,5.09
TX_1,FOODS_2_004,12244,5.98
TX_1,FOODS_2_004,12245,5.98
TX_1,FOODS_2_004,12246,5.98
TX_1,FOODS_2_004,12247,5.98
TX_1,FOODS_2_004,12248,5.98
TX_1,FOODS_2_004,12249,5.98
TX_1,FOODS_2_004,12250,5.98
TX_1,FOODS_2_004,12251,5.98
TX_1,FOODS_2_004,12252,5.98
TX_1,FOODS_2_004,12301,5.98
TX_1,FOODS_2_004,12302,5.09
TX_1,FOODS_2_004,12303,5.98
TX_1,FOODS_2_004,12304,5.98
TX_1,FOODS_2_004,12305,5.98
TX_1,FOODS_2_004,12306,5.09
TX_1,FOODS_2_004,12307,5.09
TX_1,FOODS_2_004,12308,5.98
TX_1,FOODS_2_004,12309,5.98
TX_1,FOODS_2_004,12310,5.98
TX_1,FOODS_2_004,12311,5.98
TX_1,FOODS_2_004,12312,5.98
TX_1,FOODS_2_004,12313,5.98
TX_1,FOODS_2_004,12314,5.98
TX_1,FOODS_2_004,12315,5.98
TX_1,FOODS_2_004,12316,5.98
TX_1,FOODS_2_004,12317,5.98
TX_1,FOODS_2_004,12318,5.09
TX_1,FOODS_2_004,12319,5.98
TX_1,FOODS_2_004,12320,5.98
TX_1,FOODS_2_004,12321,5.98
TX_1,FOODS_2_004,12322,5.09
TX_1,FOODS_2_004,12323,5.98
TX_1,FOODS_2_004,12324,5.98
TX_1,FOODS_2_004,12325,5.98
TX_1,FOODS_2_004,12326,5.98
TX_1,FOODS_2_004,12327,5.98
TX_1,FOODS_2_004,12328,5.98
TX_1,FOODS_2_004,12329,5.98
TX_1,FOODS_2_004,12330,5.98
TX_1,FOODS_2_004,12331,5.98
TX_1,FOODS_2_004,12332,5.98
TX_1,FOODS_2_004,12333,5.98
TX_1,FOODS_2_004,12334,5.98
TX_1,FOODS_2_004,12335,5.98
TX_1,FOODS_2_004,12336,5.98
TX_1,FOODS_2_004,12337,5.98
TX_1,FOODS_2_004,12338,5.98
TX_1,FOODS_2_004,12339,5.98
TX_1,FOODS_2_004,12340,5.98
TX_1,FOODS_2_004,12341,5.98
TX_1,FOODS_2_004,12342,5.98
TX_1,FOODS_2_004,12343,5.09
TX_1,FOODS_2_004,12344,5.98
TX_1,FOODS_2_004,12345,5.98
TX_1,FOODS_2_004,12346,5.98
TX_1,FOODS_2_004,12347,5.98
TX_1,FOODS_2_004,12348,5.98
TX_1,FOODS_2_004,12349,5.09
TX_1,FOODS_2_004,12350,5.98
TX_1,FOODS_2_004,12351,5.98
TX_1,FOODS_2_004,12352,5.98
TX_1,FOODS_3_001,12152,3.5
TX_1,FOODS_3_001,12201,2.97
TX_1,FOODS_3_001,12202,3.5
TX_1,FOODS_3_001,12203,3.5
TX_1,FOODS_3_001,12204,3.5
TX_1,FOODS_3_001,12205,2.97
TX_1,FOODS_3_001,12206,3.5
TX_1,FOODS_3_001,12207,2.97
TX_1,FOODS_3_001,12208,3.5
TX_1,FOODS_3_001,12209,3.5
TX_1,FOODS_3_001,12210,3.5
TX_1,FOODS_3_001,12211,3.5
TX_1,FOODS_3_001,12212,3.5
TX_1,FOODS_3_001,12213,3.5
TX_1,FOODS_3_001,12214,3.5
TX_1,FOODS_3_001,12215,3.5
TX_1,FOODS_3_001,12216,3.5
TX_1,FOODS_3_001,12217,2.97
TX_1,FOODS_3_001,12218,3.5
TX_1,FOODS_3_001,12219,3.5
TX_1,FOODS_3_001,12220,3.5
TX_1,FOODS_3_001,12221,2.97
TX_1,FOODS_3_001,12222,3.5
TX_1,FOODS_3_001,12223,3.5
TX_1,FOODS_3_001,12224,3.5
TX_1,FOODS_3_001,12225,3.5
TX_1,FOODS_3_001,12226,3.5
TX_1,FOODS_3_001,12227,2.97
TX_1,FOODS_3_001,12228,3.5
TX_1,FOODS_3_001,12229,3.5
TX_1,FOODS_3_001,12230,3.5
TX_1,FOODS_3_001,12231,3.5
TX_1,FOODS_3_001,12232,3.5
TX_1,FOODS_3_001,12233,2.97
TX_1,FOODS_3_001,12234,2.97
TX_1,FOODS_3_001,12235,3.5
TX_1,FOODS_3_001,12236,3.5
TX_1,FOODS_3_001,12237,3.5
TX_1,FOODS_3_001,12238,3.5
TX_1,FOODS_3_001,12239,3.5
TX_1,FOODS_3_001,12240,3.5
TX_1,FOODS_3_001,12241,3.5
TX_1,FOODS_3_001,12242,3.5
TX_1,FOODS_3_001,12243,3.5
TX_1,FOODS_3_001,12244,3.5
TX_1,FOODS_3_001,12245,3.5
TX_1,FOODS_3_001,12246,3.5
TX_1,FOODS_3_001,12247,3.5
TX_1,FOODS_3_001,12248,3.5
TX_1,FOODS_3_001,12249,3.5
TX_1,FOODS_3_001,12250,2.97
TX_1,FOODS_3_001,12251,3.5
TX_1,FOODS_3_001,12252,3.5
TX_1,FOODS_3_001,12301,3.5
TX_1,FOODS_3_001,12302,3.5
TX_1,FOODS_3_001,12303,3.5
TX_1,FOODS_3_001,12304,3.5
TX_1,FOODS_3_001,12305,3.5
TX_1,FOODS_3_001,12306,3.5
TX_1,FOODS_3_001,12307,2.97
TX_1,FOODS_3_001,12308,3.5
TX_1,FOODS_3_001,12309,3.5
TX_1,FOODS_3_001,12310,3.5
TX_1,FOODS_3_001,12311,3.5
TX_1,FOODS_3_001,12312,3.5
TX_1,FOODS_3_001,12313,3.5
TX_1,FOODS_3_001,12314,3.5
TX_1,FOODS_3_001,12315,3.5
TX_1,FOODS_3_001,12316,3.5
TX_1,FOODS_3_001,12317,3.5
TX_1,FOODS_3_001,12318,3.5
TX_1,FOODS_3_001,12319,3.5
TX_1,FOODS_3_001,12320,3.5
TX_1,FOODS_3_001,12321,3.5
TX_1,FOODS_3_001,12322,3.5
TX_1,FOODS_3_001,12323,3.5
TX_1,FOODS_3_001,12324,3.5
TX_1,FOODS_3_001,12325,3.5
TX_1,FOODS_3_001,12326,2.97
TX_1,FOODS_3_001,12327,3.5
TX_1,FOODS_3_001,12328,2.97
TX_1,FOODS_3_001,12329,2.97
TX_1,FOODS_3_001,12330,3.5
TX_1,FOODS_3_001,12331,3.5
TX_1,FOODS_3_001,12332,3.5
TX_1,FOODS_3_001,12333,3.5
TX_1,FOODS_3_001,12334,3.5
TX_1,FOODS_3_001,12335,3.5
TX_1,FOODS_3_001,12336,3.5
TX_1,FOODS_3_001,12337,3.5
TX_1,FOODS_3_001,12338,3.5
TX_1,FOODS_3_001,12339,2.97
TX_1,FOODS_3_001,12340,2.97
TX_1,FOODS_3_001,12341,3.5
TX_1,FOODS_3_001,12342,3.5
TX_1,FOODS_3_001,12343,2.97
TX_1,FOODS_3_001,12344,3.5
TX_1,FOODS_3_001,12345,3.5
TX_1,FOODS_3_001,12346,3.5
TX_1,FOODS_3_001,12347,3.5
TX_1,FOODS_3_001,12348,3.5
TX_1,FOODS_3_001,12349,3.5
TX_1,FOODS_3_001,12350,3.5
TX_1,FOODS_3_001,12351,3.5
TX_1,FOODS_3_001,12352,3.5
TX_1,FOODS_3_002,12152,4.32
TX_1,FOODS_3_002,12201,4.32
TX_1,FOODS_3_002,12202,4.32
TX_1,FOODS_3_002,12203,4.32
TX_1,FOODS_3_002,12204,4.32
TX_1,FOODS_3_002,12205,4.32
TX_1,FOODS_3_002,12206,3.67
TX_1,FOODS_3_002,12207,4.32
TX_1,FOODS_3_002,12208,4.32
TX_1,FOODS_3_002,12209,4.32
TX_1,FOODS_3_002,12210,4.32
TX_1,FOODS_3_002,12211,4.32
TX_1,FOODS_3_002,12212,4.32
TX_1,FOODS_3_002,12213,4.32
TX_1,FOODS_3_002,12214,4.32
TX_1,FOODS_3_002,12215,4.32
TX_1,FOODS_3_002,12216,4.32
TX_1,FOODS_3_002,12217,3.67
TX_1,FOODS_3_002,12218,3.67
TX_1,FOODS_3_002,12219,4.32
TX_1,FOODS_3_002,12220,4.32
TX_1,FOODS_3_002,12221,4.32
TX_1,FOODS_3_002,12222,4.32
TX_1,FOODS_3_002,12223,4.32
TX_1,FOODS_3_002,12224,3.67
TX_1,FOODS_3_002,12225,4.32
TX_1,FOODS_3_002,12226,4.32
TX_1,FOODS_3_002,12227,4.32
TX_1,FOODS_3_002,12228,4.32
TX_1,FOODS_3_002,12229,3.67
TX_1,FOODS_3_002,12230,4.32
TX_1,FOODS_3_002,12231,4.32
TX_1,FOODS_3_002,12232,4.32
TX_1,FOODS_3_002,12233,4.32
TX_1,FOODS_3_002,12234,4.32
TX_1,FOODS_3_002,12235,3.67
TX_1,FOODS_3_002,12236,4.32
TX_1,FOODS_3_002,12237,4.32
TX_1,FOODS_3_002,12238,3.67
TX_1,FOODS_3_002,12239,4.32
TX_1,FOODS_3_002,12240,4.32
TX_1,FOODS_3_002,12241,4.32
TX_1,FOODS_3_002,12242,4.32
TX_1,FOODS_3_002,12243,4.32
TX_1,FOODS_3_002,12244,4.32
TX_1,FOODS_3_002,12245,4.32
TX_1,FOODS_3_002,12246,3.67
TX_1,FOODS_3_002,12247,4.32
TX_1,FOODS_3_002,12248,4.32
TX_1,FOODS_3_002,12249,4.32
TX_1,FOODS_3_002,12250,4.32
TX_1,FOODS_3_002,12251,4.32
TX_1,FOODS_3_002,12252,4.32
TX_1,FOODS_3_002,12301,4.32
TX_1,FOODS_3_002,12302,4.32
TX_1,FOODS_3_002,12303,4.32
TX_1,FOODS_3_002,12304,4.32
TX_1,FOODS_3_002,12305,4.32
TX_1,FOODS_3_002,12306,4.32
TX_1,FOODS_3_002,12307,4.32
TX_1,FOODS_3_002,12308,4.32
TX_1,FOODS_3_002,12309,4.32
TX_1,FOODS_3_002,12310,4.32
TX_1,FOODS_3_002,12311,3.67
TX_1,FOODS_3_002,12312,4.32
TX_1,FOODS_3_002,12313,4.32
TX_1,FOODS_3_002,12314,4.32
TX_1,FOODS_3_002,12315,4.32
TX_1,FOODS_3_002,12316,4.32
TX_1,FOODS_3_002,12317,4.32
TX_1,FOODS_3_002,12318,4.32
TX_1,FOODS_3_002,12319,4.32
TX_1,FOODS_3_002,12320,3.67
TX_1,FOODS_3_002,12321,4.32
TX_1,FOODS_3_002,12322,4.32
TX_1,FOODS_3_002,12323,4.32
TX_1,FOODS_3_002,12324,4.32
TX_1,FOODS_3_002,12325,3.67
TX_1,FOODS_3_002,12326,4.32
TX_1,FOODS_3_002,12327,4.32
TX_1,FOODS_3_002,12328,3.67
TX_1,FOODS_3_002,12329,4.32
TX_1,FOODS_3_002,12330,4.32
TX_1,FOODS_3_002,12331,4.32
TX_1,FOODS_3_002,12332,4.32
TX_1,FOODS_3_002,12333,4.32
TX_1,FOODS_3_002,12334,4.32
TX_1,FOODS_3_002,12335,4.32
TX_1,FOODS_3_002,12336,4.32
TX_1,FOODS_3_002,12337,4.32
TX_1,FOODS_3_002,12338,4.32
TX_1,FOODS_3_002,12339,4.32
TX_1,FOODS_3_002,12340,4.32
TX_1,FOODS_3_002,12341,4.32
TX_1,FOODS_3_002,12342,4.32
TX_1,FOODS_3_002,12343,4.32
TX_1,FOODS_3_002,12344,3.67
TX_1,FOODS_3_002,12345,4.32
TX_1,FOODS_3_002,12346,4.32
TX_1,FOODS_3_002,12347,4.32
TX_1,FOODS_3_002,12348,3.67
TX_1,FOODS_3_002,12349,4.32
TX_1,FOODS_3_002,12350,4.32
TX_1,FOODS_3_002,12351,4.32
TX_1,FOODS_3_002,12352,4.32
TX_1,FOODS_3_003,12152,5.15
TX_1,FOODS_3_003,12201,4.38
TX_1,FOODS_3_003,12202,5.15
TX_1,FOODS_3_003,12203,4.38
TX_1,FOODS_3_003,12204,5.15
TX_1,FOODS_3_003,12205,5.15
TX_1,FOODS_3_003,12206,5.15
TX_1,FOODS_3_003,12207,5.15
TX_1,FOODS_3_003,12208,5.15
TX_1,FOODS_3_003,12209,5.15
TX_1,FOODS_3_003,12210,5.15
TX_1,FOODS_3_003,12211,5.15
TX_1,FOODS_3_003,12212,5.15
TX_1,FOODS_3_003,12213,4.38
TX_1,FOODS_3_003,12214,5.15
TX_1,FOODS_3_003,12215,5.15
TX_1,FOODS_3_003,12216,4.38
TX_1,FOODS_3_003,12217,5.15
TX_1,FOODS_3_003,12218,5.15
TX_1,FOODS_3_003,12219,4.38
TX_1,FOODS_3_003,12220,5.15
TX_1,FOODS_3_003,12221,5.15
TX_1,FOODS_3_003,12222,5.15
TX_1,FOODS_3_003,12223,4.38
TX_1,FOODS_3_003,12224,5.15
TX_1,FOODS_3_003,12225,5.15
TX_1,FOODS_3_003,12226,5.15
TX_1,FOODS_3_003,12227,5.15
TX_1,FOODS_3_003,12228,5.15
TX_1,FOODS_3_003,12229,5.15
TX_1,FOODS_3_003,12230,5.15
TX_1,FOODS_3_003,12231,5.15
TX_1,FOODS_3_003,12232,5.15
TX_1,FOODS_3_003,12233,5.15
TX_1,FOODS_3_003,12234,5.15
TX_1,FOODS_3_003,12235,4.38
TX_1,FOODS_3_003,12236,5.15
TX_1,FOODS_3_003,12237,5.15
TX_1,FOODS_3_003,12238,5.15
TX_1,FOODS_3_003,12239,5.15
TX_1,FOODS_3_003,12240,5.15
TX_1,FOODS_3_003,12241,5.15
TX_1,FOODS_3_003,12242,4.38
TX_1,FOODS_3_003,12243,5.15
TX_1,FOODS_3_003,12244,5.15
TX_1,FOODS_3_003,12245,5.15
TX_1,FOODS_3_003,12246,5.15
TX_1,FOODS_3_003,12247,5.15
TX_1,FOODS_3_003,12248,5.15
TX_1,FOODS_3_003,12249,4.38
TX_1,FOODS_3_003,12250,5.15
TX_1,FOODS_3_003,12251,5.15
TX_1,FOODS_3_003,12252,5.15
TX_1,FOODS_3_003,12301,5.15
TX_1,FOODS_3_003,12302,5.15
TX_1,FOODS_3_003,12303,5.15
TX_1,FOODS_3_003,12304,5.15
TX_1,FOODS_3_003,12305,5.15
TX_1,FOODS_3_003,12306,5.15
TX_1,FOODS_3_003,12307,4.38
TX_1,FOODS_3_003,12308,5.15
TX_1,FOODS_3_003,12309,5.15
TX_1,FOODS_3_003,12310,5.15
TX_1,FOODS_3_003,12311,4.38
TX_1,FOODS_3_003,12312,5.15
TX_1,FOODS_3_003,12313,5.15
TX_1,FOODS_3_003,12314,5.15
TX_1,FOODS_3_003,12315,5.15
TX_1,FOODS_3_003,12316,5.15
TX_1,FOODS_3_003,12317,5.15
TX_1,FOODS_3_003,12318,4.38
TX_1,FOODS_3_003,12319,5.15
TX_1,FOODS_3_003,12320,5.15
TX_1,FOODS_3_003,12321,5.15
TX_1,FOODS_3_003,12322,5.15
TX_1,FOODS_3_003,12323,5.15
TX_1,FOODS_3_003,12324,5.15
TX_1,FOODS_3_003,12325,4.38
TX_1,FOODS_3_003,12326,5.15
TX_1,FOODS_3_003,12327,5.15
TX_1,FOODS_3_003,12328,5.15
TX_1,FOODS_3_003,12329,5.15
TX_1,FOODS_3_003,12330,5.15
TX_1,FOODS_3_003,12331,5.15
TX_1,FOODS_3_003,12332,5.15
TX_1,FOODS_3_003,12333,5.15
TX_1,FOODS_3_003,12334,5.15
TX_1,FOODS_3_003,12335,4.38
TX_1,FOODS_3_003,12336,5.15
TX_1,FOODS_3_003,12337,5.15
TX_1,FOODS_3_003,12338,5.15
TX_1,FOODS_3_003,12339,5.15
TX_1,FOODS_3_003,12340,5.15
TX_1,FOODS_3_003,12341,5.15
TX_1,FOODS_3_003,12342,5.15
TX_1,FOODS_3_003,12343,5.15
TX_1,FOODS_3_003,12344,4.38
TX_1,FOODS_3_003,12345,5.15
TX_1,FOODS_3_003,12346,5.15
TX_1,FOODS_3_003,12347,5.15
TX_1,FOODS_3_003,12348,5.15
TX_1,FOODS_3_003,12349,5.15
TX_1,FOODS_3_003,12350,5.15
TX_1,FOODS_3_003,12351,5.15
TX_1,FOODS_3_003,12352,5.15
TX_1,FOODS_3_004,12152,5.98
TX_1,FOODS_3_004,12201,5.98
TX_1,FOODS_3_004,12202,5.98
TX_1,FOODS_3_004,12203,5.98
TX_1,FOODS_3_004,12204,5.98
TX_1,FOODS_3_004,12205,5.98
TX_1,FOODS_3_004,12206,5.98
TX_1,FOODS_3_004,12207,5.98
TX_1,FOODS_3_004,12208,5.98
TX_1,FOODS_3_004,12209,5.98
TX_1,FOODS_3_004,12210,5.98
TX_1,FOODS_3_004,12211,5.98
TX_1,FOODS_3_004,12212,5.09
TX_1,FOODS_3_004,12213,5.98
TX_1,FOODS_3_004,12214,5.98
TX_1,FOODS_3_004,12215,5.98
TX_1,FOODS_3_004,12216,5.98
TX_1,FOODS_3_004,12217,5.98
TX_1,FOODS_3_004,12218,5.98
TX_1,FOODS_3_004,12219,5.98
TX_1,FOODS_3_004,12220,5.09
TX_1,FOODS_3_004,12221,5.98
TX_1,FOODS_3_004,12222,5.98
TX_1,FOODS_3_004,12223,5.98
TX_1,FOODS_3_004,12224,5.98
TX_1,FOODS_3_004,12225,5.98
TX_1,FOODS_3_004,12226,5.98
TX_1,FOODS_3_004,12227,5.98
TX_1,FOODS_3_004,12228,5.98
TX_1,FOODS_3_004,12229,5.09
TX_1,FOODS_3_004,12230,5.98
TX_1,FOODS_3_004,12231,5.09
TX_1,FOODS_3_004,12232,5.98
TX_1,FOODS_3_004,12233,5.98
TX_1,FOODS_3_004,12234,5.98
TX_1,FOODS_3_004,12235,5.98
TX_1,FOODS_3_004,12236,5.98
TX_1,FOODS_3_004,12237,5.98
TX_1,FOODS_3_004,12238,5.09
TX_1,FOODS_3_004,12239,5.98
TX_1,FOODS_3_004,12240,5.98
TX_1,FOODS_3_004,12241,5.98
TX_1,FOODS_3_004,12242,5.98
TX_1,FOODS_3_004,12243,5.98
TX_1,FOODS_3_004,12244,5.98
TX_1,FOODS_3_004,12245,5.98
TX_1,FOODS_3_004,12246,5.98
TX_1,FOODS_3_004,12247,5.98
TX_1,FOODS_3_004,12248,5.98
TX_1,FOODS_3_004,12249,5.98
TX_1,FOODS_3_004,12250,5.09
TX_1,FOODS_3_004,12251,5.98
TX_1,FOODS_3_004,12252,5.98
TX_1,FOODS_3_004,12301,5.98
TX_1,FOODS_3_004,12302,5.09
TX_1,FOODS_3_004,12303,5.09
TX_1,FOODS_3_004,12304,5.98
TX_1,FOODS_3_004,12305,5.98
TX_1,FOODS_3_004,12306,5.09
TX_1,FOODS_3_004,12307,5.98
TX_1,FOODS_3_004,12308,5.98
TX_1,FOODS_3_004,12309,5.98
TX_1,FOODS_3_004,12310,5.09
TX_1,FOODS_3_004,12311,5.98
TX_1,FOODS_3_004,12312,5.98
TX_1,FOODS_3_004,12313,5.09
TX_1,FOODS_3_004,12314,5.98
TX_1,FOODS_3_004,12315,5.98
TX_1,FOODS_3_004,12316,5.98
TX_1,FOODS_3_004,12317,5.98
TX_1,FOODS_3_004,12318,5.09
TX_1,FOODS_3_004,12319,5.09
TX_1,FOODS_3_004,12320,5.98
TX_1,FOODS_3_004,12321,5.98
TX_1,FOODS_3_004,12322,5.98
TX_1,FOODS_3_004,12323,5.98
TX_1,FOODS_3_004,12324,5.98
TX_1,FOODS_3_004,12325,5.98
TX_1,FOODS_3_004,12326,5.98
TX_1,FOODS_3_004,12327,5.98
TX_1,FOODS_3_004,12328,5.98
TX_1,FOODS_3_004,12329,5.98
TX_1,FOODS_3_004,12330,5.09
TX_1,FOODS_3_004,12331,5.98
TX_1,FOODS_3_004,12332,5.98
TX_1,FOODS_3_004,12333,5.98
TX_1,FOODS_3_004,12334,5.09
TX_1,FOODS_3_004,12335,5.98
TX_1,FOODS_3_004,12336,5.98
TX_1,FOODS_3_004,12337,5.98
TX_1,FOODS_3_004,12338,5.98
TX_1,FOODS_3_004,12339,5.09
TX_1,FOODS_3_004,12340,5.98
TX_1,FOODS_3_004,12341,5.98
TX_1,FOODS_3_004,12342,5.98
TX_1,FOODS_3_004,12343,5.98
TX_1,FOODS_3_004,12344,5.98
TX_1,FOODS_3_004,12345,5.98
TX_1,FOODS_3_004,12346,5.98
TX_1,FOODS_3_004,12347,5.98
TX_1,FOODS_3_004,12348,5.98
TX_1,FOODS_3_004,12349,5.98
TX_1,FOODS_3_004,12350,5.98
TX_1,FOODS_3_004,12351,5.98
TX_1,FOODS_3_004,12352,5.09
TX_1,HOBBIES_1_001,12152,15.47
TX_1,HOBBIES_1_001,12201,13.15
TX_1,HOBBIES_1_001,12202,15.47
TX_1,HOBBIES_1_001,12203,15.47
TX_1,HOBBIES_1_001,12204,15.47
TX_1,HOBBIES_1_001,12205,15.47
TX_1,HOBBIES_1_001,12206,15.47
TX_1,HOBBIES_1_001,12207,15.47
TX_1,HOBBIES_1_001,12208,15.47
TX_1,HOBBIES_1_001,12209,15.47
TX_1,HOBBIES_1_001,12210,15.47
TX_1,HOBBIES_1_001,12211,13.15
TX_1,HOBBIES_1_001,12212,15.47
TX_1,HOBBIES_1_001,12213,15.47
TX_1,HOBBIES_1_001,12214,15.47
TX_1,HOBBIES_1_001,12215,15.47
TX_1,HOBBIES_1_001,12216,15.47
TX_1,HOBBIES_1_001,12217,15.47
TX_1,HOBBIES_1_001,12218,15.47
TX_1,HOBBIES_1_001,12219,15.47
TX_1,HOBBIES_1_001,12220,15.47
TX_1,HOBBIES_1_001,12221,15.47
TX_1,HOBBIES_1_001,12222,15.47
TX_1,HOBBIES_1_001,12223,15.47
TX_1,HOBBIES_1_001,12224,15.47
TX_1,HOBBIES_1_001,12225,13.15
TX_1,HOBBIES_1_001,12226,15.47
TX_1,HOBBIES_1_001,12227,15.47
TX_1,HOBBIES_1_001,12228,15.47
TX_1,HOBBIES_1_001,12229,15.47
TX_1,HOBBIES_1_001,12230,15.47
TX_1,HOBBIES_1_001,12231,15.47
TX_1,HOBBIES_1_001,12232,15.47
TX_1,HOBBIES_1_001,12233,15.47
TX_1,HOBBIES_1_001,12234,13.15
TX_1,HOBBIES_1_001,12235,15.47
TX_1,HOBBIES_1_001,12236,15.47
TX_1,HOBBIES_1_001,12237,15.47
TX_1,HOBBIES_1_001,12238,15.47
TX_1,HOBBIES_1_001,12239,15.47
TX_1,HOBBIES_1_001,12240,15.47
TX_1,HOBBIES_1_001,12241,15.47
TX_1,HOBBIES_1_001,12242,15.47
TX_1,HOBBIES_1_001,12243,15.47
TX_1,HOBBIES_1_001,12244,15.47
TX_1,HOBBIES_1_001,12245,15.47
TX_1,HOBBIES_1_001,12246,15.47
TX_1,HOBBIES_1_001,12247,15.47
TX_1,HOBBIES_1_001,12248,15.47
TX_1,HOBBIES_1_001,12249,15.47
TX_1,HOBBIES_1_001,12250,15.47
TX_1,HOBBIES_1_001,12251,15.47
TX_1,HOBBIES_1_001,12252,15.47
TX_1,HOBBIES_1_001,12301,15.47
TX_1,HOBBIES_1_001,12302,15.47
TX_1,HOBBIES_1_001,12303,15.47
TX_1,HOBBIES_1_001,12304,13.15
TX_1,HOBBIES_1_001,12305,15.47
TX_1,HOBBIES_1_001,12306,15.47
TX_1,HOBBIES_1_001,12307,15.47
TX_1,HOBBIES_1_001,12308,15.47
TX_1,HOBBIES_1_001,12309,13.15
TX_1,HOBBIES_1_001,12310,15.47
TX_1,HOBBIES_1_001,12311,13.15
TX_1,HOBBIES_1_001,12312,15.47
TX_1,HOBBIES_1_001,12313,15.47
TX_1,HOBBIES_1_001,12314,15.47
TX_1,HOBBIES_1_001,12315,15.47
TX_1,HOBBIES_1_001,12316,15.47
TX_1,HOBBIES_1_001,12317,15.47
TX_1,HOBBIES_1_001,12318,15.47
TX_1,HOBBIES_1_001,12319,15.47
TX_1,HOBBIES_1_001,12320,15.47
TX_1,HOBBIES_1_001,12321,15.47
TX_1,HOBBIES_1_001,12322,13.15
TX_1,HOBBIES_1_001,12323,15.47
TX_1,HOBBIES_1_001,12324,15.47
TX_1,HOBBIES_1_001,12325,15.47
TX_1,HOBBIES_1_001,12326,15.47
TX_1,HOBBIES_1_001,12327,15.47
TX_1,HOBBIES_1_001,12328,15.47
TX_1,HOBBIES_1_001,12329,15.47
TX_1,HOBBIES_1_001,12330,13.15
TX_1,HOBBIES_1_001,12331,15.47
TX_1,HOBBIES_1_001,12332,15.47
TX_1,HOBBIES_1_001,12333,15.47
TX_1,HOBBIES_1_001,12334,15.47
TX_1,HOBBIES_1_001,12335,13.15
TX_1,HOBBIES_1_001,12336,15.47
TX_1,HOBBIES_1_001,12337,15.47
TX_1,HOBBIES_1_001,12338,13.15
TX_1,HOBBIES_1_001,12339,15.47
TX_1,HOBBIES_1_001,12340,13.15
TX_1,HOBBIES_1_001,12341,15.47
TX_1,HOBBIES_1_001,12342,15.47
TX_1,HOBBIES_1_001,12343,15.47
TX_1,HOBBIES_1_001,12344,15.47
TX_1,HOBBIES_1_001,12345,15.47
TX_1,HOBBIES_1_001,12346,15.47
TX_1,HOBBIES_1_001,12347,15.47
TX_1,HOBBIES_1_001,12348,15.47
TX_1,HOBBIES_1_001,12349,15.47
TX_1,HOBBIES_1_001,12350,13.15
TX_1,HOBBIES_1_001,12351,15.47
TX_1,HOBBIES_1_001,12352,15.47
TX_1,HOBBIES_1_002,12152,16.27
TX_1,HOBBIES_1_002,12201,19.14
TX_1,HOBBIES_1_002,12202,19.14
TX_1,HOBBIES_1_002,12203,19.14
TX_1,HOBBIES_1_002,12204,19.14
TX_1,HOBBIES_1_002,12205,19.14
TX_1,HOBBIES_1_002,12206,19.14
TX_1,HOBBIES_1_002,12207,19.14
TX_1,HOBBIES_1_002,12208,19.14
TX_1,HOBBIES_1_002,12209,19.14
TX_1,HOBBIES_1_002,12210,19.14
TX_1,HOBBIES_1_002,12211,16.27
TX_1,HOBBIES_1_002,12212,16.27
TX_1,HOBBIES_1_002,12213,19.14
TX_1,HOBBIES_1_002,12214,19.14
TX_1,HOBBIES_1_002,12215,19.14
TX_1,HOBBIES_1_002,12216,19.14
TX_1,HOBBIES_1_002,12217,19.14
TX_1,HOBBIES_1_002,12218,16.27
TX_1,HOBBIES_1_002,12219,19.14
TX_1,HOBBIES_1_002,12220,16.27
TX_1,HOBBIES_1_002,12221,19.14
TX_1,HOBBIES_1_002,12222,19.14
TX_1,HOBBIES_1_002,12223,19.14
TX_1,HOBBIES_1_002,12224,19.14
TX_1,HOBBIES_1_002,12225,19.14
TX_1,HOBBIES_1_002,12226,19.14
TX_1,HOBBIES_1_002,12227,19.14
TX_1,HOBBIES_1_002,12228,16.27
TX_1,HOBBIES_1_002,12229,19.14
TX_1,HOBBIES_1_002,12230,19.14
TX_1,HOBBIES_1_002,12231,19.14
TX_1,HOBBIES_1_002,12232,16.27
TX_1,HOBBIES_1_002,12233,19.14
TX_1,HOBBIES_1_002,12234,19.14
TX_1,HOBBIES_1_002,12235,19.14
TX_1,HOBBIES_1_002,12236,16.27
TX_1,HOBBIES_1_002,12237,16.27
TX_1,HOBBIES_1_002,12238,19.14
TX_1,HOBBIES_1_002,12239,19.14
TX_1,HOBBIES_1_002,12240,19.14
TX_1,HOBBIES_1_002,12241,19.14
TX_1,HOBBIES_1_002,12242,19.14
TX_1,HOBBIES_1_002,12243,19.14
TX_1,HOBBIES_1_002,12244,19.14
TX_1,HOBBIES_1_002,12245,19.14
TX_1,HOBBIES_1_002,12246,16.27
TX_1,HOBBIES_1_002,12247,16.27
TX_1,HOBBIES_1_002,12248,19.14
TX_1,HOBBIES_1_002,12249,19.14
TX_1,HOBBIES_1_002,12250,19.14
TX_1,HOBBIES_1_002,12251,19.14
TX_1,HOBBIES_1_002,12252,19.14
TX_1,HOBBIES_1_002,12301,19.14
TX_1,HOBBIES_1_002,12302,19.14
TX_1,HOBBIES_1_002,12303,16.27
TX_1,HOBBIES_1_002,12304,19.14
TX_1,HOBBIES_1_002,12305,19.14
TX_1,HOBBIES_1_002,12306,19.14
TX_1,HOBBIES_1_002,12307,16.27
TX_1,HOBBIES_1_002,12308,19.14
TX_1,HOBBIES_1_002,12309,19.14
TX_1,HOBBIES_1_002,12310,19.14
TX_1,HOBBIES_1_002,12311,19.14
TX_1,HOBBIES_1_002,12312,16.27
TX_1,HOBBIES_1_002,12313,19.14
TX_1,HOBBIES_1_002,12314,19.14
TX_1,HOBBIES_1_002,12315,19.14
TX_1,HOBBIES_1_002,12316,19.14
TX_1,HOBBIES_1_002,12317,16.27
TX_1,HOBBIES_1_002,12318,19.14
TX_1,HOBBIES_1_002,12319,16.27
TX_1,HOBBIES_1_002,12320,19.14
TX_1,HOBBIES_1_002,12321,19.14
TX_1,HOBBIES_1_002,12322,19.14
TX_1,HOBBIES_1_002,12323,19.14
TX_1,HOBBIES_1_002,12324,19.14
TX_1,HOBBIES_1_002,12325,19.14
TX_1,HOBBIES_1_002,12326,19.14
TX_1,HOBBIES_1_002,12327,16.27
TX_1,HOBBIES_1_002,12328,19.14
TX_1,HOBBIES_1_002,12329,19.14
TX_1,HOBBIES_1_002,12330,19.14
TX_1,HOBBIES_1_002,12331,19.14
TX_1,HOBBIES_1_002,12332,19.14
TX_1,HOBBIES_1_002,12333,19.14
TX_1,HOBBIES_1_002,12334,19.14
TX_1,HOBBIES_1_002,12335,19.14
TX_1,HOBBIES_1_002,12336,19.14
TX_1,HOBBIES_1_002,12337,19.14
TX_1,HOBBIES_1_002,12338,19.14
TX_1,HOBBIES_1_002,12339,16.27
TX_1,HOBBIES_1_002,12340,19.14
TX_1,HOBBIES_1_002,12341,19.14
TX_1,HOBBIES_1_002,12342,19.14
TX_1,HOBBIES_1_002,12343,19.14
TX_1,HOBBIES_1_002,12344,19.14
TX_1,HOBBIES_1_002,12345,19.14
TX_1,HOBBIES_1_002,12346,19.14
TX_1,HOBBIES_1_002,12347,19.14
TX_1,HOBBIES_1_002,12348,19.14
TX_1,HOBBIES_1_002,12349,19.14
TX_1,HOBBIES_1_002,12350,19.14
TX_1,HOBBIES_1_002,12351,19.14
TX_1,HOBBIES_1_002,12352,19.14
TX_1,HOBBIES_1_003,12152,22.83
TX_1,HOBBIES_1_003,12201,19.4
TX_1,HOBBIES_1_003,12202,22.83
TX_1,HOBBIES_1_003,12203,22.83
TX_1,HOBBIES_1_003,12204,22.83
TX_1,HOBBIES_1_003,12205,22.83
TX_1,HOBBIES_1_003,12206,22.83
TX_1,HOBBIES_1_003,12207,22.83
TX_1,HOBBIES_1_003,12208,22.83
TX_1,HOBBIES_1_003,12209,22.83
TX_1,HOBBIES_1_003,12210,22.83
TX_1,HOBBIES_1_003,12211,22.83
TX_1,HOBBIES_1_003,12212,22.83
TX_1,HOBBIES_1_003,12213,22.83
TX_1,HOBBIES_1_003,12214,22.83
TX_1,HOBBIES_1_003,12215,22.83
TX_1,HOBBIES_1_003,12216,22.83
TX_1,HOBBIES_1_003,12217,22.83
TX_1,HOBBIES_1_003,12218,22.83
TX_1,HOBBIES_1_003,12219,22.83
TX_1,HOBBIES_1_003,12220,22.83
TX_1,HOBBIES_1_003,12221,22.83
TX_1,HOBBIES_1_003,12222,19.4
TX_1,HOBBIES_1_003,12223,22.83
TX_1,HOBBIES_1_003,12224,19.4
TX_1,HOBBIES_1_003,12225,19.4
TX_1,HOBBIES_1_003,12226,22.83
TX_1,HOBBIES_1_003,12227,22.83
TX_1,HOBBIES_1_003,12228,22.83
TX_1,HOBBIES_1_003,12229,19.4
TX_1,HOBBIES_1_003,12230,22.83
TX_1,HOBBIES_1_003,12231,22.83
TX_1,HOBBIES_1_003,12232,22.83
TX_1,HOBBIES_1_003,12233,22.83
TX_1,HOBBIES_1_003,12234,22.83
TX_1,HOBBIES_1_003,12235,22.83
TX_1,HOBBIES_1_003,12236,19.4
TX_1,HOBBIES_1_003,12237,22.83
TX_1,HOBBIES_1_003,12238,22.83
TX_1,HOBBIES_1_003,12239,22.83
TX_1,HOBBIES_1_003,12240,22.83
TX_1,HOBBIES_1_003,12241,19.4
TX_1,HOBBIES_1_003,12242,22.83
TX_1,HOBBIES_1_003,12243,22.83
TX_1,HOBBIES_1_003,12244,22.83
TX_1,HOBBIES_1_003,12245,19.4
TX_1,HOBBIES_1_003,12246,22.83
TX_1,HOBBIES_1_003,12247,22.83
TX_1,HOBBIES_1_003,12248,22.83
TX_1,HOBBIES_1_003,12249,22.83
TX_1,HOBBIES_1_003,12250,19.4
TX_1,HOBBIES_1_003,12251,22.83
TX_1,HOBBIES_1_003,12252,22.83
TX_1,HOBBIES_1_003,12301,22.83
TX_1,HOBBIES_1_003,12302,22.83
TX_1,HOBBIES_1_003,12303,22.83
TX_1,HOBBIES_1_003,12304,22.83
TX_1,HOBBIES_1_003,12305,22.83
TX_1,HOBBIES_1_003,12306,22.83
TX_1,HOBBIES_1_003,12307,22.83
TX_1,HOBBIES_1_003,12308,22.83
TX_1,HOBBIES_1_003,12309,22.83
TX_1,HOBBIES_1_003,12310,22.83
TX_1,HOBBIES_1_003,12311,22.83
TX_1,HOBBIES_1_003,12312,22.83
TX_1,HOBBIES_1_003,12313,22.83
TX_1,HOBBIES_1_003,12314,22.83
TX_1,HOBBIES_1_003,12315,22.83
TX_1,HOBBIES_1_003,12316,19.4
TX_1,HOBBIES_1_003,12317,22.83
TX_1,HOBBIES_1_003,12318,22.83
TX_1,HOBBIES_1_003,12319,22.83
TX_1,HOBBIES_1_003,12320,22.83
TX_1,HOBBIES_1_003,12321,22.83
TX_1,HOBBIES_1_003,12322,22.83
TX_1,HOBBIES_1_003,12323,22.83
TX_1,HOBBIES_1_003,12324,19.4
TX_1,HOBBIES_1_003,12325,22.83
TX_1,HOBBIES_1_003,12326,22.83
TX_1,HOBBIES_1_003,12327,22.83
TX_1,HOBBIES_1_003,12328,22.83
TX_1,HOBBIES_1_003,12329,22.83
TX_1,HOBBIES_1_003,12330,22.83
TX_1,HOBBIES_1_003,12331,22.83
TX_1,HOBBIES_1_003,12332,19.4
TX_1,HOBBIES_1_003,12333,22.83
TX_1,HOBBIES_1_003,12334,22.83
TX_1,HOBBIES_1_003,12335,22.83
TX_1,HOBBIES_1_003,12336,22.83
TX_1,HOBBIES_1_003,12337,19.4
TX_1,HOBBIES_1_003,12338,22.83
TX_1,HOBBIES_1_003,12339,19.4
TX_1,HOBBIES_1_003,12340,19.4
TX_1,HOBBIES_1_003,12341,22.83
TX_1,HOBBIES_1_003,12342,22.83
TX_1,HOBBIES_1_003,12343,22.83
TX_1,HOBBIES_1_003,12344,22.83
TX_1,HOBBIES_1_003,12345,22.83
TX_1,HOBBIES_1_003,12346,22.83
TX_1,HOBBIES_1_003,12347,19.4
TX_1,HOBBIES_1_003,12348,22.83
TX_1,HOBBIES_1_003,12349,22.83
TX_1,HOBBIES_1_003,12350,22.83
TX_1,HOBBIES_1_003,12351,22.83
TX_1,HOBBIES_1_003,12352,22.83
TX_1,HOBBIES_1_004,12152,26.5
TX_1,HOBBIES_1_004,12201,26.5
TX_1,HOBBIES_1_004,12202,26.5
TX_1,HOBBIES_1_004,12203,26.5
TX_1,HOBBIES_1_004,12204,26.5
TX_1,HOBBIES_1_004,12205,26.5
TX_1,HOBBIES_1_004,12206,26.5
TX_1,HOBBIES_1_004,12207,26.5
TX_1,HOBBIES_1_004,12208,26.5
TX_1,HOBBIES_1_004,12209,26.5
TX_1,HOBBIES_1_004,12210,26.5
TX_1,HOBBIES_1_004,12211,26.5
TX_1,HOBBIES_1_004,12212,26.5
TX_1,HOBBIES_1_004,12213,26.5
TX_1,HOBBIES_1_004,12214,26.5
TX_1,HOBBIES_1_004,12215,26.5
TX_1,HOBBIES_1_004,12216,22.53
TX_1,HOBBIES_1_004,12217,26.5
TX_1,HOBBIES_1_004,12218,26.5
TX_1,HOBBIES_1_004,12219,26.5
TX_1,HOBBIES_1_004,12220,26.5
TX_1,HOBBIES_1_004,12221,26.5
TX_1,HOBBIES_1_004,12222,22.53
TX_1,HOBBIES_1_004,12223,26.5
TX_1,HOBBIES_1_004,12224,26.5
TX_1,HOBBIES_1_004,12225,26.5
TX_1,HOBBIES_1_004,12226,22.53
TX_1,HOBBIES_1_004,12227,26.5
TX_1,HOBBIES_1_004,12228,26.5
TX_1,HOBBIES_1_004,12229,26.5
TX_1,HOBBIES_1_004,12230,26.5
TX_1,HOBBIES_1_004,12231,26.5
TX_1,HOBBIES_1_004,12232,26.5
TX_1,HOBBIES_1_004,12233,26.5
TX_1,HOBBIES_1_004,12234,26.5
TX_1,HOBBIES_1_004,12235,22.53
TX_1,HOBBIES_1_004,12236,26.5
TX_1,HOBBIES_1_004,12237,26.5
TX_1,HOBBIES_1_004,12238,26.5
TX_1,HOBBIES_1_004,12239,26.5
TX_1,HOBBIES_1_004,12240,22.53
TX_1,HOBBIES_1_004,12241,22.53
TX_1,HOBBIES_1_004,12242,26.5
TX_1,HOBBIES_1_004,12243,26.5
TX_1,HOBBIES_1_004,12244,26.5
TX_1,HOBBIES_1_004,12245,26.5
TX_1,HOBBIES_1_004,12246,26.5
TX_1,HOBBIES_1_004,12247,22.53
TX_1,HOBBIES_1_004,12248,22.53
TX_1,HOBBIES_1_004,12249,26.5
TX_1,HOBBIES_1_004,12250,26.5
TX_1,HOBBIES_1_004,12251,26.5
TX_1,HOBBIES_1_004,12252,26.5
TX_1,HOBBIES_1_004,12301,26.5
TX_1,HOBBIES_1_004,12302,26.5
TX_1,HOBBIES_1_004,12303,26.5
TX_1,HOBBIES_1_004,12304,26.5
TX_1,HOBBIES_1_004,12305,22.53
TX_1,HOBBIES_1_004,12306,22.53
TX_1,HOBBIES_1_004,12307,26.5
TX_1,HOBBIES_1_004,12308,26.5
TX_1,HOBBIES_1_004,12309,26.5
TX_1,HOBBIES_1_004,12310,26.5
TX_1,HOBBIES_1_004,12311,26.5
TX_1,HOBBIES_1_004,12312,22.53
TX_1,HOBBIES_1_004,12313,26.5
TX_1,HOBBIES_1_004,12314,26.5
TX_1,HOBBIES_1_004,12315,26.5
TX_1,HOBBIES_1_004,12316,26.5
TX_1,HOBBIES_1_004,12317,26.5
TX_1,HOBBIES_1_004,12318,26.5
TX_1,HOBBIES_1_004,12319,26.5
TX_1,HOBBIES_1_004,12320,26.5
TX_1,HOBBIES_1_004,12321,26.5
TX_1,HOBBIES_1_004,12322,26.5
TX_1,HOBBIES_1_004,12323,22.53
TX_1,HOBBIES_1_004,12324,22.53
TX_1,HOBBIES_1_004,12325,26.5
TX_1,HOBBIES_1_004,12326,26.5
TX_1,HOBBIES_1_004,12327,26.5
TX_1,HOBBIES_1_004,12328,26.5
TX_1,HOBBIES_1_004,12329,26.5
TX_1,HOBBIES_1_004,12330,26.5
TX_1,HOBBIES_1_004,12331,26.5
TX_1,HOBBIES_1_004,12332,26.5
TX_1,HOBBIES_1_004,12333,26.5
TX_1,HOBBIES_1_004,12334,22.53
TX_1,HOBBIES_1_004,12335,26.5
TX_1,HOBBIES_1_004,12336,26.5
TX_1,HOBBIES_1_004,12337,26.5
TX_1,HOBBIES_1_004,12338,22.53
TX_1,HOBBIES_1_004,12339,26.5
TX_1,HOBBIES_1_004,12340,26.5
TX_1,HOBBIES_1_004,12341,26.5
TX_1,HOBBIES_1_004,12342,26.5
TX_1,HOBBIES_1_004,12343,26.5
TX_1,HOBBIES_1_004,12344,26.5
TX_1,HOBBIES_1_004,12345,26.5
TX_1,HOBBIES_1_004,12346,26.5
TX_1,HOBBIES_1_004,12347,26.5
TX_1,HOBBIES_1_004,12348,26.5
TX_1,HOBBIES_1_004,12349,26.5
TX_1,HOBBIES_1_004,12350,26.5
TX_1,HOBBIES_1_004,12351,26.5
TX_1,HOBBIES_1_004,12352,26.5
TX_1,HOBBIES_2_001,12152,15.47
TX_1,HOBBIES_2_001,12201,15.47
TX_1,HOBBIES_2_001,12202,13.15
TX_1,HOBBIES_2_001,12203,15.47
TX_1,HOBBIES_2_001,12204,15.47
TX_1,HOBBIES_2_001,12205,15.47
TX_1,HOBBIES_2_001,12206,15.47
TX_1,HOBBIES_2_001,12207,13.15
TX_1,HOBBIES_2_001,12208,15.47
TX_1,HOBBIES_2_001,12209,13.15
TX_1,HOBBIES_2_001,12210,15.47
TX_1,HOBBIES_2_001,12211,15.47
TX_1,HOBBIES_2_001,12212,13.15
TX_1,HOBBIES_2_001,12213,15.47
TX_1,HOBBIES_2_001,12214,13.15
TX_1,HOBBIES_2_001,12215,15.47
TX_1,HOBBIES_2_001,12216,15.47
TX_1,HOBBIES_2_001,12217,15.47
TX_1,HOBBIES_2_001,12218,15.47
TX_1,HOBBIES_2_001,12219,15.47
TX_1,HOBBIES_2_001,12220,15.47
TX_1,HOBBIES_2_001,12221,15.47
TX_1,HOBBIES_2_001,12222,13.15
TX_1,HOBBIES_2_001,12223,13.15
TX_1,HOBBIES_2_001,12224,15.47
TX_1,HOBBIES_2_001,12225,15.47
TX_1,HOBBIES_2_001,12226,15.47
TX_1,HOBBIES_2_001,12227,15.47
TX_1,HOBBIES_2_001,12228,15.47
TX_1,HOBBIES_2_001,12229,13.15
TX_1,HOBBIES_2_001,12230,15.47
TX_1,HOBBIES_2_001,12231,15.47
TX_1,HOBBIES_2_001,12232,15.47
TX_1,HOBBIES_2_001,12233,15.47
TX_1,HOBBIES_2_001,12234,13.15
TX_1,HOBBIES_2_001,12235,15.47
TX_1,HOBBIES_2_001,12236,15.47
TX_1,HOBBIES_2_001,12237,13.15
TX_1,HOBBIES_2_001,12238,15.47
TX_1,HOBBIES_2_001,12239,15.47
TX_1,HOBBIES_2_001,12240,15.47
TX_1,HOBBIES_2_001,12241,15.47
TX_1,HOBBIES_2_001,12242,15.47
TX_1,HOBBIES_2_001,12243,15.47
TX_1,HOBBIES_2_001,12244,15.47
TX_1,HOBBIES_2_001,12245,15.47
TX_1,HOBBIES_2_001,12246,15.47
TX_1,HOBBIES_2_001,12247,15.47
TX_1,HOBBIES_2_001,12248,15.47
TX_1,HOBBIES_2_001,12249,15.47
TX_1,HOBBIES_2_001,12250,15.47
TX_1,HOBBIES_2_001,12251,15.47
TX_1,HOBBIES_2_001,12252,15.47
TX_1,HOBBIES_2_001,12301,15.47
TX_1,HOBBIES_2_001,12302,15.47
TX_1,HOBBIES_2_001,12303,15.47
TX_1,HOBBIES_2_001,12304,15.47
TX_1,HOBBIES_2_001,12305,15.47
TX_1,HOBBIES_2_001,12306,15.47
TX_1,HOBBIES_2_001,12307,15.47
TX_1,HOBBIES_2_001,12308,15.47
TX_1,HOBBIES_2_001,12309,15.47
TX_1,HOBBIES_2_001,12310,15.47
TX_1,HOBBIES_2_001,12311,15.47
TX_1,HOBBIES_2_001,12312,15.47
TX_1,HOBBIES_2_001,12313,15.47
TX_1,HOBBIES_2_001,12314,15.47
TX_1,HOBBIES_2_001,12315,15.47
TX_1,HOBBIES_2_001,12316,15.47
TX_1,HOBBIES_2_001,12317,15.47
TX_1,HOBBIES_2_001,12318,15.47
TX_1,HOBBIES_2_001,12319,15.47
TX_1,HOBBIES_2_001,12320,15.47
TX_1,HOBBIES_2_001,12321,15.47
TX_1,HOBBIES_2_001,12322,15.47
TX_1,HOBBIES_2_001,12323,13.15
TX_1,HOBBIES_2_001,12324,15.47
TX_1,HOBBIES_2_001,12325,15.47
TX_1,HOBBIES_2_001,12326,13.15
TX_1,HOBBIES_2_001,12327,13.15
TX_1,HOBBIES_2_001,12328,15.47
TX_1,HOBBIES_2_001,12329,15.47
TX_1,HOBBIES_2_001,12330,15.47
TX_1,HOBBIES_2_001,12331,15.47
TX_1,HOBBIES_2_001,12332,15.47
TX_1,HOBBIES_2_001,12333,15.47
TX_1,HOBBIES_2_001,12334,15.47
TX_1,HOBBIES_2_001,12335,15.47
TX_1,HOBBIES_2_001,12336,15.47
TX_1,HOBBIES_2_001,12337,15.47
TX_1,HOBBIES_2_001,12338,13.15
TX_1,HOBBIES_2_001,12339,13.15
TX_1,HOBBIES_2_001,12340,13.15
TX_1,HOBBIES_2_001,12341,15.47
TX_1,HOBBIES_2_001,12342,15.47
TX_1,HOBBIES_2_001,12343,15.47
TX_1,HOBBIES_2_001,12344,15.47
TX_1,HOBBIES_2_001,12345,15.47
TX_1,HOBBIES_2_001,12346,15.47
TX_1,HOBBIES_2_001,12347,15.47
TX_1,HOBBIES_2_001,12348,13.15
TX_1,HOBBIES_2_001,12349,15.47
TX_1,HOBBIES_2_001,12350,15.47
TX_1,HOBBIES_2_001,12351,15.47
TX_1,HOBBIES_2_001,12352,15.47
TX_1,HOBBIES_2_002,12152,19.14
TX_1,HOBBIES_2_002,12201,19.14
TX_1,HOBBIES_2_002,12202,19.14
TX_1,HOBBIES_2_002,12203,19.14
TX_1,HOBBIES_2_002,12204,19.14
TX_1,HOBBIES_2_002,12205,19.14
TX_1,HOBBIES_2_002,12206,19.14
TX_1,HOBBIES_2_002,12207,19.14
TX_1,HOBBIES_2_002,12208,19.14
TX_1,HOBBIES_2_002,12209,19.14
TX_1,HOBBIES_2_002,12210,19.14
TX_1,HOBBIES_2_002,12211,19.14
TX_1,HOBBIES_2_002,12212,19.14
TX_1,HOBBIES_2_002,12213,16.27
TX_1,HOBBIES_2_002,12214,16.27
TX_1,HOBBIES_2_002,12215,19.14
TX_1,HOBBIES_2_002,12216,19.14
TX_1,HOBBIES_2_002,12217,19.14
TX_1,HOBBIES_2_002,12218,19.14
TX_1,HOBBIES_2_002,12219,16.27
TX_1,HOBBIES_2_002,12220,19.14
TX_1,HOBBIES_2_002,12221,19.14
TX_1,HOBBIES_2_002,12222,19.14
TX_1,HOBBIES_2_002,12223,19.14
TX_1,HOBBIES_2_002,12224,19.14
TX_1,HOBBIES_2_002,12225,16.27
TX_1,HOBBIES_2_002,12226,19.14
TX_1,HOBBIES_2_002,12227,19.14
TX_1,HOBBIES_2_002,12228,19.14
TX_1,HOBBIES_2_002,12229,19.14
TX_1,HOBBIES_2_002,12230,19.14
TX_1,HOBBIES_2_002,12231,19.14
TX_1,HOBBIES_2_002,12232,19.14
TX_1,HOBBIES_2_002,12233,19.14
TX_1,HOBBIES_2_002,12234,19.14
TX_1,HOBBIES_2_002,12235,19.14
TX_1,HOBBIES_2_002,12236,19.14
TX_1,HOBBIES_2_002,12237,19.14
TX_1,HOBBIES_2_002,12238,19.14
TX_1,HOBBIES_2_002,12239,16.27
TX_1,HOBBIES_2_002,12240,16.27
TX_1,HOBBIES_2_002,12241,19.14
TX_1,HOBBIES_2_002,12242,19.14
TX_1,HOBBIES_2_002,12243,19.14
TX_1,HOBBIES_2_002,12244,19.14
TX_1,HOBBIES_2_002,12245,16.27
TX_1,HOBBIES_2_002,12246,19.14
TX_1,HOBBIES_2_002,12247,19.14
TX_1,HOBBIES_2_002,12248,19.14
TX_1,HOBBIES_2_002,12249,16.27
TX_1,HOBBIES_2_002,12250,19.14
TX_1,HOBBIES_2_002,12251,19.14
TX_1,HOBBIES_2_002,12252,19.14
TX_1,HOBBIES_2_002,12301,19.14
TX_1,HOBBIES_2_002,12302,19.14
TX_1,HOBBIES_2_002,12303,19.14
TX_1,HOBBIES_2_002,12304,19.14
TX_1,HOBBIES_2_002,12305,16.27
TX_1,HOBBIES_2_002,12306,19.14
TX_1,HOBBIES_2_002,12307,19.14
TX_1,HOBBIES_2_002,12308,16.27
TX_1,HOBBIES_2_002,12309,16.27
TX_1,HOBBIES_2_002,12310,19.14
TX_1,HOBBIES_2_002,12311,19.14
TX_1,HOBBIES_2_002,12312,19.14
TX_1,HOBBIES_2_002,12313,19.14
TX_1,HOBBIES_2_002,12314,16.27
TX_1,HOBBIES_2_002,12315,16.27
TX_1,HOBBIES_2_002,12316,19.14
TX_1,HOBBIES_2_002,12317,16.27
TX_1,HOBBIES_2_002,12318,19.14
TX_1,HOBBIES_2_002,12319,19.14
TX_1,HOBBIES_2_002,12320,19.14
TX_1,HOBBIES_2_002,12321,19.14
TX_1,HOBBIES_2_002,12322,16.27
TX_1,HOBBIES_2_002,12323,19.14
TX_1,HOBBIES_2_002,12324,19.14
TX_1,HOBBIES_2_002,12325,19.14
TX_1,HOBBIES_2_002,12326,19.14
TX_1,HOBBIES_2_002,12327,19.14
TX_1,HOBBIES_2_002,12328,19.14
TX_1,HOBBIES_2_002,12329,19.14
TX_1,HOBBIES_2_002,12330,19.14
TX_1,HOBBIES_2_002,12331,19.14
TX_1,HOBBIES_2_002,12332,19.14
TX_1,HOBBIES_2_002,12333,19.14
TX_1,HOBBIES_2_002,12334,19.14
TX_1,HOBBIES_2_002,12335,16.27
TX_1,HOBBIES_2_002,12336,19.14
TX_1,HOBBIES_2_002,12337,19.14
TX_1,HOBBIES_2_002,12338,19.14
TX_1,HOBBIES_2_002,12339,19.14
TX_1,HOBBIES_2_002,12340,19.14
TX_1,HOBBIES_2_002,12341,19.14
TX_1,HOBBIES_2_002,12342,19.14
TX_1,HOBBIES_2_002,12343,19.14
TX_1,HOBBIES_2_002,12344,16.27
TX_1,HOBBIES_2_002,12345,19.14
TX_1,HOBBIES_2_002,12346,19.14
TX_1,HOBBIES_2_002,12347,19.14
TX_1,HOBBIES_2_002,12348,19.14
TX_1,HOBBIES_2_002,12349,19.14
TX_1,HOBBIES_2_002,12350,19.14
TX_1,HOBBIES_2_002,12351,16.27
TX_1,HOBBIES_2_002,12352,19.14
TX_1,HOBBIES_2_003,12152,22.83
TX_1,HOBBIES_2_003,12201,22.83
TX_1,HOBBIES_2_003,12202,22.83
TX_1,HOBBIES_2_003,12203,22.83
TX_1,HOBBIES_2_003,12204,22.83
TX_1,HOBBIES_2_003,12205,19.4
TX_1,HOBBIES_2_003,12206,22.83
TX_1,HOBBIES_2_003,12207,22.83
TX_1,HOBBIES_2_003,12208,22.83
TX_1,HOBBIES_2_003,12209,22.83
TX_1,HOBBIES_2_003,12210,22.83
TX_1,HOBBIES_2_003,12211,19.4
TX_1,HOBBIES_2_003,12212,22.83
TX_1,HOBBIES_2_003,12213,19.4
TX_1,HOBBIES_2_003,12214,22.83
TX_1,HOBBIES_2_003,12215,22.83
TX_1,HOBBIES_2_003,12216,22.83
TX_1,HOBBIES_2_003,12217,22.83
TX_1,HOBBIES_2_003,12218,19.4
TX_1,HOBBIES_2_003,12219,22.83
TX_1,HOBBIES_2_003,12220,22.83
TX_1,HOBBIES_2_003,12221,22.83
TX_1,HOBBIES_2_003,12222,22.83
TX_1,HOBBIES_2_003,12223,22.83
TX_1,HOBBIES_2_003,12224,22.83
TX_1,HOBBIES_2_003,12225,19.4
TX_1,HOBBIES_2_003,12226,22.83
TX_1,HOBBIES_2_003,12227,22.83
TX_1,HOBBIES_2_003,12228,22.83
TX_1,HOBBIES_2_003,12229,22.83
TX_1,HOBBIES_2_003,12230,19.4
TX_1,HOBBIES_2_003,12231,19.4
TX_1,HOBBIES_2_003,12232,22.83
TX_1,HOBBIES_2_003,12233,22.83
TX_1,HOBBIES_2_003,12234,19.4
TX_1,HOBBIES_2_003,12235,19.4
TX_1,HOBBIES_2_003,12236,22.83
TX_1,HOBBIES_2_003,12237,22.83
TX_1,HOBBIES_2_003,12238,22.83
TX_1,HOBBIES_2_003,12239,19.4
TX_1,HOBBIES_2_003,12240,22.83
TX_1,HOBBIES_2_003,12241,19.4
TX_1,HOBBIES_2_003,12242,19.4
TX_1,HOBBIES_2_003,12243,22.83
TX_1,HOBBIES_2_003,12244,22.83
TX_1,HOBBIES_2_003,12245,22.83
TX_1,HOBBIES_2_003,12246,22.83
TX_1,HOBBIES_2_003,12247,22.83
TX_1,HOBBIES_2_003,12248,22.83
TX_1,HOBBIES_2_003,12249,22.83
TX_1,HOBBIES_2_003,12250,22.83
TX_1,HOBBIES_2_003,12251,22.83
TX_1,HOBBIES_2_003,12252,22.83
TX_1,HOBBIES_2_003,12301,22.83
TX_1,HOBBIES_2_003,12302,22.83
TX_1,HOBBIES_2_003,12303,22.83
TX_1,HOBBIES_2_003,12304,22.83
TX_1,HOBBIES_2_003,12305,22.83
TX_1,HOBBIES_2_003,12306,22.83
TX_1,HOBBIES_2_003,12307,19.4
TX_1,HOBBIES_2_003,12308,22.83
TX_1,HOBBIES_2_003,12309,22.83
TX_1,HOBBIES_2_003,12310,22.83
TX_1,HOBBIES_2_003,12311,22.83
TX_1,HOBBIES_2_003,12312,22.83
TX_1,HOBBIES_2_003,12313,22.83
TX_1,HOBBIES_2_003,12314,22.83
TX_1,HOBBIES_2_003,12315,22.83
TX_1,HOBBIES_2_003,12316,22.83
TX_1,HOBBIES_2_003,12317,22.83
TX_1,HOBBIES_2_003,12318,22.83
TX_1,HOBBIES_2_003,12319,22.83
TX_1,HOBBIES_2_003,12320,19.4
TX_1,HOBBIES_2_003,12321,22.83
TX_1,HOBBIES_2_003,12322,22.83
TX_1,HOBBIES_2_003,12323,22.83
TX_1,HOBBIES_2_003,12324,22.83
TX_1,HOBBIES_2_003,12325,22.83
TX_1,HOBBIES_2_003,12326,19.4
TX_1,HOBBIES_2_003,12327,19.4
TX_1,HOBBIES_2_003,12328,22.83
TX_1,HOBBIES_2_003,12329,22.83
TX_1,HOBBIES_2_003,12330,22.83
TX_1,HOBBIES_2_003,12331,22.83
TX_1,HOBBIES_2_003,12332,22.83
TX_1,HOBBIES_2_003,12333,22.83
TX_1,HOBBIES_2_003,12334,22.83
TX_1,HOBBIES_2_003,12335,22.83
TX_1,HOBBIES_2_003,12336,19.4
TX_1,HOBBIES_2_003,12337,22.83
TX_1,HOBBIES_2_003,12338,19.4
TX_1,HOBBIES_2_003,12339,22.83
TX_1,HOBBIES_2_003,12340,19.4
TX_1,HOBBIES_2_003,12341,22.83
TX_1,HOBBIES_2_003,12342,22.83
TX_1,HOBBIES_2_003,12343,22.83
TX_1,HOBBIES_2_003,12344,22.83
TX_1,HOBBIES_2_003,12345,22.83
TX_1,HOBBIES_2_003,12346,22.83
TX_1,HOBBIES_2_003,12347,19.4
TX_1,HOBBIES_2_003,12348,22.83
TX_1,HOBBIES_2_003,12349,19.4
TX_1,HOBBIES_2_003,12350,22.83
TX_1,HOBBIES_2_003,12351,22.83
TX_1,HOBBIES_2_003,12352,22.83
TX_1,HOBBIES_2_004,12152,26.5
TX_1,HOBBIES_2_004,12201,26.5
TX_1,HOBBIES_2_004,12202,26.5
TX_1,HOBBIES_2_004,12203,26.5
TX_1,HOBBIES_2_004,12204,22.53
TX_1,HOBBIES_2_004,12205,22.53
TX_1,HOBBIES_2_004,12206,26.5
TX_1,HOBBIES_2_004,12207,26.5
TX_1,HOBBIES_2_004,12208,26.5
TX_1,HOBBIES_2_004,12209,22.53
TX_1,HOBBIES_2_004,12210,26.5
TX_1,HOBBIES_2_004,12211,26.5
TX_1,HOBBIES_2_004,12212,26.5
TX_1,HOBBIES_2_004,12213,26.5
TX_1,HOBBIES_2_004,12214,26.5
TX_1,HOBBIES_2_004,12215,26.5
TX_1,HOBBIES_2_004,12216,26.5
TX_1,HOBBIES_2_004,12217,26.5
TX_1,HOBBIES_2_004,12218,26.5
TX_1,HOBBIES_2_004,12219,26.5
TX_1,HOBBIES_2_004,12220,26.5
TX_1,HOBBIES_2_004,12221,26.5
TX_1,HOBBIES_2_004,12222,26.5
TX_1,HOBBIES_2_004,12223,26.5
TX_1,HOBBIES_2_004,12224,26.5
TX_1,HOBBIES_2_004,12225,26.5
TX_1,HOBBIES_2_004,12226,26.5
TX_1,HOBBIES_2_004,12227,26.5
TX_1,HOBBIES_2_004,12228,26.5
TX_1,HOBBIES_2_004,12229,22.53
TX_1,HOBBIES_2_004,12230,26.5
TX_1,HOBBIES_2_004,12231,22.53
TX_1,HOBBIES_2_004,12232,26.5
TX_1,HOBBIES_2_004,12233,26.5
TX_1,HOBBIES_2_004,12234,26.5
TX_1,HOBBIES_2_004,12235,26.5
TX_1,HOBBIES_2_004,12236,26.5
TX_1,HOBBIES_2_004,12237,26.5
TX_1,HOBBIES_2_004,12238,22.53
TX_1,HOBBIES_2_004,12239,22.53
TX_1,HOBBIES_2_004,12240,26.5
TX_1,HOBBIES_2_004,12241,26.5
TX_1,HOBBIES_2_004,12242,22.53
TX_1,HOBBIES_2_004,12243,22.53
TX_1,HOBBIES_2_004,12244,26.5
TX_1,HOBBIES_2_004,12245,26.5
TX_1,HOBBIES_2_004,12246,26.5
TX_1,HOBBIES_2_004,12247,26.5
TX_1,HOBBIES_2_004,12248,22.53
TX_1,HOBBIES_2_004,12249,26.5
TX_1,HOBBIES_2_004,12250,26.5
TX_1,HOBBIES_2_004,12251,26.5
TX_1,HOBBIES_2_004,12252,26.5
TX_1,HOBBIES_2_004,12301,26.5
TX_1,HOBBIES_2_004,12302,26.5
TX_1,HOBBIES_2_004,12303,26.5
TX_1,HOBBIES_2_004,12304,26.5
TX_1,HOBBIES_2_004,12305,26.5
TX_1,HOBBIES_2_004,12306,26.5
TX_1,HOBBIES_2_004,12307,26.5
TX_1,HOBBIES_2_004,12308,22.53
TX_1,HOBBIES_2_004,12309,26.5
TX_1,HOBBIES_2_004,12310,26.5
TX_1,HOBBIES_2_004,12311,26.5
TX_1,HOBBIES_2_004,12312,26.5
TX_1,HOBBIES_2_004,12313,26.5
TX_1,HOBBIES_2_004,12314,26.5
TX_1,HOBBIES_2_004,12315,26.5
TX_1,HOBBIES_2_004,12316,26.5
TX_1,HOBBIES_2_004,12317,26.5
TX_1,HOBBIES_2_004,12318,22.53
TX_1,HOBBIES_2_004,12319,26.5
TX_1,HOBBIES_2_004,12320,26.5
TX_1,HOBBIES_2_004,12321,26.5
TX_1,HOBBIES_2_004,12322,26.5
TX_1,HOBBIES_2_004,12323,26.5
TX_1,HOBBIES_2_004,12324,22.53
TX_1,HOBBIES_2_004,12325,26.5
TX_1,HOBBIES_2_004,12326,22.53
TX_1,HOBBIES_2_004,12327,26.5
TX_1,HOBBIES_2_004,12328,26.5
TX_1,HOBBIES_2_004,12329,26.5
TX_1,HOBBIES_2_004,12330,26.5
TX_1,HOBBIES_2_004,12331,26.5
TX_1,HOBBIES_2_004,12332,22.53
TX_1,HOBBIES_2_004,12333,26.5
TX_1,HOBBIES_2_004,12334,26.5
TX_1,HOBBIES_2_004,12335,22.53
TX_1,HOBBIES_2_004,12336,26.5
TX_1,HOBBIES_2_004,12337,26.5
TX_1,HOBBIES_2_004,12338,22.53
TX_1,HOBBIES_2_004,12339,26.5
TX_1,HOBBIES_2_004,12340,22.53
TX_1,HOBBIES_2_004,12341,26.5
TX_1,HOBBIES_2_004,12342,26.5
TX_1,HOBBIES_2_004,12343,26.5
TX_1,HOBBIES_2_004,12344,26.5
TX_1,HOBBIES_2_004,12345,26.5
TX_1,HOBBIES_2_004,12346,26.5
TX_1,HOBBIES_2_004,12347,26.5
TX_1,HOBBIES_2_004,12348,26.5
TX_1,HOBBIES_2_004,12349,26.5
TX_1,HOBBIES_2_004,12350,26.5
TX_1,HOBBIES_2_004,12351,26.5
TX_1,HOBBIES_2_004,12352,26.5
TX_1,HOUSEHOLD_1_001,12152,9.97
TX_1,HOUSEHOLD_1_001,12201,9.97
TX_1,HOUSEHOLD_1_001,12202,9.97
TX_1,HOUSEHOLD_1_001,12203,9.97
TX_1,HOUSEHOLD_1_001,12204,9.97
TX_1,HOUSEHOLD_1_001,12205,9.97
TX_1,HOUSEHOLD_1_001,12206,9.97
TX_1,HOUSEHOLD_1_001,12207,9.97
TX_1,HOUSEHOLD_1_001,12208,9.97
TX_1,HOUSEHOLD_1_001,12209,9.97
TX_1,HOUSEHOLD_1_001,12210,9.97
TX_1,HOUSEHOLD_1_001,12211,9.97
TX_1,HOUSEHOLD_1_001,12212,9.97
TX_1,HOUSEHOLD_1_001,12213,9.97
TX_1,HOUSEHOLD_1_001,12214,8.47
TX_1,HOUSEHOLD_1_001,12215,9.97
TX_1,HOUSEHOLD_1_001,12216,9.97
TX_1,HOUSEHOLD_1_001,12217,9.97
TX_1,HOUSEHOLD_1_001,12218,9.97
TX_1,HOUSEHOLD_1_001,12219,8.47
TX_1,HOUSEHOLD_1_001,12220,9.97
TX_1,HOUSEHOLD_1_001,12221,9.97
TX_1,HOUSEHOLD_1_001,12222,8.47
TX_1,HOUSEHOLD_1_001,12223,9.97
TX_1,HOUSEHOLD_1_001,12224,9.97
TX_1,HOUSEHOLD_1_001,12225,9.97
TX_1,HOUSEHOLD_1_001,12226,9.97
TX_1,HOUSEHOLD_1_001,12227,9.97
TX_1,HOUSEHOLD_1_001,12228,9.97
TX_1,HOUSEHOLD_1_001,12229,8.47
TX_1,HOUSEHOLD_1_001,12230,9.97
TX_1,HOUSEHOLD_1_001,12231,9.97
TX_1,HOUSEHOLD_1_001,12232,9.97
TX_1,HOUSEHOLD_1_001,12233,9.97
TX_1,HOUSEHOLD_1_001,12234,9.97
TX_1,HOUSEHOLD_1_001,12235,9.97
TX_1,HOUSEHOLD_1_001,12236,9.97
TX_1,HOUSEHOLD_1_001,12237,9.97
TX_1,HOUSEHOLD_1_001,12238,9.97
TX_1,HOUSEHOLD_1_001,12239,9.97
TX_1,HOUSEHOLD_1_001,12240,9.97
TX_1,HOUSEHOLD_1_001,12241,9.97
TX_1,HOUSEHOLD_1_001,12242,9.97
TX_1,HOUSEHOLD_1_001,12243,9.97
TX_1,HOUSEHOLD_1_001,12244,9.97
TX_1,HOUSEHOLD_1_001,12245,9.97
TX_1,HOUSEHOLD_1_001,12246,9.97
TX_1,HOUSEHOLD_1_001,12247,9.97
TX_1,HOUSEHOLD_1_001,12248,9.97
TX_1,HOUSEHOLD_1_001,12249,9.97
TX_1,HOUSEHOLD_1_001,12250,9.97
TX_1,HOUSEHOLD_1_001,12251,9.97
TX_1,HOUSEHOLD_1_001,12252,9.97
TX_1,HOUSEHOLD_1_001,12301,8.47
TX_1,HOUSEHOLD_1_001,12302,9.97
TX_1,HOUSEHOLD_1_001,12303,8.47
TX_1,HOUSEHOLD_1_001,12304,9.97
TX_1,HOUSEHOLD_1_001,12305,9.97
TX_1,HOUSEHOLD_1_001,12306,9.97
TX_1,HOUSEHOLD_1_001,12307,9.97
TX_1,HOUSEHOLD_1_001,12308,9.97
TX_1,HOUSEHOLD_1_001,12309,9.97
TX_1,HOUSEHOLD_1_001,12310,8.47
TX_1,HOUSEHOLD_1_001,12311,9.97
TX_1,HOUSEHOLD_1_001,12312,9.97
TX_1,HOUSEHOLD_1_001,12313,8.47
TX_1,HOUSEHOLD_1_001,12314,9.97
TX_1,HOUSEHOLD_1_001,12315,8.47
TX_1,HOUSEHOLD_1_001,12316,9.97
TX_1,HOUSEHOLD_1_001,12317,8.47
TX_1,HOUSEHOLD_1_001,12318,8.47
TX_1,HOUSEHOLD_1_001,12319,9.97
TX_1,HOUSEHOLD_1_001,12320,9.97
TX_1,HOUSEHOLD_1_001,12321,9.97
TX_1,HOUSEHOLD_1_001,12322,9.97
TX_1,HOUSEHOLD_1_001,12323,9.97
TX_1,HOUSEHOLD_1_001,12324,9.97
TX_1,HOUSEHOLD_1_001,12325,9.97
TX_1,HOUSEHOLD_1_001,12326,9.97
TX_1,HOUSEHOLD_1_001,12327,9.97
TX_1,HOUSEHOLD_1_001,12328,9.97
TX_1,HOUSEHOLD_1_001,12329,9.97
TX_1,HOUSEHOLD_1_001,12330,9.97
TX_1,HOUSEHOLD_1_001,12331,9.97
TX_1,HOUSEHOLD_1_001,12332,9.97
TX_1,HOUSEHOLD_1_001,12333,8.47
TX_1,HOUSEHOLD_1_001,12334,9.97
TX_1,HOUSEHOLD_1_001,12335,9.97
TX_1,HOUSEHOLD_1_001,12336,9.97
TX_1,HOUSEHOLD_1_001,12337,9.97
TX_1,HOUSEHOLD_1_001,12338,9.97
TX_1,HOUSEHOLD_1_001,12339,9.97
TX_1,HOUSEHOLD_1_001,12340,9.97
TX_1,HOUSEHOLD_1_001,12341,9.97
TX_1,HOUSEHOLD_1_001,12342,9.97
TX_1,HOUSEHOLD_1_001,12343,9.97
TX_1,HOUSEHOLD_1_001,12344,9.97
TX_1,HOUSEHOLD_1_001,12345,9.97
TX_1,HOUSEHOLD_1_001,12346,9.97
TX_1,HOUSEHOLD_1_001,12347,9.97
TX_1,HOUSEHOLD_1_001,12348,9.97
TX_1,HOUSEHOLD_1_001,12349,8.47
TX_1,HOUSEHOLD_1_001,12350,9.97
TX_1,HOUSEHOLD_1_001,12351,8.47
TX_1,HOUSEHOLD_1_001,12352,9.97
TX_1,HOUSEHOLD_1_002,12152,12.34
TX_1,HOUSEHOLD_1_002,12201,12.34
TX_1,HOUSEHOLD_1_002,12202,12.34
TX_1,HOUSEHOLD_1_002,12203,10.49
TX_1,HOUSEHOLD_1_002,12204,12.34
TX_1,HOUSEHOLD_1_002,12205,12.34
TX_1,HOUSEHOLD_1_002,12206,12.34
TX_1,HOUSEHOLD_1_002,12207,12.34
TX_1,HOUSEHOLD_1_002,12208,12.34
TX_1,HOUSEHOLD_1_002,12209,12.34
TX_1,HOUSEHOLD_1_002,12210,12.34
TX_1,HOUSEHOLD_1_002,12211,10.49
TX_1,HOUSEHOLD_1_002,12212,12.34
TX_1,HOUSEHOLD_1_002,12213,12.34
TX_1,HOUSEHOLD_1_002,12214,12.34
TX_1,HOUSEHOLD_1_002,12215,12.34
TX_1,HOUSEHOLD_1_002,12216,12.34
TX_1,HOUSEHOLD_1_002,12217,12.34
TX_1,HOUSEHOLD_1_002,12218,10.49
TX_1,HOUSEHOLD_1_002,12219,12.34
TX_1,HOUSEHOLD_1_002,12220,12.34
TX_1,HOUSEHOLD_1_002,12221,12.34
TX_1,HOUSEHOLD_1_002,12222,12.34
TX_1,HOUSEHOLD_1_002,12223,12.34
TX_1,HOUSEHOLD_1_002,12224,12.34
TX_1,HOUSEHOLD_1_002,12225,12.34
TX_1,HOUSEHOLD_1_002,12226,12.34
TX_1,HOUSEHOLD_1_002,12227,12.34
TX_1,HOUSEHOLD_1_002,12228,12.34
TX_1,HOUSEHOLD_1_002,12229,12.34
TX_1,HOUSEHOLD_1_002,12230,12.34
TX_1,HOUSEHOLD_1_002,12231,12.34
TX_1,HOUSEHOLD_1_002,12232,12.34
TX_1,HOUSEHOLD_1_002,12233,12.34
TX_1,HOUSEHOLD_1_002,12234,12.34
TX_1,HOUSEHOLD_1_002,12235,12.34
TX_1,HOUSEHOLD_1_002,12236,12.34
TX_1,HOUSEHOLD_1_002,12237,10.49
TX_1,HOUSEHOLD_1_002,12238,12.34
TX_1,HOUSEHOLD_1_002,12239,12.34
TX_1,HOUSEHOLD_1_002,12240,10.49
TX_1,HOUSEHOLD_1_002,12241,10.49
TX_1,HOUSEHOLD_1_002,12242,12.34
TX_1,HOUSEHOLD_1_002,12243,12.34
TX_1,HOUSEHOLD_1_002,12244,12.34
TX_1,HOUSEHOLD_1_002,12245,12.34
TX_1,HOUSEHOLD_1_002,12246,12.34
TX_1,HOUSEHOLD_1_002,12247,12.34
TX_1,HOUSEHOLD_1_002,12248,12.34
TX_1,HOUSEHOLD_1_002,12249,12.34
TX_1,HOUSEHOLD_1_002,12250,10.49
TX_1,HOUSEHOLD_1_002,12251,12.34
TX_1,HOUSEHOLD_1_002,12252,12.34
TX_1,HOUSEHOLD_1_002,12301,12.34
TX_1,HOUSEHOLD_1_002,12302,12.34
TX_1,HOUSEHOLD_1_002,12303,10.49
TX_1,HOUSEHOLD_1_002,12304,12.34
TX_1,HOUSEHOLD_1_002,12305,12.34
TX_1,HOUSEHOLD_1_002,12306,12.34
TX_1,HOUSEHOLD_1_002,12307,12.34
TX_1,HOUSEHOLD_1_002,12308,10.49
TX_1,HOUSEHOLD_1_002,12309,12.34
TX_1,HOUSEHOLD_1_002,12310,12.34
TX_1,HOUSEHOLD_1_002,12311,12.34
TX_1,HOUSEHOLD_1_002,12312,12.34
TX_1,HOUSEHOLD_1_002,12313,12.34
TX_1,HOUSEHOLD_1_002,12314,12.34
TX_1,HOUSEHOLD_1_002,12315,10.49
TX_1,HOUSEHOLD_1_002,12316,12.34
TX_1,HOUSEHOLD_1_002,12317,12.34
TX_1,HOUSEHOLD_1_002,12318,12.34
TX_1,HOUSEHOLD_1_002,12319,12.34
TX_1,HOUSEHOLD_1_002,12320,12.34
TX_1,HOUSEHOLD_1_002,12321,12.34
TX_1,HOUSEHOLD_1_002,12322,12.34
TX_1,HOUSEHOLD_1_002,12323,12.34
TX_1,HOUSEHOLD_1_002,12324,10.49
TX_1,HOUSEHOLD_1_002,12325,12.34
TX_1,HOUSEHOLD_1_002,12326,12.34
TX_1,HOUSEHOLD_1_002,12327,12.34
TX_1,HOUSEHOLD_1_002,12328,12.34
TX_1,HOUSEHOLD_1_002,12329,10.49
TX_1,HOUSEHOLD_1_002,12330,12.34
TX_1,HOUSEHOLD_1_002,12331,12.34
TX_1,HOUSEHOLD_1_002,12332,12.34
TX_1,HOUSEHOLD_1_002,12333,12.34
TX_1,HOUSEHOLD_1_002,12334,12.34
TX_1,HOUSEHOLD_1_002,12335,12.34
TX_1,HOUSEHOLD_1_002,12336,12.34
TX_1,HOUSEHOLD_1_002,12337,12.34
TX_1,HOUSEHOLD_1_002,12338,12.34
TX_1,HOUSEHOLD_1_002,12339,12.34
TX_1,HOUSEHOLD_1_002,12340,12.34
TX_1,HOUSEHOLD_1_002,12341,10.49
TX_1,HOUSEHOLD_1_002,12342,10.49
TX_1,HOUSEHOLD_1_002,12343,10.49
TX_1,HOUSEHOLD_1_002,12344,12.34
TX_1,HOUSEHOLD_1_002,12345,10.49
TX_1,HOUSEHOLD_1_002,12346,12.34
TX_1,HOUSEHOLD_1_002,12347,12.34
TX_1,HOUSEHOLD_1_002,12348,10.49
TX_1,HOUSEHOLD_1_002,12349,12.34
TX_1,HOUSEHOLD_1_002,12350,12.34
TX_1,HOUSEHOLD_1_002,12351,12.34
TX_1,HOUSEHOLD_1_002,12352,12.34
TX_1,HOUSEHOLD_1_003,12152,14.71
TX_1,HOUSEHOLD_1_003,12201,14.71
TX_1,HOUSEHOLD_1_003,12202,14.71
TX_1,HOUSEHOLD_1_003,12203,14.71
TX_1,HOUSEHOLD_1_003,12204,14.71
TX_1,HOUSEHOLD_1_003,12205,14.71
TX_1,HOUSEHOLD_1_003,12206,14.71
TX_1,HOUSEHOLD_1_003,12207,14.71
TX_1,HOUSEHOLD_1_003,12208,14.71
TX_1,HOUSEHOLD_1_003,12209,12.5
TX_1,HOUSEHOLD_1_003,12210,14.71
TX_1,HOUSEHOLD_1_003,12211,14.71
TX_1,HOUSEHOLD_1_003,12212,14.71
TX_1,HOUSEHOLD_1_003,12213,14.71
TX_1,HOUSEHOLD_1_003,12214,14.71
TX_1,HOUSEHOLD_1_003,12215,14.71
TX_1,HOUSEHOLD_1_003,12216,12.5
TX_1,HOUSEHOLD_1_003,12217,12.5
TX_1,HOUSEHOLD_1_003,12218,14.71
TX_1,HOUSEHOLD_1_003,12219,14.71
TX_1,HOUSEHOLD_1_003,12220,14.71
TX_1,HOUSEHOLD_1_003,12221,14.71
TX_1,HOUSEHOLD_1_003,12222,12.5
TX_1,HOUSEHOLD_1_003,12223,14.71
TX_1,HOUSEHOLD_1_003,12224,14.71
TX_1,HOUSEHOLD_1_003,12225,14.71
TX_1,HOUSEHOLD_1_003,12226,14.71
TX_1,HOUSEHOLD_1_003,12227,14.71
TX_1,HOUSEHOLD_1_003,12228,14.71
TX_1,HOUSEHOLD_1_003,12229,14.71
TX_1,HOUSEHOLD_1_003,12230,14.71
TX_1,HOUSEHOLD_1_003,12231,14.71
TX_1,HOUSEHOLD_1_003,12232,12.5
TX_1,HOUSEHOLD_1_003,12233,14.71
TX_1,HOUSEHOLD_1_003,12234,14.71
TX_1,HOUSEHOLD_1_003,12235,14.71
TX_1,HOUSEHOLD_1_003,12236,14.71
TX_1,HOUSEHOLD_1_003,12237,12.5
TX_1,HOUSEHOLD_1_003,12238,14.71
TX_1,HOUSEHOLD_1_003,12239,14.71
TX_1,HOUSEHOLD_1_003,12240,14.71
TX_1,HOUSEHOLD_1_003,12241,14.71
TX_1,HOUSEHOLD_1_003,12242,14.71
TX_1,HOUSEHOLD_1_003,12243,14.71
TX_1,HOUSEHOLD_1_003,12244,12.5
TX_1,HOUSEHOLD_1_003,12245,14.71
TX_1,HOUSEHOLD_1_003,12246,14.71
TX_1,HOUSEHOLD_1_003,12247,14.71
TX_1,HOUSEHOLD_1_003,12248,14.71
TX_1,HOUSEHOLD_1_003,12249,14.71
TX_1,HOUSEHOLD_1_003,12250,14.71
TX_1,HOUSEHOLD_1_003,12251,14.71
TX_1,HOUSEHOLD_1_003,12252,12.5
TX_1,HOUSEHOLD_1_003,12301,14.71
TX_1,HOUSEHOLD_1_003,12302,14.71
TX_1,HOUSEHOLD_1_003,12303,14.71
TX_1,HOUSEHOLD_1_003,12304,14.71
TX_1,HOUSEHOLD_1_003,12305,14.71
TX_1,HOUSEHOLD_1_003,12306,14.71
TX_1,HOUSEHOLD_1_003,12307,14.71
TX_1,HOUSEHOLD_1_003,12308,14.71
TX_1,HOUSEHOLD_1_003,12309,14.71
TX_1,HOUSEHOLD_1_003,12310,12.5
TX_1,HOUSEHOLD_1_003,12311,14.71
TX_1,HOUSEHOLD_1_003,12312,14.71
TX_1,HOUSEHOLD_1_003,12313,14.71
TX_1,HOUSEHOLD_1_003,12314,14.71
TX_1,HOUSEHOLD_1_003,12315,14.71
TX_1,HOUSEHOLD_1_003,12316,14.71
TX_1,HOUSEHOLD_1_003,12317,14.71
TX_1,HOUSEHOLD_1_003,12318,12.5
TX_1,HOUSEHOLD_1_003,12319,14.71
TX_1,HOUSEHOLD_1_003,12320,14.71
TX_1,HOUSEHOLD_1_003,12321,12.5
TX_1,HOUSEHOLD_1_003,12322,14.71
TX_1,HOUSEHOLD_1_003,12323,12.5
TX_1,HOUSEHOLD_1_003,12324,14.71
TX_1,HOUSEHOLD_1_003,12325,14.71
TX_1,HOUSEHOLD_1_003,12326,14.71
TX_1,HOUSEHOLD_1_003,12327,14.71
TX_1,HOUSEHOLD_1_003,12328,14.71
TX_1,HOUSEHOLD_1_003,12329,12.5
TX_1,HOUSEHOLD_1_003,12330,12.5
TX_1,HOUSEHOLD_1_003,12331,14.71
TX_1,HOUSEHOLD_1_003,12332,14.71
TX_1,HOUSEHOLD_1_003,12333,14.71
TX_1,HOUSEHOLD_1_003,12334,14.71
TX_1,HOUSEHOLD_1_003,12335,14.71
TX_1,HOUSEHOLD_1_003,12336,14.71
TX_1,HOUSEHOLD_1_003,12337,12.5
TX_1,HOUSEHOLD_1_003,12338,14.71
TX_1,HOUSEHOLD_1_003,12339,14.71
TX_1,HOUSEHOLD_1_003,12340,14.71
TX_1,HOUSEHOLD_1_003,12341,14.71
TX_1,HOUSEHOLD_1_003,12342,14.71
TX_1,HOUSEHOLD_1_003,12343,14.71
TX_1,HOUSEHOLD_1_003,12344,14.71
TX_1,HOUSEHOLD_1_003,12345,12.5
TX_1,HOUSEHOLD_1_003,12346,12.5
TX_1,HOUSEHOLD_1_003,12347,14.71
TX_1,HOUSEHOLD_1_003,12348,14.71
TX_1,HOUSEHOLD_1_003,12349,14.71
TX_1,HOUSEHOLD_1_003,12350,12.5
TX_1,HOUSEHOLD_1_003,12351,14.71
TX_1,HOUSEHOLD_1_003,12352,14.71
TX_1,HOUSEHOLD_1_004,12152,17.08
TX_1,HOUSEHOLD_1_004,12201,17.08
TX_1,HOUSEHOLD_1_004,12202,17.08
TX_1,HOUSEHOLD_1_004,12203,14.52
TX_1,HOUSEHOLD_1_004,12204,17.08
TX_1,HOUSEHOLD_1_004,12205,17.08
TX_1,HOUSEHOLD_1_004,12206,17.08
TX_1,HOUSEHOLD_1_004,12207,17.08
TX_1,HOUSEHOLD_1_004,12208,17.08
TX_1,HOUSEHOLD_1_004,12209,14.52
TX_1,HOUSEHOLD_1_004,12210,17.08
TX_1,HOUSEHOLD_1_004,12211,17.08
TX_1,HOUSEHOLD_1_004,12212,17.08
TX_1,HOUSEHOLD_1_004,12213,17.08
TX_1,HOUSEHOLD_1_004,12214,17.08
TX_1,HOUSEHOLD_1_004,12215,17.08
TX_1,HOUSEHOLD_1_004,12216,17.08
TX_1,HOUSEHOLD_1_004,12217,14.52
TX_1,HOUSEHOLD_1_004,12218,17.08
TX_1,HOUSEHOLD_1_004,12219,17.08
TX_1,HOUSEHOLD_1_004,12220,17.08
TX_1,HOUSEHOLD_1_004,12221,17.08
TX_1,HOUSEHOLD_1_004,12222,17.08
TX_1,HOUSEHOLD_1_004,12223,17.08
TX_1,HOUSEHOLD_1_004,12224,17.08
TX_1,HOUSEHOLD_1_004,12225,14.52
TX_1,HOUSEHOLD_1_004,12226,17.08
TX_1,HOUSEHOLD_1_004,12227,17.08
TX_1,HOUSEHOLD_1_004,12228,17.08
TX_1,HOUSEHOLD_1_004,12229,14.52
TX_1,HOUSEHOLD_1_004,12230,17.08
TX_1,HOUSEHOLD_1_004,12231,14.52
TX_1,HOUSEHOLD_1_004,12232,17.08
TX_1,HOUSEHOLD_1_004,12233,17.08
TX_1,HOUSEHOLD_1_004,12234,17.08
TX_1,HOUSEHOLD_1_004,12235,17.08
TX_1,HOUSEHOLD_1_004,12236,17.08
TX_1,HOUSEHOLD_1_004,12237,17.08
TX_1,HOUSEHOLD_1_004,12238,17.08
TX_1,HOUSEHOLD_1_004,12239,17.08
TX_1,HOUSEHOLD_1_004,12240,17.08
TX_1,HOUSEHOLD_1_004,12241,17.08
TX_1,HOUSEHOLD_1_004,12242,17.08
TX_1,HOUSEHOLD_1_004,12243,17.08
TX_1,HOUSEHOLD_1_004,12244,17.08
TX_1,HOUSEHOLD_1_004,12245,17.08
TX_1,HOUSEHOLD_1_004,12246,17.08
TX_1,HOUSEHOLD_1_004,12247,17.08
TX_1,HOUSEHOLD_1_004,12248,17.08
TX_1,HOUSEHOLD_1_004,12249,17.08
TX_1,HOUSEHOLD_1_004,12250,17.08
TX_1,HOUSEHOLD_1_004,12251,17.08
TX_1,HOUSEHOLD_1_004,12252,14.52
TX_1,HOUSEHOLD_1_004,12301,17.08
TX_1,HOUSEHOLD_1_004,12302,17.08
TX_1,HOUSEHOLD_1_004,12303,17.08
TX_1,HOUSEHOLD_1_004,12304,14.52
TX_1,HOUSEHOLD_1_004,12305,17.08
TX_1,HOUSEHOLD_1_004,12306,17.08
TX_1,HOUSEHOLD_1_004,12307,17.08
TX_1,HOUSEHOLD_1_004,12308,17.08
TX_1,HOUSEHOLD_1_004,12309,17.08
TX_1,HOUSEHOLD_1_004,12310,17.08
TX_1,HOUSEHOLD_1_004,12311,14.52
TX_1,HOUSEHOLD_1_004,12312,17.08
TX_1,HOUSEHOLD_1_004,12313,17.08
TX_1,HOUSEHOLD_1_004,12314,14.52
TX_1,HOUSEHOLD_1_004,12315,17.08
TX_1,HOUSEHOLD_1_004,12316,17.08
TX_1,HOUSEHOLD_1_004,12317,17.08
TX_1,HOUSEHOLD_1_004,12318,17.08
TX_1,HOUSEHOLD_1_004,12319,17.08
TX_1,HOUSEHOLD_1_004,12320,17.08
TX_1,HOUSEHOLD_1_004,12321,17.08
TX_1,HOUSEHOLD_1_004,12322,14.52
TX_1,HOUSEHOLD_1_004,12323,17.08
TX_1,HOUSEHOLD_1_004,12324,17.08
TX_1,HOUSEHOLD_1_004,12325,17.08
TX_1,HOUSEHOLD_1_004,12326,17.08
TX_1,HOUSEHOLD_1_004,12327,17.08
TX_1,HOUSEHOLD_1_004,12328,17.08
TX_1,HOUSEHOLD_1_004,12329,17.08
TX_1,HOUSEHOLD_1_004,12330,17.08
TX_1,HOUSEHOLD_1_004,12331,17.08
TX_1,HOUSEHOLD_1_004,12332,17.08
TX_1,HOUSEHOLD_1_004,12333,17.08
TX_1,HOUSEHOLD_1_004,12334,17.08
TX_1,HOUSEHOLD_1_004,12335,17.08
TX_1,HOUSEHOLD_1_004,12336,17.08
TX_1,HOUSEHOLD_1_004,12337,17.08
TX_1,HOUSEHOLD_1_004,12338,17.08
TX_1,HOUSEHOLD_1_004,12339,17.08
TX_1,HOUSEHOLD_1_004,12340,17.08
TX_1,HOUSEHOLD_1_004,12341,17.08
TX_1,HOUSEHOLD_1_004,12342,14.52
TX_1,HOUSEHOLD_1_004,12343,17.08
TX_1,HOUSEHOLD_1_004,12344,14.52
TX_1,HOUSEHOLD_1_004,12345,17.08
TX_1,HOUSEHOLD_1_004,12346,17.08
TX_1,HOUSEHOLD_1_004,12347,17.08
TX_1,HOUSEHOLD_1_004,12348,17.08
TX_1,HOUSEHOLD_1_004,12349,17.08
TX_1,HOUSEHOLD_1_004,12350,17.08
TX_1,HOUSEHOLD_1_004,12351,17.08
TX_1,HOUSEHOLD_1_004,12352,17.08
TX_1,HOUSEHOLD_2_001,12152,9.97
TX_1,HOUSEHOLD_2_001,12201,9.97
TX_1,HOUSEHOLD_2_001,12202,9.97
TX_1,HOUSEHOLD_2_001,12203,9.97
TX_1,HOUSEHOLD_2_001,12204,9.97
TX_1,HOUSEHOLD_2_001,12205,9.97
TX_1,HOUSEHOLD_2_001,12206,8.47
TX_1,HOUSEHOLD_2_001,12207,9.97
TX_1,HOUSEHOLD_2_001,12208,9.97
TX_1,HOUSEHOLD_2_001,12209,9.97
TX_1,HOUSEHOLD_2_001,12210,9.97
TX_1,HOUSEHOLD_2_001,12211,9.97
TX_1,HOUSEHOLD_2_001,12212,9.97
TX_1,HOUSEHOLD_2_001,12213,9.97
TX_1,HOUSEHOLD_2_001,12214,8.47
TX_1,HOUSEHOLD_2_001,12215,8.47
TX_1,HOUSEHOLD_2_001,12216,9.97
TX_1,HOUSEHOLD_2_001,12217,9.97
TX_1,HOUSEHOLD_2_001,12218,9.97
TX_1,HOUSEHOLD_2_001,12219,8.47
TX_1,HOUSEHOLD_2_001,12220,9.97
TX_1,HOUSEHOLD_2_001,12221,9.97
TX_1,HOUSEHOLD_2_001,12222,9.97
TX_1,HOUSEHOLD_2_001,12223,8.47
TX_1,HOUSEHOLD_2_001,12224,8.47
TX_1,HOUSEHOLD_2_001,12225,9.97
TX_1,HOUSEHOLD_2_001,12226,8.47
TX_1,HOUSEHOLD_2_001,12227,9.97
TX_1,HOUSEHOLD_2_001,12228,9.97
TX_1,HOUSEHOLD_2_001,12229,8.47
TX_1,HOUSEHOLD_2_001,12230,9.97
TX_1,HOUSEHOLD_2_001,12231,9.97
TX_1,HOUSEHOLD_2_001,12232,8.47
TX_1,HOUSEHOLD_2_001,12233,9.97
TX_1,HOUSEHOLD_2_001,12234,9.97
TX_1,HOUSEHOLD_2_001,12235,9.97
TX_1,HOUSEHOLD_2_001,12236,9.97
TX_1,HOUSEHOLD_2_001,12237,8.47
TX_1,HOUSEHOLD_2_001,12238,9.97
TX_1,HOUSEHOLD_2_001,12239,9.97
TX_1,HOUSEHOLD_2_001,12240,9.97
TX_1,HOUSEHOLD_2_001,12241,9.97
TX_1,HOUSEHOLD_2_001,12242,9.97
TX_1,HOUSEHOLD_2_001,12243,9.97
TX_1,HOUSEHOLD_2_001,12244,9.97
TX_1,HOUSEHOLD_2_001,12245,9.97
TX_1,HOUSEHOLD_2_001,12246,9.97
TX_1,HOUSEHOLD_2_001,12247,9.97
TX_1,HOUSEHOLD_2_001,12248,8.47
TX_1,HOUSEHOLD_2_001,12249,9.97
TX_1,HOUSEHOLD_2_001,12250,9.97
TX_1,HOUSEHOLD_2_001,12251,8.47
TX_1,HOUSEHOLD_2_001,12252,9.97
TX_1,HOUSEHOLD_2_001,12301,9.97
TX_1,HOUSEHOLD_2_001,12302,9.97
TX_1,HOUSEHOLD_2_001,12303,8.47
TX_1,HOUSEHOLD_2_001,12304,9.97
TX_1,HOUSEHOLD_2_001,12305,9.97
TX_1,HOUSEHOLD_2_001,12306,9.97
TX_1,HOUSEHOLD_2_001,12307,9.97
TX_1,HOUSEHOLD_2_001,12308,9.97
TX_1,HOUSEHOLD_2_001,12309,9.97
TX_1,HOUSEHOLD_2_001,12310,9.97
TX_1,HOUSEHOLD_2_001,12311,9.97
TX_1,HOUSEHOLD_2_001,12312,9.97
TX_1,HOUSEHOLD_2_001,12313,9.97
TX_1,HOUSEHOLD_2_001,12314,9.97
TX_1,HOUSEHOLD_2_001,12315,9.97
TX_1,HOUSEHOLD_2_001,12316,9.97
TX_1,HOUSEHOLD_2_001,12317,8.47
TX_1,HOUSEHOLD_2_001,12318,9.97
TX_1,HOUSEHOLD_2_001,12319,9.97
TX_1,HOUSEHOLD_2_001,12320,9.97
TX_1,HOUSEHOLD_2_001,12321,9.97
TX_1,HOUSEHOLD_2_001,12322,9.97
TX_1,HOUSEHOLD_2_001,12323,9.97
TX_1,HOUSEHOLD_2_001,12324,8.47
TX_1,HOUSEHOLD_2_001,12325,9.97
TX_1,HOUSEHOLD_2_001,12326,9.97
TX_1,HOUSEHOLD_2_001,12327,9.97
TX_1,HOUSEHOLD_2_001,12328,8.47
TX_1,HOUSEHOLD_2_001,12329,9.97
TX_1,HOUSEHOLD_2_001,12330,9.97
TX_1,HOUSEHOLD_2_001,12331,9.97
TX_1,HOUSEHOLD_2_001,12332,9.97
TX_1,HOUSEHOLD_2_001,12333,9.97
TX_1,HOUSEHOLD_2_001,12334,8.47
TX_1,HOUSEHOLD_2_001,12335,9.97
TX_1,HOUSEHOLD_2_001,12336,9.97
TX_1,HOUSEHOLD_2_001,12337,9.97
TX_1,HOUSEHOLD_2_001,12338,9.97
TX_1,HOUSEHOLD_2_001,12339,8.47
TX_1,HOUSEHOLD_2_001,12340,9.97
TX_1,HOUSEHOLD_2_001,12341,9.97
TX_1,HOUSEHOLD_2_001,12342,9.97
TX_1,HOUSEHOLD_2_001,12343,9.97
TX_1,HOUSEHOLD_2_001,12344,9.97
TX_1,HOUSEHOLD_2_001,12345,9.97
TX_1,HOUSEHOLD_2_001,12346,9.97
TX_1,HOUSEHOLD_2_001,12347,9.97
TX_1,HOUSEHOLD_2_001,12348,9.97
TX_1,HOUSEHOLD_2_001,12349,9.97
TX_1,HOUSEHOLD_2_001,12350,9.97
TX_1,HOUSEHOLD_2_001,12351,9.97
TX_1,HOUSEHOLD_2_001,12352,9.97
TX_1,HOUSEHOLD_2_002,12152,12.34
TX_1,HOUSEHOLD_2_002,12201,10.49
TX_1,HOUSEHOLD_2_002,12202,12.34
TX_1,HOUSEHOLD_2_002,12203,12.34
TX_1,HOUSEHOLD_2_002,12204,12.34
TX_1,HOUSEHOLD_2_002,12205,12.34
TX_1,HOUSEHOLD_2_002,12206,12.34
TX_1,HOUSEHOLD_2_002,12207,12.34
TX_1,HOUSEHOLD_2_002,12208,12.34
TX_1,HOUSEHOLD_2_002,12209,12.34
TX_1,HOUSEHOLD_2_002,12210,12.34
TX_1,HOUSEHOLD_2_002,12211,12.34
TX_1,HOUSEHOLD_2_002,12212,12.34
TX_1,HOUSEHOLD_2_002,12213,12.34
TX_1,HOUSEHOLD_2_002,12214,12.34
TX_1,HOUSEHOLD_2_002,12215,12.34
TX_1,HOUSEHOLD_2_002,12216,12.34
TX_1,HOUSEHOLD_2_002,12217,12.34
TX_1,HOUSEHOLD_2_002,12218,12.34
TX_1,HOUSEHOLD_2_002,12219,12.34
TX_1,HOUSEHOLD_2_002,12220,10.49
TX_1,HOUSEHOLD_2_002,12221,12.34
TX_1,HOUSEHOLD_2_002,12222,12.34
TX_1,HOUSEHOLD_2_002,12223,12.34
TX_1,HOUSEHOLD_2_002,12224,12.34
TX_1,HOUSEHOLD_2_002,12225,12.34
TX_1,HOUSEHOLD_2_002,12226,10.49
TX_1,HOUSEHOLD_2_002,12227,12.34
TX_1,HOUSEHOLD_2_002,12228,12.34
TX_1,HOUSEHOLD_2_002,12229,12.34
TX_1,HOUSEHOLD_2_002,12230,12.34
TX_1,HOUSEHOLD_2_002,12231,10.49
TX_1,HOUSEHOLD_2_002,12232,12.34
TX_1,HOUSEHOLD_2_002,12233,12.34
TX_1,HOUSEHOLD_2_002,12234,12.34
TX_1,HOUSEHOLD_2_002,12235,12.34
TX_1,HOUSEHOLD_2_002,12236,12.34
TX_1,HOUSEHOLD_2_002,12237,12.34
TX_1,HOUSEHOLD_2_002,12238,12.34
TX_1,HOUSEHOLD_2_002,12239,12.34
TX_1,HOUSEHOLD_2_002,12240,12.34
TX_1,HOUSEHOLD_2_002,12241,12.34
TX_1,HOUSEHOLD_2_002,12242,12.34
TX_1,HOUSEHOLD_2_002,12243,12.34
TX_1,HOUSEHOLD_2_002,12244,10.49
TX_1,HOUSEHOLD_2_002,12245,12.34
TX_1,HOUSEHOLD_2_002,12246,10.49
TX_1,HOUSEHOLD_2_002,12247,12.34
TX_1,HOUSEHOLD_2_002,12248,12.34
TX_1,HOUSEHOLD_2_002,12249,12.34
TX_1,HOUSEHOLD_2_002,12250,12.34
TX_1,HOUSEHOLD_2_002,12251,10.49
TX_1,HOUSEHOLD_2_002,12252,12.34
TX_1,HOUSEHOLD_2_002,12301,12.34
TX_1,HOUSEHOLD_2_002,12302,12.34
TX_1,HOUSEHOLD_2_002,12303,12.34
TX_1,HOUSEHOLD_2_002,12304,12.34
TX_1,HOUSEHOLD_2_002,12305,12.34
TX_1,HOUSEHOLD_2_002,12306,12.34
TX_1,HOUSEHOLD_2_002,12307,12.34
TX_1,HOUSEHOLD_2_002,12308,12.34
TX_1,HOUSEHOLD_2_002,12309,12.34
TX_1,HOUSEHOLD_2_002,12310,12.34
TX_1,HOUSEHOLD_2_002,12311,12.34
TX_1,HOUSEHOLD_2_002,12312,12.34
TX_1,HOUSEHOLD_2_002,12313,12.34
TX_1,HOUSEHOLD_2_002,12314,12.34
TX_1,HOUSEHOLD_2_002,12315,12.34
TX_1,HOUSEHOLD_2_002,12316,12.34
TX_1,HOUSEHOLD_2_002,12317,12.34
TX_1,HOUSEHOLD_2_002,12318,10.49
TX_1,HOUSEHOLD_2_002,12319,12.34
TX_1,HOUSEHOLD_2_002,12320,12.34
TX_1,HOUSEHOLD_2_002,12321,12.34
TX_1,HOUSEHOLD_2_002,12322,10.49
TX_1,HOUSEHOLD_2_002,12323,12.34
TX_1,HOUSEHOLD_2_002,12324,12.34
TX_1,HOUSEHOLD_2_002,12325,12.34
TX_1,HOUSEHOLD_2_002,12326,12.34
TX_1,HOUSEHOLD_2_002,12327,12.34
TX_1,HOUSEHOLD_2_002,12328,12.34
TX_1,HOUSEHOLD_2_002,12329,12.34
TX_1,HOUSEHOLD_2_002,12330,12.34
TX_1,HOUSEHOLD_2_002,12331,12.34
TX_1,HOUSEHOLD_2_002,12332,12.34
TX_1,HOUSEHOLD_2_002,12333,12.34
TX_1,HOUSEHOLD_2_002,12334,10.49
TX_1,HOUSEHOLD_2_002,12335,12.34
TX_1,HOUSEHOLD_2_002,12336,12.34
TX_1,HOUSEHOLD_2_002,12337,12.34
TX_1,HOUSEHOLD_2_002,12338,12.34
TX_1,HOUSEHOLD_2_002,12339,12.34
TX_1,HOUSEHOLD_2_002,12340,12.34
TX_1,HOUSEHOLD_2_002,12341,12.34
TX_1,HOUSEHOLD_2_002,12342,12.34
TX_1,HOUSEHOLD_2_002,12343,12.34
TX_1,HOUSEHOLD_2_002,12344,12.34
TX_1,HOUSEHOLD_2_002,12345,12.34
TX_1,HOUSEHOLD_2_002,12346,12.34
TX_1,HOUSEHOLD_2_002,12347,12.34
TX_1,HOUSEHOLD_2_002,12348,12.34
TX_1,HOUSEHOLD_2_002,12349,12.34
TX_1,HOUSEHOLD_2_002,12350,12.34
TX_1,HOUSEHOLD_2_002,12351,12.34
TX_1,HOUSEHOLD_2_002,12352,12.34
TX_1,HOUSEHOLD_2_003,12152,14.71
TX_1,HOUSEHOLD_2_003,12201,14.71
TX_1,HOUSEHOLD_2_003,12202,14.71
TX_1,HOUSEHOLD_2_003,12203,12.5
TX_1,HOUSEHOLD_2_003,12204,14.71
TX_1,HOUSEHOLD_2_003,12205,14.71
TX_1,HOUSEHOLD_2_003,12206,14.71
TX_1,HOUSEHOLD_2_003,12207,12.5
TX_1,HOUSEHOLD_2_003,12208,12.5
TX_1,HOUSEHOLD_2_003,12209,14.71
TX_1,HOUSEHOLD_2_003,12210,14.71
TX_1,HOUSEHOLD_2_003,12211,14.71
TX_1,HOUSEHOLD_2_003,12212,14.71
TX_1,HOUSEHOLD_2_003,12213,14.71
TX_1,HOUSEHOLD_2_003,12214,12.5
TX_1,HOUSEHOLD_2_003,12215,14.71
TX_1,HOUSEHOLD_2_003,12216,14.71
TX_1,HOUSEHOLD_2_003,12217,14.71
TX_1,HOUSEHOLD_2_003,12218,14.71
TX_1,HOUSEHOLD_2_003,12219,14.71
TX_1,HOUSEHOLD_2_003,12220,14.71
TX_1,HOUSEHOLD_2_003,12221,14.71
TX_1,HOUSEHOLD_2_003,12222,12.5
TX_1,HOUSEHOLD_2_003,12223,14.71
TX_1,HOUSEHOLD_2_003,12224,14.71
TX_1,HOUSEHOLD_2_003,12225,14.71
TX_1,HOUSEHOLD_2_003,12226,14.71
TX_1,HOUSEHOLD_2_003,12227,14.71
TX_1,HOUSEHOLD_2_003,12228,14.71
TX_1,HOUSEHOLD_2_003,12229,14.71
TX_1,HOUSEHOLD_2_003,12230,14.71
TX_1,HOUSEHOLD_2_003,12231,14.71
TX_1,HOUSEHOLD_2_003,12232,14.71
TX_1,HOUSEHOLD_2_003,12233,14.71
TX_1,HOUSEHOLD_2_003,12234,14.71
TX_1,HOUSEHOLD_2_003,12235,14.71
TX_1,HOUSEHOLD_2_003,12236,14.71
TX_1,HOUSEHOLD_2_003,12237,12.5
TX_1,HOUSEHOLD_2_003,12238,14.71
TX_1,HOUSEHOLD_2_003,12239,14.71
TX_1,HOUSEHOLD_2_003,12240,14.71
TX_1,HOUSEHOLD_2_003,12241,14.71
TX_1,HOUSEHOLD_2_003,12242,14.71
TX_1,HOUSEHOLD_2_003,12243,14.71
TX_1,HOUSEHOLD_2_003,12244,14.71
TX_1,HOUSEHOLD_2_003,12245,14.71
TX_1,HOUSEHOLD_2_003,12246,14.71
TX_1,HOUSEHOLD_2_003,12247,14.71
TX_1,HOUSEHOLD_2_003,12248,14.71
TX_1,HOUSEHOLD_2_003,12249,14.71
TX_1,HOUSEHOLD_2_003,12250,14.71
TX_1,HOUSEHOLD_2_003,12251,14.71
TX_1,HOUSEHOLD_2_003,12252,12.5
TX_1,HOUSEHOLD_2_003,12301,14.71
TX_1,HOUSEHOLD_2_003,12302,14.71
TX_1,HOUSEHOLD_2_003,12303,14.71
TX_1,HOUSEHOLD_2_003,12304,14.71
TX_1,HOUSEHOLD_2_003,12305,14.71
TX_1,HOUSEHOLD_2_003,12306,14.71
TX_1,HOUSEHOLD_2_003,12307,14.71
TX_1,HOUSEHOLD_2_003,12308,14.71
TX_1,HOUSEHOLD_2_003,12309,12.5
TX_1,HOUSEHOLD_2_003,12310,14.71
TX_1,HOUSEHOLD_2_003,12311,14.71
TX_1,HOUSEHOLD_2_003,12312,12.5
TX_1,HOUSEHOLD_2_003,12313,14.71
TX_1,HOUSEHOLD_2_003,12314,12.5
TX_1,HOUSEHOLD_2_003,12315,14.71
TX_1,HOUSEHOLD_2_003,12316,14.71
TX_1,HOUSEHOLD_2_003,12317,12.5
TX_1,HOUSEHOLD_2_003,12318,12.5
TX_1,HOUSEHOLD_2_003,12319,14.71
TX_1,HOUSEHOLD_2_003,12320,14.71
TX_1,HOUSEHOLD_2_003,12321,14.71
TX_1,HOUSEHOLD_2_003,12322,14.71
TX_1,HOUSEHOLD_2_003,12323,14.71
TX_1,HOUSEHOLD_2_003,12324,14.71
TX_1,HOUSEHOLD_2_003,12325,12.5
TX_1,HOUSEHOLD_2_003,12326,14.71
TX_1,HOUSEHOLD_2_003,12327,14.71
TX_1,HOUSEHOLD_2_003,12328,14.71
TX_1,HOUSEHOLD_2_003,12329,14.71
TX_1,HOUSEHOLD_2_003,12330,14.71
TX_1,HOUSEHOLD_2_003,12331,12.5
TX_1,HOUSEHOLD_2_003,12332,14.71
TX_1,HOUSEHOLD_2_003,12333,14.71
TX_1,HOUSEHOLD_2_003,12334,14.71
TX_1,HOUSEHOLD_2_003,12335,14.71
TX_1,HOUSEHOLD_2_003,12336,14.71
TX_1,HOUSEHOLD_2_003,12337,14.71
TX_1,HOUSEHOLD_2_003,12338,14.71
TX_1,HOUSEHOLD_2_003,12339,14.71
TX_1,HOUSEHOLD_2_003,12340,14.71
TX_1,HOUSEHOLD_2_003,12341,14.71
TX_1,HOUSEHOLD_2_003,12342,14.71
TX_1,HOUSEHOLD_2_003,12343,14.71
TX_1,HOUSEHOLD_2_003,12344,14.71
TX_1,HOUSEHOLD_2_003,12345,14.71
TX_1,HOUSEHOLD_2_003,12346,12.5
TX_1,HOUSEHOLD_2_003,12347,14.71
TX_1,HOUSEHOLD_2_003,12348,14.71
TX_1,HOUSEHOLD_2_003,12349,14.71
TX_1,HOUSEHOLD_2_003,12350,14.71
TX_1,HOUSEHOLD_2_003,12351,14.71
TX_1,HOUSEHOLD_2_003,12352,14.71
TX_1,HOUSEHOLD_2_004,12152,17.08
TX_1,HOUSEHOLD_2_004,12201,17.08
TX_1,HOUSEHOLD_2_004,12202,17.08
TX_1,HOUSEHOLD_2_004,12203,17.08
TX_1,HOUSEHOLD_2_004,12204,17.08
TX_1,HOUSEHOLD_2_004,12205,17.08
TX_1,HOUSEHOLD_2_004,12206,17.08
TX_1,HOUSEHOLD_2_004,12207,17.08
TX_1,HOUSEHOLD_2_004,12208,17.08
TX_1,HOUSEHOLD_2_004,12209,17.08
TX_1,HOUSEHOLD_2_004,12210,17.08
TX_1,HOUSEHOLD_2_004,12211,17.08
TX_1,HOUSEHOLD_2_004,12212,17.08
TX_1,HOUSEHOLD_2_004,12213,17.08
TX_1,HOUSEHOLD_2_004,12214,17.08
TX_1,HOUSEHOLD_2_004,12215,17.08
TX_1,HOUSEHOLD_2_004,12216,17.08
TX_1,HOUSEHOLD_2_004,12217,17.08
TX_1,HOUSEHOLD_2_004,12218,17.08
TX_1,HOUSEHOLD_2_004,12219,17.08
TX_1,HOUSEHOLD_2_004,12220,17.08
TX_1,HOUSEHOLD_2_004,12221,17.08
TX_1,HOUSEHOLD_2_004,12222,14.52
TX_1,HOUSEHOLD_2_004,12223,14.52
TX_1,HOUSEHOLD_2_004,12224,17.08
TX_1,HOUSEHOLD_2_004,12225,17.08
TX_1,HOUSEHOLD_2_004,12226,17.08
TX_1,HOUSEHOLD_2_004,12227,17.08
TX_1,HOUSEHOLD_2_004,12228,14.52
TX_1,HOUSEHOLD_2_004,12229,17.08
TX_1,HOUSEHOLD_2_004,12230,17.08
TX_1,HOUSEHOLD_2_004,12231,14.52
TX_1,HOUSEHOLD_2_004,12232,14.52
TX_1,HOUSEHOLD_2_004,12233,14.52
TX_1,HOUSEHOLD_2_004,12234,14.52
TX_1,HOUSEHOLD_2_004,12235,17.08
TX_1,HOUSEHOLD_2_004,12236,17.08
TX_1,HOUSEHOLD_2_004,12237,17.08
TX_1,HOUSEHOLD_2_004,12238,17.08
TX_1,HOUSEHOLD_2_004,12239,17.08
TX_1,HOUSEHOLD_2_004,12240,17.08
TX_1,HOUSEHOLD_2_004,12241,17.08
TX_1,HOUSEHOLD_2_004,12242,17.08
TX_1,HOUSEHOLD_2_004,12243,17.08
TX_1,HOUSEHOLD_2_004,12244,17.08
TX_1,HOUSEHOLD_2_004,12245,14.52
TX_1,HOUSEHOLD_2_004,12246,17.08
TX_1,HOUSEHOLD_2_004,12247,17.08
TX_1,HOUSEHOLD_2_004,12248,17.08
TX_1,HOUSEHOLD_2_004,12249,17.08
TX_1,HOUSEHOLD_2_004,12250,17.08
TX_1,HOUSEHOLD_2_004,12251,17.08
TX_1,HOUSEHOLD_2_004,12252,14.52
TX_1,HOUSEHOLD_2_004,12301,17.08
TX_1,HOUSEHOLD_2_004,12302,17.08
TX_1,HOUSEHOLD_2_004,12303,17.08
TX_1,HOUSEHOLD_2_004,12304,17.08
TX_1,HOUSEHOLD_2_004,12305,17.08
TX_1,HOUSEHOLD_2_004,12306,17.08
TX_1,HOUSEHOLD_2_004,12307,17.08
TX_1,HOUSEHOLD_2_004,12308,14.52
TX_1,HOUSEHOLD_2_004,12309,17.08
TX_1,HOUSEHOLD_2_004,12310,17.08
TX_1,HOUSEHOLD_2_004,12311,17.08
TX_1,HOUSEHOLD_2_004,12312,17.08
TX_1,HOUSEHOLD_2_004,12313,14.52
TX_1,HOUSEHOLD_2_004,12314,17.08
TX_1,HOUSEHOLD_2_004,12315,17.08
TX_1,HOUSEHOLD_2_004,12316,17.08
TX_1,HOUSEHOLD_2_004,12317,17.08
TX_1,HOUSEHOLD_2_004,12318,17.08
TX_1,HOUSEHOLD_2_004,12319,17.08
TX_1,HOUSEHOLD_2_004,12320,17.08
TX_1,HOUSEHOLD_2_004,12321,14.52
TX_1,HOUSEHOLD_2_004,12322,17.08
TX_1,HOUSEHOLD_2_004,12323,17.08
TX_1,HOUSEHOLD_2_004,12324,14.52
TX_1,HOUSEHOLD_2_004,12325,14.52
TX_1,HOUSEHOLD_2_004,12326,17.08
TX_1,HOUSEHOLD_2_004,12327,17.08
TX_1,HOUSEHOLD_2_004,12328,17.08
TX_1,HOUSEHOLD_2_004,12329,14.52
TX_1,HOUSEHOLD_2_004,12330,17.08
TX_1,HOUSEHOLD_2_004,12331,14.52
TX_1,HOUSEHOLD_2_004,12332,17.08
TX_1,HOUSEHOLD_2_004,12333,17.08
TX_1,HOUSEHOLD_2_004,12334,17.08
TX_1,HOUSEHOLD_2_004,12335,17.08
TX_1,HOUSEHOLD_2_004,12336,17.08
TX_1,HOUSEHOLD_2_004,12337,17.08
TX_1,HOUSEHOLD_2_004,12338,17.08
TX_1,HOUSEHOLD_2_004,12339,17.08
TX_1,HOUSEHOLD_2_004,12340,17.08
TX_1,HOUSEHOLD_2_004,12341,14.52
TX_1,HOUSEHOLD_2_004,12342,14.52
TX_1,HOUSEHOLD_2_004,12343,17.08
TX_1,HOUSEHOLD_2_004,12344,17.08
TX_1,HOUSEHOLD_2_004,12345,17.08
TX_1,HOUSEHOLD_2_004,12346,17.08
TX_1,HOUSEHOLD_2_004,12347,17.08
TX_1,HOUSEHOLD_2_004,12348,17.08
TX_1,HOUSEHOLD_2_004,12349,17.08
TX_1,HOUSEHOLD_2_004,12350,17.08
TX_1,HOUSEHOLD_2_004,12351,17.08
TX_1,HOUSEHOLD_2_004,12352,17.08
TX_2,FOODS_1_001,12152,2.97
TX_2,FOODS_1_001,12201,3.5
TX_2,FOODS_1_001,12202,2.97
TX_2,FOODS_1_001,12203,2.97
TX_2,FOODS_1_001,12204,3.5
TX_2,FOODS_1_001,12205,3.5
TX_2,FOODS_1_001,12206,3.5
TX_2,FOODS_1_001,12207,3.5
TX_2,FOODS_1_001,12208,3.5
TX_2,FOODS_1_001,12209,3.5
TX_2,FOODS_1_001,12210,3.5
TX_2,FOODS_1_001,12211,3.5
TX_2,FOODS_1_001,12212,3.5
TX_2,FOODS_1_001,12213,3.5
TX_2,FOODS_1_001,12214,3.5
TX_2,FOODS_1_001,12215,2.97
TX_2,FOODS_1_001,12216,3.5
TX_2,FOODS_1_001,12217,3.5
TX_2,FOODS_1_001,12218,3.5
TX_2,FOODS_1_001,12219,2.97
TX_2,FOODS_1_001,12220,3.5
TX_2,FOODS_1_001,12221,3.5
TX_2,FOODS_1_001,12222,3.5
TX_2,FOODS_1_001,12223,3.5
TX_2,FOODS_1_001,12224,2.97
TX_2,FOODS_1_001,12225,3.5
TX_2,FOODS_1_001,12226,3.5
TX_2,FOODS_1_001,12227,3.5
TX_2,FOODS_1_001,12228,3.5
TX_2,FOODS_1_001,12229,2.97
TX_2,FOODS_1_001,12230,3.5
TX_2,FOODS_1_001,12231,3.5
TX_2,FOODS_1_001,12232,2.97
TX_2,FOODS_1_001,12233,3.5
TX_2,FOODS_1_001,12234,3.5
TX_2,FOODS_1_001,12235,2.97
TX_2,FOODS_1_001,12236,3.5
TX_2,FOODS_1_001,12237,2.97
TX_2,FOODS_1_001,12238,3.5
TX_2,FOODS_1_001,12239,3.5
TX_2,FOODS_1_001,12240,3.5
TX_2,FOODS_1_001,12241,3.5
TX_2,FOODS_1_001,12242,3.5
TX_2,FOODS_1_001,12243,3.5
TX_2,FOODS_1_001,12244,2.97
TX_2,FOODS_1_001,12245,3.5
TX_2,FOODS_1_001,12246,3.5
TX_2,FOODS_1_001,12247,3.5
TX_2,FOODS_1_001,12248,3.5
TX_2,FOODS_1_001,12249,3.5
TX_2,FOODS_1_001,12250,3.5
TX_2,FOODS_1_001,12251,2.97
TX_2,FOODS_1_001,12252,3.5
TX_2,FOODS_1_001,12301,2.97
TX_2,FOODS_1_001,12302,3.5
TX_2,FOODS_1_001,12303,2.97
TX_2,FOODS_1_001,12304,2.97
TX_2,FOODS_1_001,12305,3.5
TX_2,FOODS_1_001,12306,3.5
TX_2,FOODS_1_001,12307,3.5
TX_2,FOODS_1_001,12308,3.5
TX_2,FOODS_1_001,12309,3.5
TX_2,FOODS_1_001,12310,2.97
TX_2,FOODS_1_001,12311,3.5
TX_2,FOODS_1_001,12312,3.5
TX_2,FOODS_1_001,12313,3.5
TX_2,FOODS_1_001,12314,3.5
TX_2,FOODS_1_001,12315,3.5
TX_2,FOODS_1_001,12316,3.5
TX_2,FOODS_1_001,12317,2.97
TX_2,FOODS_1_001,12318,3.5
TX_2,FOODS_1_001,12319,3.5
TX_2,FOODS_1_001,12320,3.5
TX_2,FOODS_1_001,12321,3.5
TX_2,FOODS_1_001,12322,2.97
TX_2,FOODS_1_001,12323,2.97
TX_2,FOODS_1_001,12324,3.5
TX_2,FOODS_1_001,12325,3.5
TX_2,FOODS_1_001,12326,2.97
TX_2,FOODS_1_001,12327,3.5
TX_2,FOODS_1_001,12328,3.5
TX_2,FOODS_1_001,12329,3.5
TX_2,FOODS_1_001,12330,3.5
TX_2,FOODS_1_001,12331,3.5
TX_2,FOODS_1_001,12332,3.5
TX_2,FOODS_1_001,12333,3.5
TX_2,FOODS_1_001,12334,3.5
TX_2,FOODS_1_001,12335,3.5
TX_2,FOODS_1_001,12336,3.5
TX_2,FOODS_1_001,12337,3.5
TX_2,FOODS_1_001,12338,3.5
TX_2,FOODS_1_001,12339,3.5
TX_2,FOODS_1_001,12340,3.5
TX_2,FOODS_1_001,12341,3.5
TX_2,FOODS_1_001,12342,2.97
TX_2,FOODS_1_001,12343,3.5
TX_2,FOODS_1_001,12344,3.5
TX_2,FOODS_1_001,12345,3.5
TX_2,FOODS_1_001,12346,3.5
TX_2,FOODS_1_001,12347,3.5
TX_2,FOODS_1_001,12348,3.5
TX_2,FOODS_1_001,12349,2.97
TX_2,FOODS_1_001,12350,3.5
TX_2,FOODS_1_001,12351,3.5
TX_2,FOODS_1_001,12352,3.5
TX_2,FOODS_1_002,12152,4.32
TX_2,FOODS_1_002,12201,4.32
TX_2,FOODS_1_002,12202,4.32
TX_2,FOODS_1_002,12203,3.67
TX_2,FOODS_1_002,12204,4.32
TX_2,FOODS_1_002,12205,4.32
TX_2,FOODS_1_002,12206,4.32
TX_2,FOODS_1_002,12207,4.32
TX_2,FOODS_1_002,12208,4.32
TX_2,FOODS_1_002,12209,4.32
TX_2,FOODS_1_002,12210,4.32
TX_2,FOODS_1_002,12211,3.67
TX_2,FOODS_1_002,12212,4.32
TX_2,FOODS_1_002,12213,4.32
TX_2,FOODS_1_002,12214,4.32
TX_2,FOODS_1_002,12215,4.32
TX_2,FOODS_1_002,12216,4.32
TX_2,FOODS_1_002,12217,4.32
TX_2,FOODS_1_002,12218,4.32
TX_2,FOODS_1_002,12219,4.32
TX_2,FOODS_1_002,12220,4.32
TX_2,FOODS_1_002,12221,4.32
TX_2,FOODS_1_002,12222,4.32
TX_2,FOODS_1_002,12223,4.32
TX_2,FOODS_1_002,12224,4.32
TX_2,FOODS_1_002,12225,4.32
TX_2,FOODS_1_002,12226,4.32
TX_2,FOODS_1_002,12227,3.67
TX_2,FOODS_1_002,12228,4.32
TX_2,FOODS_1_002,12229,4.32
TX_2,FOODS_1_002,12230,4.32
TX_2,FOODS_1_002,12231,4.32
TX_2,FOODS_1_002,12232,4.32
TX_2,FOODS_1_002,12233,4.32
TX_2,FOODS_1_002,12234,4.32
TX_2,FOODS_1_002,12235,4.32
TX_2,FOODS_1_002,12236,4.32
TX_2,FOODS_1_002,12237,4.32
TX_2,FOODS_1_002,12238,3.67
TX_2,FOODS_1_002,12239,4.32
TX_2,FOODS_1_002,12240,4.32
TX_2,FOODS_1_002,12241,4.32
TX_2,FOODS_1_002,12242,4.32
TX_2,FOODS_1_002,12243,4.32
TX_2,FOODS_1_002,12244,3.67
TX_2,FOODS_1_002,12245,3.67
TX_2,FOODS_1_002,12246,4.32
TX_2,FOODS_1_002,12247,4.32
TX_2,FOODS_1_002,12248,3.67
TX_2,FOODS_1_002,12249,4.32
TX_2,FOODS_1_002,12250,4.32
TX_2,FOODS_1_002,12251,4.32
TX_2,FOODS_1_002,12252,4.32
TX_2,FOODS_1_002,12301,4.32
TX_2,FOODS_1_002,12302,4.32
TX_2,FOODS_1_002,12303,4.32
TX_2,FOODS_1_002,12304,4.32
TX_2,FOODS_1_002,12305,4.32
TX_2,FOODS_1_002,12306,4.32
TX_2,FOODS_1_002,12307,3.67
TX_2,FOODS_1_002,12308,4.32
TX_2,FOODS_1_002,12309,4.32
TX_2,FOODS_1_002,12310,4.32
TX_2,FOODS_1_002,12311,4.32
TX_2,FOODS_1_002,12312,4.32
TX_2,FOODS_1_002,12313,4.32
TX_2,FOODS_1_002,12314,4.32
TX_2,FOODS_1_002,12315,4.32
TX_2,FOODS_1_002,12316,4.32
TX_2,FOODS_1_002,12317,4.32
TX_2,FOODS_1_002,12318,4.32
TX_2,FOODS_1_002,12319,4.32
TX_2,FOODS_1_002,12320,4.32
TX_2,FOODS_1_002,12321,3.67
TX_2,FOODS_1_002,12322,4.32
TX_2,FOODS_1_002,12323,4.32
TX_2,FOODS_1_002,12324,4.32
TX_2,FOODS_1_002,12325,4.32
TX_2,FOODS_1_002,12326,4.32
TX_2,FOODS_1_002,12327,4.32
TX_2,FOODS_1_002,12328,4.32
TX_2,FOODS_1_002,12329,4.32
TX_2,FOODS_1_002,12330,4.32
TX_2,FOODS_1_002,12331,4.32
TX_2,FOODS_1_002,12332,4.32
TX_2,FOODS_1_002,12333,4.32
TX_2,FOODS_1_002,12334,4.32
TX_2,FOODS_1_002,12335,3.67
TX_2,FOODS_1_002,12336,3.67
TX_2,FOODS_1_002,12337,4.32
TX_2,FOODS_1_002,12338,3.67
TX_2,FOODS_1_002,12339,3.67
TX_2,FOODS_1_002,12340,4.32
TX_2,FOODS_1_002,12341,3.67
TX_2,FOODS_1_002,12342,4.32
TX_2,FOODS_1_002,12343,4.32
TX_2,FOODS_1_002,12344,4.32
TX_2,FOODS_1_002,12345,4.32
TX_2,FOODS_1_002,12346,4.32
TX_2,FOODS_1_002,12347,4.32
TX_2,FOODS_1_002,12348,4.32
TX_2,FOODS_1_002,12349,4.32
TX_2,FOODS_1_002,12350,3.67
TX_2,FOODS_1_002,12351,4.32
TX_2,FOODS_1_002,12352,4.32
TX_2,FOODS_1_003,12152,5.15
TX_2,FOODS_1_003,12201,5.15
TX_2,FOODS_1_003,12202,5.15
TX_2,FOODS_1_003,12203,5.15
TX_2,FOODS_1_003,12204,5.15
TX_2,FOODS_1_003,12205,5.15
TX_2,FOODS_1_003,12206,4.38
TX_2,FOODS_1_003,12207,5.15
TX_2,FOODS_1_003,12208,5.15
TX_2,FOODS_1_003,12209,5.15
TX_2,FOODS_1_003,12210,4.38
TX_2,FOODS_1_003,12211,5.15
TX_2,FOODS_1_003,12212,5.15
TX_2,FOODS_1_003,12213,5.15
TX_2,FOODS_1_003,12214,5.15
TX_2,FOODS_1_003,12215,4.38
TX_2,FOODS_1_003,12216,5.15
TX_2,FOODS_1_003,12217,5.15
TX_2,FOODS_1_003,12218,5.15
TX_2,FOODS_1_003,12219,5.15
TX_2,FOODS_1_003,12220,5.15
TX_2,FOODS_1_003,12221,5.15
TX_2,FOODS_1_003,12222,4.38
TX_2,FOODS_1_003,12223,5.15
TX_2,FOODS_1_003,12224,5.15
TX_2,FOODS_1_003,12225,5.15
TX_2,FOODS_1_003,12226,5.15
TX_2,FOODS_1_003,12227,5.15
TX_2,FOODS_1_003,12228,5.15
TX_2,FOODS_1_003,12229,5.15
TX_2,FOODS_1_003,12230,5.15
TX_2,FOODS_1_003,12231,5.15
TX_2,FOODS_1_003,12232,5.15
TX_2,FOODS_1_003,12233,5.15
TX_2,FOODS_1_003,12234,5.15
TX_2,FOODS_1_003,12235,5.15
TX_2,FOODS_1_003,12236,5.15
TX_2,FOODS_1_003,12237,5.15
TX_2,FOODS_1_003,12238,4.38
TX_2,FOODS_1_003,12239,4.38
TX_2,FOODS_1_003,12240,5.15
TX_2,FOODS_1_003,12241,5.15
TX_2,FOODS_1_003,12242,5.15
TX_2,FOODS_1_003,12243,5.15
TX_2,FOODS_1_003,12244,5.15
TX_2,FOODS_1_003,12245,5.15
TX_2,FOODS_1_003,12246,5.15
TX_2,FOODS_1_003,12247,5.15
TX_2,FOODS_1_003,12248,5.15
TX_2,FOODS_1_003,12249,5.15
TX_2,FOODS_1_003,12250,5.15
TX_2,FOODS_1_003,12251,5.15
TX_2,FOODS_1_003,12252,5.15
TX_2,FOODS_1_003,12301,5.15
TX_2,FOODS_1_003,12302,5.15
TX_2,FOODS_1_003,12303,4.38
TX_2,FOODS_1_003,12304,5.15
TX_2,FOODS_1_003,12305,5.15
TX_2,FOODS_1_003,12306,5.15
TX_2,FOODS_1_003,12307,5.15
TX_2,FOODS_1_003,12308,5.15
TX_2,FOODS_1_003,12309,4.38
TX_2,FOODS_1_003,12310,5.15
TX_2,FOODS_1_003,12311,5.15
TX_2,FOODS_1_003,12312,5.15
TX_2,FOODS_1_003,12313,5.15
TX_2,FOODS_1_003,12314,5.15
TX_2,FOODS_1_003,12315,4.38
TX_2,FOODS_1_003,12316,5.15
TX_2,FOODS_1_003,12317,5.15
TX_2,FOODS_1_003,12318,5.15
TX_2,FOODS_1_003,12319,5.15
TX_2,FOODS_1_003,12320,5.15
TX_2,FOODS_1_003,12321,5.15
TX_2,FOODS_1_003,12322,4.38
TX_2,FOODS_1_003,12323,5.15
TX_2,FOODS_1_003,12324,4.38
TX_2,FOODS_1_003,12325,5.15
TX_2,FOODS_1_003,12326,5.15
TX_2,FOODS_1_003,12327,5.15
TX_2,FOODS_1_003,12328,5.15
TX_2,FOODS_1_003,12329,5.15
TX_2,FOODS_1_003,12330,5.15
TX_2,FOODS_1_003,12331,5.15
TX_2,FOODS_1_003,12332,5.15
TX_2,FOODS_1_003,12333,5.15
TX_2,FOODS_1_003,12334,5.15
TX_2,FOODS_1_003,12335,5.15
TX_2,FOODS_1_003,12336,5.15
TX_2,FOODS_1_003,12337,5.15
TX_2,FOODS_1_003,12338,5.15
TX_2,FOODS_1_003,12339,5.15
TX_2,FOODS_1_003,12340,5.15
TX_2,FOODS_1_003,12341,5.15
TX_2,FOODS_1_003,12342,5.15
TX_2,FOODS_1_003,12343,5.15
TX_2,FOODS_1_003,12344,5.15
TX_2,FOODS_1_003,12345,5.15
TX_2,FOODS_1_003,12346,5.15
TX_2,FOODS_1_003,12347,5.15
TX_2,FOODS_1_003,12348,5.15
TX_2,FOODS_1_003,12349,5.15
TX_2,FOODS_1_003,12350,5.15
TX_2,FOODS_1_003,12351,5.15
TX_2,FOODS_1_003,12352,5.15
TX_2,FOODS_1_004,12152,5.98
TX_2,FOODS_1_004,12201,5.98
TX_2,FOODS_1_004,12202,5.98
TX_2,FOODS_1_004,12203,5.98
TX_2,FOODS_1_004,12204,5.98
TX_2,FOODS_1_004,12205,5.98
TX_2,FOODS_1_004,12206,5.98
TX_2,FOODS_1_004,12207,5.98
TX_2,FOODS_1_004,12208,5.98
TX_2,FOODS_1_004,12209,5.98
TX_2,FOODS_1_004,12210,5.98
TX_2,FOODS_1_004,12211,5.98
TX_2,FOODS_1_004,12212,5.98
TX_2,FOODS_1_004,12213,5.98
TX_2,FOODS_1_004,12214,5.98
TX_2,FOODS_1_004,12215,5.98
TX_2,FOODS_1_004,12216,5.98
TX_2,FOODS_1_004,12217,5.09
TX_2,FOODS_1_004,12218,5.98
TX_2,FOODS_1_004,12219,5.98
TX_2,FOODS_1_004,12220,5.09
TX_2,FOODS_1_004,12221,5.98
TX_2,FOODS_1_004,12222,5.98
TX_2,FOODS_1_004,12223,5.98
TX_2,FOODS_1_004,12224,5.98
TX_2,FOODS_1_004,12225,5.98
TX_2,FOODS_1_004,12226,5.98
TX_2,FOODS_1_004,12227,5.98
TX_2,FOODS_1_004,12228,5.98
TX_2,FOODS_1_004,12229,5.98
TX_2,FOODS_1_004,12230,5.98
TX_2,FOODS_1_004,12231,5.98
TX_2,FOODS_1_004,12232,5.98
TX_2,FOODS_1_004,12233,5.98
TX_2,FOODS_1_004,12234,5.98
TX_2,FOODS_1_004,12235,5.98
TX_2,FOODS_1_004,12236,5.98
TX_2,FOODS_1_004,12237,5.09
TX_2,FOODS_1_004,12238,5.09
TX_2,FOODS_1_004,12239,5.98
TX_2,FOODS_1_004,12240,5.98
TX_2,FOODS_1_004,12241,5.98
TX_2,FOODS_1_004,12242,5.98
TX_2,FOODS_1_004,12243,5.98
TX_2,FOODS_1_004,12244,5.09
TX_2,FOODS_1_004,12245,5.98
TX_2,FOODS_1_004,12246,5.98
TX_2,FOODS_1_004,12247,5.09
TX_2,FOODS_1_004,12248,5.98
TX_2,FOODS_1_004,12249,5.98
TX_2,FOODS_1_004,12250,5.98
TX_2,FOODS_1_004,12251,5.98
TX_2,FOODS_1_004,12252,5.09
TX_2,FOODS_1_004,12301,5.98
TX_2,FOODS_1_004,12302,5.98
TX_2,FOODS_1_004,12303,5.98
TX_2,FOODS_1_004,12304,5.09
TX_2,FOODS_1_004,12305,5.98
TX_2,FOODS_1_004,12306,5.98
TX_2,FOODS_1_004,12307,5.98
TX_2,FOODS_1_004,12308,5.09
TX_2,FOODS_1_004,12309,5.98
TX_2,FOODS_1_004,12310,5.98
TX_2,FOODS_1_004,12311,5.98
TX_2,FOODS_1_004,12312,5.98
TX_2,FOODS_1_004,12313,5.98
TX_2,FOODS_1_004,12314,5.98
TX_2,FOODS_1_004,12315,5.98
TX_2,FOODS_1_004,12316,5.98
TX_2,FOODS_1_004,12317,5.98
TX_2,FOODS_1_004,12318,5.09
TX_2,FOODS_1_004,12319,5.98
TX_2,FOODS_1_004,12320,5.98
TX_2,FOODS_1_004,12321,5.98
TX_2,FOODS_1_004,12322,5.98
TX_2,FOODS_1_004,12323,5.98
TX_2,FOODS_1_004,12324,5.98
TX_2,FOODS_1_004,12325,5.09
TX_2,FOODS_1_004,12326,5.98
TX_2,FOODS_1_004,12327,5.09
TX_2,FOODS_1_004,12328,5.98
TX_2,FOODS_1_004,12329,5.98
TX_2,FOODS_1_004,12330,5.98
TX_2,FOODS_1_004,12331,5.98
TX_2,FOODS_1_004,12332,5.09
TX_2,FOODS_1_004,12333,5.09
TX_2,FOODS_1_004,12334,5.98
TX_2,FOODS_1_004,12335,5.98
TX_2,FOODS_1_004,12336,5.98
TX_2,FOODS_1_004,12337,5.98
TX_2,FOODS_1_004,12338,5.98
TX_2,FOODS_1_004,12339,5.98
TX_2,FOODS_1_004,12340,5.98
TX_2,FOODS_1_004,12341,5.98
TX_2,FOODS_1_004,12342,5.98
TX_2,FOODS_1_004,12343,5.98
TX_2,FOODS_1_004,12344,5.09
TX_2,FOODS_1_004,12345,5.98
TX_2,FOODS_1_004,12346,5.98
TX_2,FOODS_1_004,12347,5.98
TX_2,FOODS_1_004,12348,5.98
TX_2,FOODS_1_004,12349,5.09
TX_2,FOODS_1_004,12350,5.09
TX_2,FOODS_1_004,12351,5.98
TX_2,FOODS_1_004,12352,5.98
TX_2,FOODS_2_001,12152,3.5
TX_2,FOODS_2_001,12201,3.5
TX_2,FOODS_2_001,12202,3.5
TX_2,FOODS_2_001,12203,3.5
TX_2,FOODS_2_001,12204,3.5
TX_2,FOODS_2_001,12205,3.5
TX_2,FOODS_2_001,12206,3.5
TX_2,FOODS_2_001,12207,3.5
TX_2,FOODS_2_001,12208,3.5
TX_2,FOODS_2_001,12209,3.5
TX_2,FOODS_2_001,12210,2.97
TX_2,FOODS_2_001,12211,3.5
TX_2,FOODS_2_001,12212,3.5
TX_2,FOODS_2_001,12213,3.5
TX_2,FOODS_2_001,12214,3.5
TX_2,FOODS_2_001,12215,3.5
TX_2,FOODS_2_001,12216,3.5
TX_2,FOODS_2_001,12217,3.5
TX_2,FOODS_2_001,12218,3.5
TX_2,FOODS_2_001,12219,2.97
TX_2,FOODS_2_001,12220,3.5
TX_2,FOODS_2_001,12221,3.5
TX_2,FOODS_2_001,12222,3.5
TX_2,FOODS_2_001,12223,3.5
TX_2,FOODS_2_001,12224,3.5
TX_2,FOODS_2_001,12225,2.97
TX_2,FOODS_2_001,12226,3.5
TX_2,FOODS_2_001,12227,3.5
TX_2,FOODS_2_001,12228,2.97
TX_2,FOODS_2_001,12229,3.5
TX_2,FOODS_2_001,12230,3.5
TX_2,FOODS_2_001,12231,3.5
TX_2,FOODS_2_001,12232,3.5
TX_2,FOODS_2_001,12233,3.5
TX_2,FOODS_2_001,12234,3.5
TX_2,FOODS_2_001,12235,3.5
TX_2,FOODS_2_001,12236,3.5
TX_2,FOODS_2_001,12237,3.5
TX_2,FOODS_2_001,12238,2.97
TX_2,FOODS_2_001,12239,2.97
TX_2,FOODS_2_001,12240,3.5
TX_2,FOODS_2_001,12241,3.5
TX_2,FOODS_2_001,12242,3.5
TX_2,FOODS_2_001,12243,2.97
TX_2,FOODS_2_001,12244,3.5
TX_2,FOODS_2_001,12245,3.5
TX_2,FOODS_2_001,12246,3.5
TX_2,FOODS_2_001,12247,3.5
TX_2,FOODS_2_001,12248,3.5
TX_2,FOODS_2_001,12249,3.5
TX_2,FOODS_2_001,12250,3.5
TX_2,FOODS_2_001,12251,3.5
TX_2,FOODS_2_001,12252,3.5
TX_2,FOODS_2_001,12301,3.5
TX_2,FOODS_2_001,12302,3.5
TX_2,FOODS_2_001,12303,3.5
TX_2,FOODS_2_001,12304,3.5
TX_2,FOODS_2_001,12305,3.5
TX_2,FOODS_2_001,12306,3.5
TX_2,FOODS_2_001,12307,2.97
TX_2,FOODS_2_001,12308,3.5
TX_2,FOODS_2_001,12309,3.5
TX_2,FOODS_2_001,12310,3.5
TX_2,FOODS_2_001,12311,3.5
TX_2,FOODS_2_001,12312,3.5
TX_2,FOODS_2_001,12313,2.97
TX_2,FOODS_2_001,12314,3.5
TX_2,FOODS_2_001,12315,3.5
TX_2,FOODS_2_001,12316,3.5
TX_2,FOODS_2_001,12317,3.5
TX_2,FOODS_2_001,12318,3.5
TX_2,FOODS_2_001,12319,3.5
TX_2,FOODS_2_001,12320,3.5
TX_2,FOODS_2_001,12321,3.5
TX_2,FOODS_2_001,12322,3.5
TX_2,FOODS_2_001,12323,2.97
TX_2,FOODS_2_001,12324,3.5
TX_2,FOODS_2_001,12325,3.5
TX_2,FOODS_2_001,12326,3.5
TX_2,FOODS_2_001,12327,3.5
TX_2,FOODS_2_001,12328,3.5
TX_2,FOODS_2_001,12329,3.5
TX_2,FOODS_2_001,12330,3.5
TX_2,FOODS_2_001,12331,3.5
TX_2,FOODS_2_001,12332,3.5
TX_2,FOODS_2_001,12333,3.5
TX_2,FOODS_2_001,12334,3.5
TX_2,FOODS_2_001,12335,3.5
TX_2,FOODS_2_001,12336,3.5
TX_2,FOODS_2_001,12337,3.5
TX_2,FOODS_2_001,12338,3.5
TX_2,FOODS_2_001,12339,3.5
TX_2,FOODS_2_001,12340,3.5
TX_2,FOODS_2_001,12341,3.5
TX_2,FOODS_2_001,12342,3.5
TX_2,FOODS_2_001,12343,3.5
TX_2,FOODS_2_001,12344,3.5
TX_2,FOODS_2_001,12345,3.5
TX_2,FOODS_2_001,12346,3.5
TX_2,FOODS_2_001,12347,3.5
TX_2,FOODS_2_001,12348,3.5
TX_2,FOODS_2_001,12349,3.5
TX_2,FOODS_2_001,12350,3.5
TX_2,FOODS_2_001,12351,3.5
TX_2,FOODS_2_001,12352,2.97
TX_2,FOODS_2_002,12152,4.32
TX_2,FOODS_2_002,12201,4.32
TX_2,FOODS_2_002,12202,4.32
TX_2,FOODS_2_002,12203,4.32
TX_2,FOODS_2_002,12204,4.32
TX_2,FOODS_2_002,12205,3.67
TX_2,FOODS_2_002,12206,4.32
TX_2,FOODS_2_002,12207,4.32
TX_2,FOODS_2_002,12208,4.32
TX_2,FOODS_2_002,12209,3.67
TX_2,FOODS_2_002,12210,4.32
TX_2,FOODS_2_002,12211,4.32
TX_2,FOODS_2_002,12212,4.32
TX_2,FOODS_2_002,12213,4.32
TX_2,FOODS_2_002,12214,4.32
TX_2,FOODS_2_002,12215,4.32
TX_2,FOODS_2_002,12216,4.32
TX_2,FOODS_2_002,12217,4.32
TX_2,FOODS_2_002,12218,4.32
TX_2,FOODS_2_002,12219,4.32
TX_2,FOODS_2_002,12220,4.32
TX_2,FOODS_2_002,12221,4.32
TX_2,FOODS_2_002,12222,4.32
TX_2,FOODS_2_002,12223,4.32
TX_2,FOODS_2_002,12224,4.32
TX_2,FOODS_2_002,12225,4.32
TX_2,FOODS_2_002,12226,4.32
TX_2,FOODS_2_002,12227,3.67
TX_2,FOODS_2_002,12228,4.32
TX_2,FOODS_2_002,12229,3.67
TX_2,FOODS_2_002,12230,4.32
TX_2,FOODS_2_002,12231,4.32
TX_2,FOODS_2_002,12232,4.32
TX_2,FOODS_2_002,12233,4.32
TX_2,FOODS_2_002,12234,4.32
TX_2,FOODS_2_002,12235,3.67
TX_2,FOODS_2_002,12236,4.32
TX_2,FOODS_2_002,12237,4.32
TX_2,FOODS_2_002,12238,4.32
TX_2,FOODS_2_002,12239,4.32
TX_2,FOODS_2_002,12240,4.32
TX_2,FOODS_2_002,12241,4.32
TX_2,FOODS_2_002,12242,4.32
TX_2,FOODS_2_002,12243,4.32
TX_2,FOODS_2_002,12244,4.32
TX_2,FOODS_2_002,12245,4.32
TX_2,FOODS_2_002,12246,4.32
TX_2,FOODS_2_002,12247,4.32
TX_2,FOODS_2_002,12248,4.32
TX_2,FOODS_2_002,12249,4.32
TX_2,FOODS_2_002,12250,3.67
TX_2,FOODS_2_002,12251,3.67
TX_2,FOODS_2_002,12252,4.32
TX_2,FOODS_2_002,12301,4.32
TX_2,FOODS_2_002,12302,3.67
TX_2,FOODS_2_002,12303,4.32
TX_2,FOODS_2_002,12304,4.32
TX_2,FOODS_2_002,12305,4.32
TX_2,FOODS_2_002,12306,4.32
TX_2,FOODS_2_002,12307,4.32
TX_2,FOODS_2_002,12308,4.32
TX_2,FOODS_2_002,12309,4.32
TX_2,FOODS_2_002,12310,4.32
TX_2,FOODS_2_002,12311,4.32
TX_2,FOODS_2_002,12312,4.32
TX_2,FOODS_2_002,12313,4.32
TX_2,FOODS_2_002,12314,4.32
TX_2,FOODS_2_002,12315,4.32
TX_2,FOODS_2_002,12316,3.67
TX_2,FOODS_2_002,12317,4.32
TX_2,FOODS_2_002,12318,3.67
TX_2,FOODS_2_002,12319,4.32
TX_2,FOODS_2_002,12320,4.32
TX_2,FOODS_2_002,12321,4.32
TX_2,FOODS_2_002,12322,4.32
TX_2,FOODS_2_002,12323,4.32
TX_2,FOODS_2_002,12324,4.32
TX_2,FOODS_2_002,12325,4.32
TX_2,FOODS_2_002,12326,4.32
TX_2,FOODS_2_002,12327,4.32
TX_2,FOODS_2_002,12328,4.32
TX_2,FOODS_2_002,12329,4.32
TX_2,FOODS_2_002,12330,4.32
TX_2,FOODS_2_002,12331,4.32
TX_2,FOODS_2_002,12332,4.32
TX_2,FOODS_2_002,12333,4.32
TX_2,FOODS_2_002,12334,4.32
TX_2,FOODS_2_002,12335,4.32
TX_2,FOODS_2_002,12336,4.32
TX_2,FOODS_2_002,12337,4.32
TX_2,FOODS_2_002,12338,4.32
TX_2,FOODS_2_002,12339,4.32
TX_2,FOODS_2_002,12340,4.32
TX_2,FOODS_2_002,12341,3.67
TX_2,FOODS_2_002,12342,4.32
TX_2,FOODS_2_002,12343,4.32
TX_2,FOODS_2_002,12344,3.67
TX_2,FOODS_2_002,12345,4.32
TX_2,FOODS_2_002,12346,4.32
TX_2,FOODS_2_002,12347,4.32
TX_2,FOODS_2_002,12348,3.67
TX_2,FOODS_2_002,12349,4.32
TX_2,FOODS_2_002,12350,4.32
TX_2,FOODS_2_002,12351,4.32
TX_2,FOODS_2_002,12352,4.32
TX_2,FOODS_2_003,12152,5.15
TX_2,FOODS_2_003,12201,5.15
TX_2,FOODS_2_003,12202,4.38
TX_2,FOODS_2_003,12203,5.15
TX_2,FOODS_2_003,12204,5.15
TX_2,FOODS_2_003,12205,5.15
TX_2,FOODS_2_003,12206,5.15
TX_2,FOODS_2_003,12207,5.15
TX_2,FOODS_2_003,12208,5.15
TX_2,FOODS_2_003,12209,5.15
TX_2,FOODS_2_003,12210,5.15
TX_2,FOODS_2_003,12211,4.38
TX_2,FOODS_2_003,12212,5.15
TX_2,FOODS_2_003,12213,5.15
TX_2,FOODS_2_003,12214,5.15
TX_2,FOODS_2_003,12215,5.15
TX_2,FOODS_2_003,12216,5.15
TX_2,FOODS_2_003,12217,5.15
TX_2,FOODS_2_003,12218,5.15
TX_2,FOODS_2_003,12219,5.15
TX_2,FOODS_2_003,12220,5.15
TX_2,FOODS_2_003,12221,5.15
TX_2,FOODS_2_003,12222,5.15
TX_2,FOODS_2_003,12223,5.15
TX_2,FOODS_2_003,12224,5.15
TX_2,FOODS_2_003,12225,5.15
TX_2,FOODS_2_003,12226,5.15
TX_2,FOODS_2_003,12227,5.15
TX_2,FOODS_2_003,12228,5.15
TX_2,FOODS_2_003,12229,4.38
TX_2,FOODS_2_003,12230,4.38
TX_2,FOODS_2_003,12231,5.15
TX_2,FOODS_2_003,12232,5.15
TX_2,FOODS_2_003,12233,5.15
TX_2,FOODS_2_003,12234,5.15
TX_2,FOODS_2_003,12235,5.15
TX_2,FOODS_2_003,12236,4.38
TX_2,FOODS_2_003,12237,5.15
TX_2,FOODS_2_003,12238,4.38
TX_2,FOODS_2_003,12239,5.15
TX_2,FOODS_2_003,12240,5.15
TX_2,FOODS_2_003,12241,4.38
TX_2,FOODS_2_003,12242,5.15
TX_2,FOODS_2_003,12243,5.15
TX_2,FOODS_2_003,12244,5.15
TX_2,FOODS_2_003,12245,5.15
TX_2,FOODS_2_003,12246,5.15
TX_2,FOODS_2_003,12247,5.15
TX_2,FOODS_2_003,12248,5.15
TX_2,FOODS_2_003,12249,5.15
TX_2,FOODS_2_003,12250,5.15
TX_2,FOODS_2_003,12251,5.15
TX_2,FOODS_2_003,12252,5.15
TX_2,FOODS_2_003,12301,5.15
TX_2,FOODS_2_003,12302,5.15
TX_2,FOODS_2_003,12303,5.15
TX_2,FOODS_2_003,12304,4.38
TX_2,FOODS_2_003,12305,5.15
TX_2,FOODS_2_003,12306,5.15
TX_2,FOODS_2_003,12307,5.15
TX_2,FOODS_2_003,12308,5.15
TX_2,FOODS_2_003,12309,5.15
TX_2,FOODS_2_003,12310,4.38
TX_2,FOODS_2_003,12311,5.15
TX_2,FOODS_2_003,12312,5.15
TX_2,FOODS_2_003,12313,5.15
TX_2,FOODS_2_003,12314,5.15
TX_2,FOODS_2_003,12315,5.15
TX_2,FOODS_2_003,12316,5.15
TX_2,FOODS_2_003,12317,5.15
TX_2,FOODS_2_003,12318,5.15
TX_2,FOODS_2_003,12319,5.15
TX_2,FOODS_2_003,12320,5.15
TX_2,FOODS_2_003,12321,5.15
TX_2,FOODS_2_003,12322,4.38
TX_2,FOODS_2_003,12323,5.15
TX_2,FOODS_2_003,12324,5.15
TX_2,FOODS_2_003,12325,4.38
TX_2,FOODS_2_003,12326,5.15
TX_2,FOODS_2_003,12327,5.15
TX_2,FOODS_2_003,12328,4.38
TX_2,FOODS_2_003,12329,5.15
TX_2,FOODS_2_003,12330,5.15
TX_2,FOODS_2_003,12331,5.15
TX_2,FOODS_2_003,12332,5.15
TX_2,FOODS_2_003,12333,5.15
TX_2,FOODS_2_003,12334,5.15
TX_2,FOODS_2_003,12335,5.15
TX_2,FOODS_2_003,12336,4.38
TX_2,FOODS_2_003,12337,5.15
TX_2,FOODS_2_003,12338,5.15
TX_2,FOODS_2_003,12339,5.15
TX_2,FOODS_2_003,12340,5.15
TX_2,FOODS_2_003,12341,5.15
TX_2,FOODS_2_003,12342,5.15
TX_2,FOODS_2_003,12343,4.38
TX_2,FOODS_2_003,12344,4.38
TX_2,FOODS_2_003,12345,4.38
TX_2,FOODS_2_003,12346,5.15
TX_2,FOODS_2_003,12347,5.15
TX_2,FOODS_2_003,12348,4.38
TX_2,FOODS_2_003,12349,5.15
TX_2,FOODS_2_003,12350,5.15
TX_2,FOODS_2_003,12351,5.15
TX_2,FOODS_2_003,12352,5.15
TX_2,FOODS_2_004,12152,5.98
TX_2,FOODS_2_004,12201,5.09
TX_2,FOODS_2_004,12202,5.98
TX_2,FOODS_2_004,12203,5.98
TX_2,FOODS_2_004,12204,5.98
TX_2,FOODS_2_004,12205,5.98
TX_2,FOODS_2_004,12206,5.09
TX_2,FOODS_2_004,12207,5.98
TX_2,FOODS_2_004,12208,5.98
TX_2,FOODS_2_004,12209,5.98
TX_2,FOODS_2_004,12210,5.98
TX_2,FOODS_2_004,12211,5.98
TX_2,FOODS_2_004,12212,5.98
TX_2,FOODS_2_004,12213,5.98
TX_2,FOODS_2_004,12214,5.98
TX_2,FOODS_2_004,12215,5.98
TX_2,FOODS_2_004,12216,5.09
TX_2,FOODS_2_004,12217,5.09
TX_2,FOODS_2_004,12218,5.09
TX_2,FOODS_2_004,12219,5.98
TX_2,FOODS_2_004,12220,5.98
TX_2,FOODS_2_004,12221,5.98
TX_2,FOODS_2_004,12222,5.98
TX_2,FOODS_2_004,12223,5.09
TX_2,FOODS_2_004,12224,5.98
TX_2,FOODS_2_004,12225,5.98
TX_2,FOODS_2_004,12226,5.98
TX_2,FOODS_2_004,12227,5.09
TX_2,FOODS_2_004,12228,5.09
TX_2,FOODS_2_004,12229,5.98
TX_2,FOODS_2_004,12230,5.98
TX_2,FOODS_2_004,12231,5.98
TX_2,FOODS_2_004,12232,5.98
TX_2,FOODS_2_004,12233,5.98
TX_2,FOODS_2_004,12234,5.98
TX_2,FOODS_2_004,12235,5.98
TX_2,FOODS_2_004,12236,5.09
TX_2,FOODS_2_004,12237,5.98
TX_2,FOODS_2_004,12238,5.98
TX_2,FOODS_2_004,12239,5.98
TX_2,FOODS_2_004,12240,5.98
TX_2,FOODS_2_004,12241,5.98
TX_2,FOODS_2_004,12242,5.98
TX_2,FOODS_2_004,12243,5.98
TX_2,FOODS_2_004,12244,5.98
TX_2,FOODS_2_004,12245,5.09
TX_2,FOODS_2_004,12246,5.98
TX_2,FOODS_2_004,12247,5.98
TX_2,FOODS_2_004,12248,5.09
TX_2,FOODS_2_004,12249,5.98
TX_2,FOODS_2_004,12250,5.98
TX_2,FOODS_2_004,12251,5.98
TX_2,FOODS_2_004,12252,5.98
TX_2,FOODS_2_004,12301,5.98
TX_2,FOODS_2_004,12302,5.98
TX_2,FOODS_2_004,12303,5.98
TX_2,FOODS_2_004,12304,5.98
TX_2,FOODS_2_004,12305,5.98
TX_2,FOODS_2_004,12306,5.09
TX_2,FOODS_2_004,12307,5.98
TX_2,FOODS_2_004,12308,5.98
TX_2,FOODS_2_004,12309,5.98
TX_2,FOODS_2_004,12310,5.98
TX_2,FOODS_2_004,12311,5.98
TX_2,FOODS_2_004,12312,5.98
TX_2,FOODS_2_004,12313,5.98
TX_2,FOODS_2_004,12314,5.09
TX_2,FOODS_2_004,12315,5.98
TX_2,FOODS_2_004,12316,5.98
TX_2,FOODS_2_004,12317,5.98
TX_2,FOODS_2_004,12318,5.98
TX_2,FOODS_2_004,12319,5.98
TX_2,FOODS_2_004,12320,5.98
TX_2,FOODS_2_004,12321,5.09
TX_2,FOODS_2_004,12322,5.98
TX_2,FOODS_2_004,12323,5.98
TX_2,FOODS_2_004,12324,5.98
TX_2,FOODS_2_004,12325,5.09
TX_2,FOODS_2_004,12326,5.98
TX_2,FOODS_2_004,12327,5.98
TX_2,FOODS_2_004,12328,5.98
TX_2,FOODS_2_004,12329,5.98
TX_2,FOODS_2_004,12330,5.09
TX_2,FOODS_2_004,12331,5.98
TX_2,FOODS_2_004,12332,5.09
TX_2,FOODS_2_004,12333,5.98
TX_2,FOODS_2_004,12334,5.98
TX_2,FOODS_2_004,12335,5.98
TX_2,FOODS_2_004,12336,5.09
TX_2,FOODS_2_004,12337,5.98
TX_2,FOODS_2_004,12338,5.98
TX_2,FOODS_2_004,12339,5.98
TX_2,FOODS_2_004,12340,5.98
TX_2,FOODS_2_004,12341,5.98
TX_2,FOODS_2_004,12342,5.98
TX_2,FOODS_2_004,12343,5.98
TX_2,FOODS_2_004,12344,5.98
TX_2,FOODS_2_004,12345,5.98
TX_2,FOODS_2_004,12346,5.98
TX_2,FOODS_2_004,12347,5.98
TX_2,FOODS_2_004,12348,5.98
TX_2,FOODS_2_004,12349,5.98
TX_2,FOODS_2_004,12350,5.98
TX_2,FOODS_2_004,12351,5.98
TX_2,FOODS_2_004,12352,5.98
TX_2,FOODS_3_001,12152,3.5
TX_2,FOODS_3_001,12201,3.5
TX_2,FOODS_3_001,12202,3.5
TX_2,FOODS_3_001,12203,2.97
TX_2,FOODS_3_001,12204,3.5
TX_2,FOODS_3_001,12205,3.5
TX_2,FOODS_3_001,12206,2.97
TX_2,FOODS_3_001,12207,3.5
TX_2,FOODS_3_001,12208,3.5
TX_2,FOODS_3_001,12209,3.5
TX_2,FOODS_3_001,12210,3.5
TX_2,FOODS_3_001,12211,3.5
TX_2,FOODS_3_001,12212,3.5
TX_2,FOODS_3_001,12213,3.5
TX_2,FOODS_3_001,12214,3.5
TX_2,FOODS_3_001,12215,3.5
TX_2,FOODS_3_001,12216,3.5
TX_2,FOODS_3_001,12217,2.97
TX_2,FOODS_3_001,12218,3.5
TX_2,FOODS_3_001,12219,3.5
TX_2,FOODS_3_001,12220,3.5
TX_2,FOODS_3_001,12221,2.97
TX_2,FOODS_3_001,12222,3.5
TX_2,FOODS_3_001,12223,3.5
TX_2,FOODS_3_001,12224,3.5
TX_2,FOODS_3_001,12225,3.5
TX_2,FOODS_3_001,12226,3.5
TX_2,FOODS_3_001,12227,3.5
TX_2,FOODS_3_001,12228,3.5
TX_2,FOODS_3_001,12229,3.5
TX_2,FOODS_3_001,12230,3.5
TX_2,FOODS_3_001,12231,3.5
TX_2,FOODS_3_001,12232,3.5
TX_2,FOODS_3_001,12233,3.5
TX_2,FOODS_3_001,12234,3.5
TX_2,FOODS_3_001,12235,3.5
TX_2,FOODS_3_001,12236,3.5
TX_2,FOODS_3_001,12237,3.5
TX_2,FOODS_3_001,12238,3.5
TX_2,FOODS_3_001,12239,3.5
TX_2,FOODS_3_001,12240,3.5
TX_2,FOODS_3_001,12241,3.5
TX_2,FOODS_3_001,12242,3.5
TX_2,FOODS_3_001,12243,3.5
TX_2,FOODS_3_001,12244,3.5
TX_2,FOODS_3_001,12245,3.5
TX_2,FOODS_3_001,12246,2.97
TX_2,FOODS_3_001,12247,3.5
TX_2,FOODS_3_001,12248,3.5
TX_2,FOODS_3_001,12249,3.5
TX_2,FOODS_3_001,12250,3.5
TX_2,FOODS_3_001,12251,3.5
TX_2,FOODS_3_001,12252,3.5
TX_2,FOODS_3_001,12301,3.5
TX_2,FOODS_3_001,12302,3.5
TX_2,FOODS_3_001,12303,3.5
TX_2,FOODS_3_001,12304,3.5
TX_2,FOODS_3_001,12305,3.5
TX_2,FOODS_3_001,12306,3.5
TX_2,FOODS_3_001,12307,3.5
TX_2,FOODS_3_001,12308,3.5
TX_2,FOODS_3_001,12309,3.5
TX_2,FOODS_3_001,12310,3.5
TX_2,FOODS_3_001,12311,3.5
TX_2,FOODS_3_001,12312,2.97
TX_2,FOODS_3_001,12313,3.5
TX_2,FOODS_3_001,12314,3.5
TX_2,FOODS_3_001,12315,3.5
TX_2,FOODS_3_001,12316,3.5
TX_2,FOODS_3_001,12317,2.97
TX_2,FOODS_3_001,12318,2.97
TX_2,FOODS_3_001,12319,3.5
TX_2,FOODS_3_001,12320,3.5
TX_2,FOODS_3_001,12321,3.5
TX_2,FOODS_3_001,12322,3.5
TX_2,FOODS_3_001,12323,3.5
TX_2,FOODS_3_001,12324,3.5
TX_2,FOODS_3_001,12325,2.97
TX_2,FOODS_3_001,12326,3.5
TX_2,FOODS_3_001,12327,3.5
TX_2,FOODS_3_001,12328,2.97
TX_2,FOODS_3_001,12329,2.97
TX_2,FOODS_3_001,12330,3.5
TX_2,FOODS_3_001,12331,3.5
TX_2,FOODS_3_001,12332,3.5
TX_2,FOODS_3_001,12333,3.5
TX_2,FOODS_3_001,12334,3.5
TX_2,FOODS_3_001,12335,3.5
TX_2,FOODS_3_001,12336,2.97
TX_2,FOODS_3_001,12337,3.5
TX_2,FOODS_3_001,12338,3.5
TX_2,FOODS_3_001,12339,2.97
TX_2,FOODS_3_001,12340,3.5
TX_2,FOODS_3_001,12341,3.5
TX_2,FOODS_3_001,12342,3.5
TX_2,FOODS_3_001,12343,3.5
TX_2,FOODS_3_001,12344,3.5
TX_2,FOODS_3_001,12345,3.5
TX_2,FOODS_3_001,12346,3.5
TX_2,FOODS_3_001,12347,3.5
TX_2,FOODS_3_001,12348,3.5
TX_2,FOODS_3_001,12349,2.97
TX_2,FOODS_3_001,12350,3.5
TX_2,FOODS_3_001,12351,3.5
TX_2,FOODS_3_001,12352,3.5
TX_2,FOODS_3_002,12152,4.32
TX_2,FOODS_3_002,12201,4.32
TX_2,FOODS_3_002,12202,4.32
TX_2,FOODS_3_002,12203,4.32
TX_2,FOODS_3_002,12204,4.32
TX_2,FOODS_3_002,12205,4.32
TX_2,FOODS_3_002,12206,4.32
TX_2,FOODS_3_002,12207,4.32
TX_2,FOODS_3_002,12208,4.32
TX_2,FOODS_3_002,12209,4.32
TX_2,FOODS_3_002,12210,4.32
TX_2,FOODS_3_002,12211,4.32
TX_2,FOODS_3_002,12212,4.32
TX_2,FOODS_3_002,12213,4.32
TX_2,FOODS_3_002,12214,4.32
TX_2,FOODS_3_002,12215,4.32
TX_2,FOODS_3_002,12216,4.32
TX_2,FOODS_3_002,12217,4.32
TX_2,FOODS_3_002,12218,4.32
TX_2,FOODS_3_002,12219,4.32
TX_2,FOODS_3_002,12220,4.32
TX_2,FOODS_3_002,12221,3.67
TX_2,FOODS_3_002,12222,4.32
TX_2,FOODS_3_002,12223,4.32
TX_2,FOODS_3_002,12224,3.67
TX_2,FOODS_3_002,12225,4.32
TX_2,FOODS_3_002,12226,4.32
TX_2,FOODS_3_002,12227,3.67
TX_2,FOODS_3_002,12228,4.32
TX_2,FOODS_3_002,12229,4.32
TX_2,FOODS_3_002,12230,4.32
TX_2,FOODS_3_002,12231,4.32
TX_2,FOODS_3_002,12232,4.32
TX_2,FOODS_3_002,12233,4.32
TX_2,FOODS_3_002,12234,4.32
TX_2,FOODS_3_002,12235,4.32
TX_2,FOODS_3_002,12236,4.32
TX_2,FOODS_3_002,12237,3.67
TX_2,FOODS_3_002,12238,4.32
TX_2,FOODS_3_002,12239,4.32
TX_2,FOODS_3_002,12240,4.32
TX_2,FOODS_3_002,12241,4.32
TX_2,FOODS_3_002,12242,4.32
TX_2,FOODS_3_002,12243,4.32
TX_2,FOODS_3_002,12244,4.32
TX_2,FOODS_3_002,12245,3.67
TX_2,FOODS_3_002,12246,4.32
TX_2,FOODS_3_002,12247,4.32
TX_2,FOODS_3_002,12248,4.32
TX_2,FOODS_3_002,12249,4.32
TX_2,FOODS_3_002,12250,4.32
TX_2,FOODS_3_002,12251,4.32
TX_2,FOODS_3_002,12252,4.32
TX_2,FOODS_3_002,12301,4.32
TX_2,FOODS_3_002,12302,4.32
TX_2,FOODS_3_002,12303,4.32
TX_2,FOODS_3_002,12304,4.32
TX_2,FOODS_3_002,12305,4.32
TX_2,FOODS_3_002,12306,4.32
TX_2,FOODS_3_002,12307,4.32
TX_2,FOODS_3_002,12308,4.32
TX_2,FOODS_3_002,12309,4.32
TX_2,FOODS_3_002,12310,4.32
TX_2,FOODS_3_002,12311,4.32
TX_2,FOODS_3_002,12312,4.32
TX_2,FOODS_3_002,12313,4.32
TX_2,FOODS_3_002,12314,4.32
TX_2,FOODS_3_002,12315,4.32
TX_2,FOODS_3_002,12316,4.32
TX_2,FOODS_3_002,12317,3.67
TX_2,FOODS_3_002,12318,3.67
TX_2,FOODS_3_002,12319,4.32
TX_2,FOODS_3_002,12320,4.32
TX_2,FOODS_3_002,12321,4.32
TX_2,FOODS_3_002,12322,4.32
TX_2,FOODS_3_002,12323,4.32
TX_2,FOODS_3_002,12324,4.32
TX_2,FOODS_3_002,12325,4.32
TX_2,FOODS_3_002,12326,4.32
TX_2,FOODS_3_002,12327,3.67
TX_2,FOODS_3_002,12328,4.32
TX_2,FOODS_3_002,12329,4.32
TX_2,FOODS_3_002,12330,4.32
TX_2,FOODS_3_002,12331,4.32
TX_2,FOODS_3_002,12332,4.32
TX_2,FOODS_3_002,12333,4.32
TX_2,FOODS_3_002,12334,4.32
TX_2,FOODS_3_002,12335,3.67
TX_2,FOODS_3_002,12336,4.32
TX_2,FOODS_3_002,12337,4.32
TX_2,FOODS_3_002,12338,4.32
TX_2,FOODS_3_002,12339,3.67
TX_2,FOODS_3_002,12340,4.32
TX_2,FOODS_3_002,12341,4.32
TX_2,FOODS_3_002,12342,4.32
TX_2,FOODS_3_002,12343,4.32
TX_2,FOODS_3_002,12344,4.32
TX_2,FOODS_3_002,12345,4.32
TX_2,FOODS_3_002,12346,4.32
TX_2,FOODS_3_002,12347,4.32
TX_2,FOODS_3_002,12348,3.67
TX_2,FOODS_3_002,12349,4.32
TX_2,FOODS_3_002,12350,4.32
TX_2,FOODS_3_002,12351,4.32
TX_2,FOODS_3_002,12352,4.32
TX_2,FOODS_3_003,12152,5.15
TX_2,FOODS_3_003,12201,5.15
TX_2,FOODS_3_003,12202,5.15
TX_2,FOODS_3_003,12203,5.15
TX_2,FOODS_3_003,12204,5.15
TX_2,FOODS_3_003,12205,4.38
TX_2,FOODS_3_003,12206,4.38
TX_2,FOODS_3_003,12207,5.15
TX_2,FOODS_3_003,12208,5.15
TX_2,FOODS_3_003,12209,5.15
TX_2,FOODS_3_003,12210,5.15
TX_2,FOODS_3_003,12211,5.15
TX_2,FOODS_3_003,12212,5.15
TX_2,FOODS_3_003,12213,5.15
TX_2,FOODS_3_003,12214,4.38
TX_2,FOODS_3_003,12215,5.15
TX_2,FOODS_3_003,12216,5.15
TX_2,FOODS_3_003,12217,5.15
TX_2,FOODS_3_003,12218,5.15
TX_2,FOODS_3_003,12219,5.15
TX_2,FOODS_3_003,12220,5.15
TX_2,FOODS_3_003,12221,4.38
TX_2,FOODS_3_003,12222,5.15
TX_2,FOODS_3_003,12223,5.15
TX_2,FOODS_3_003,12224,5.15
TX_2,FOODS_3_003,12225,4.38
TX_2,FOODS_3_003,12226,5.15
TX_2,FOODS_3_003,12227,5.15
TX_2,FOODS_3_003,12228,5.15
TX_2,FOODS_3_003,12229,4.38
TX_2,FOODS_3_003,12230,4.38
TX_2,FOODS_3_003,12231,5.15
TX_2,FOODS_3_003,12232,4.38
TX_2,FOODS_3_003,12233,5.15
TX_2,FOODS_3_003,12234,5.15
TX_2,FOODS_3_003,12235,5.15
TX_2,FOODS_3_003,12236,5.15
TX_2,FOODS_3_003,12237,4.38
TX_2,FOODS_3_003,12238,5.15
TX_2,FOODS_3_003,12239,4.38
TX_2,FOODS_3_003,12240,5.15
TX_2,FOODS_3_003,12241,5.15
TX_2,FOODS_3_003,12242,4.38
TX_2,FOODS_3_003,12243,5.15
TX_2,FOODS_3_003,12244,5.15
TX_2,FOODS_3_003,12245,5.15
TX_2,FOODS_3_003,12246,4.38
TX_2,FOODS_3_003,12247,5.15
TX_2,FOODS_3_003,12248,4.38
TX_2,FOODS_3_003,12249,5.15
TX_2,FOODS_3_003,12250,5.15
TX_2,FOODS_3_003,12251,5.15
TX_2,FOODS_3_003,12252,5.15
TX_2,FOODS_3_003,12301,5.15
TX_2,FOODS_3_003,12302,5.15
TX_2,FOODS_3_003,12303,4.38
TX_2,FOODS_3_003,12304,5.15
TX_2,FOODS_3_003,12305,5.15
TX_2,FOODS_3_003,12306,5.15
TX_2,FOODS_3_003,12307,5.15
TX_2,FOODS_3_003,12308,5.15
TX_2,FOODS_3_003,12309,4.38
TX_2,FOODS_3_003,12310,5.15
TX_2,FOODS_3_003,12311,4.38
TX_2,FOODS_3_003,12312,5.15
TX_2,FOODS_3_003,12313,4.38
TX_2,FOODS_3_003,12314,5.15
TX_2,FOODS_3_003,12315,5.15
TX_2,FOODS_3_003,12316,5.15
TX_2,FOODS_3_003,12317,5.15
TX_2,FOODS_3_003,12318,5.15
TX_2,FOODS_3_003,12319,4.38
TX_2,FOODS_3_003,12320,4.38
TX_2,FOODS_3_003,12321,5.15
TX_2,FOODS_3_003,12322,5.15
TX_2,FOODS_3_003,12323,5.15
TX_2,FOODS_3_003,12324,5.15
TX_2,FOODS_3_003,12325,5.15
TX_2,FOODS_3_003,12326,5.15
TX_2,FOODS_3_003,12327,5.15
TX_2,FOODS_3_003,12328,5.15
TX_2,FOODS_3_003,12329,5.15
TX_2,FOODS_3_003,12330,5.15
TX_2,FOODS_3_003,12331,5.15
TX_2,FOODS_3_003,12332,5.15
TX_2,FOODS_3_003,12333,5.15
TX_2,FOODS_3_003,12334,5.15
TX_2,FOODS_3_003,12335,5.15
TX_2,FOODS_3_003,12336,5.15
TX_2,FOODS_3_003,12337,5.15
TX_2,FOODS_3_003,12338,5.15
TX_2,FOODS_3_003,12339,5.15
TX_2,FOODS_3_003,12340,5.15
TX_2,FOODS_3_003,12341,5.15
TX_2,FOODS_3_003,12342,5.15
TX_2,FOODS_3_003,12343,5.15
TX_2,FOODS_3_003,12344,5.15
TX_2,FOODS_3_003,12345,4.38
TX_2,FOODS_3_003,12346,5.15
TX_2,FOODS_3_003,12347,4.38
TX_2,FOODS_3_003,12348,4.38
TX_2,FOODS_3_003,12349,5.15
TX_2,FOODS_3_003,12350,5.15
TX_2,FOODS_3_003,12351,4.38
TX_2,FOODS_3_003,12352,5.15
TX_2,FOODS_3_004,12152,5.98
TX_2,FOODS_3_004,12201,5.98
TX_2,FOODS_3_004,12202,5.98
TX_2,FOODS_3_004,12203,5.98
TX_2,FOODS_3_004,12204,5.98
TX_2,FOODS_3_004,12205,5.98
TX_2,FOODS_3_004,12206,5.98
TX_2,FOODS_3_004,12207,5.98
TX_2,FOODS_3_004,12208,5.98
TX_2,FOODS_3_004,12209,5.98
TX_2,FOODS_3_004,12210,5.98
TX_2,FOODS_3_004,12211,5.98
TX_2,FOODS_3_004,12212,5.98
TX_2,FOODS_3_004,12213,5.09
TX_2,FOODS_3_004,12214,5.98
TX_2,FOODS_3_004,12215,5.98
TX_2,FOODS_3_004,12216,5.98
TX_2,FOODS_3_004,12217,5.98
TX_2,FOODS_3_004,12218,5.98
TX_2,FOODS_3_004,12219,5.09
TX_2,FOODS_3_004,12220,5.98
TX_2,FOODS_3_004,12221,5.98
TX_2,FOODS_3_004,12222,5.98
TX_2,FOODS_3_004,12223,5.98
TX_2,FOODS_3_004,12224,5.98
TX_2,FOODS_3_004,12225,5.98
TX_2,FOODS_3_004,12226,5.98
TX_2,FOODS_3_004,12227,5.98
TX_2,FOODS_3_004,12228,5.98
TX_2,FOODS_3_004,12229,5.98
TX_2,FOODS_3_004,12230,5.98
TX_2,FOODS_3_004,12231,5.09
TX_2,FOODS_3_004,12232,5.98
TX_2,FOODS_3_004,12233,5.98
TX_2,FOODS_3_004,12234,5.98
TX_2,FOODS_3_004,12235,5.98
TX_2,FOODS_3_004,12236,5.98
TX_2,FOODS_3_004,12237,5.98
TX_2,FOODS_3_004,12238,5.98
TX_2,FOODS_3_004,12239,5.98
TX_2,FOODS_3_004,12240,5.09
TX_2,FOODS_3_004,12241,5.09
TX_2,FOODS_3_004,12242,5.98
TX_2,FOODS_3_004,12243,5.09
TX_2,FOODS_3_004,12244,5.98
TX_2,FOODS_3_004,12245,5.98
TX_2,FOODS_3_004,12246,5.09
TX_2,FOODS_3_004,12247,5.98
TX_2,FOODS_3_004,12248,5.09
TX_2,FOODS_3_004,12249,5.98
TX_2,FOODS_3_004,12250,5.98
TX_2,FOODS_3_004,12251,5.98
TX_2,FOODS_3_004,12252,5.98
TX_2,FOODS_3_004,12301,5.98
TX_2,FOODS_3_004,12302,5.98
TX_2,FOODS_3_004,12303,5.09
TX_2,FOODS_3_004,12304,5.98
TX_2,FOODS_3_004,12305,5.98
TX_2,FOODS_3_004,12306,5.98
TX_2,FOODS_3_004,12307,5.98
TX_2,FOODS_3_004,12308,5.98
TX_2,FOODS_3_004,12309,5.98
TX_2,FOODS_3_004,12310,5.98
TX_2,FOODS_3_004,12311,5.98
TX_2,FOODS_3_004,12312,5.09
TX_2,FOODS_3_004,12313,5.98
TX_2,FOODS_3_004,12314,5.09
TX_2,FOODS_3_004,12315,5.98
TX_2,FOODS_3_004,12316,5.98
TX_2,FOODS_3_004,12317,5.98
TX_2,FOODS_3_004,12318,5.98
TX_2,FOODS_3_004,12319,5.98
TX_2,FOODS_3_004,12320,5.09
TX_2,FOODS_3_004,12321,5.98
TX_2,FOODS_3_004,12322,5.98
TX_2,FOODS_3_004,12323,5.98
TX_2,FOODS_3_004,12324,5.98
TX_2,FOODS_3_004,12325,5.98
TX_2,FOODS_3_004,12326,5.98
TX_2,FOODS_3_004,12327,5.98
TX_2,FOODS_3_004,12328,5.98
TX_2,FOODS_3_004,12329,5.98
TX_2,FOODS_3_004,12330,5.98
TX_2,FOODS_3_004,12331,5.98
TX_2,FOODS_3_004,12332,5.98
TX_2,FOODS_3_004,12333,5.98
TX_2,FOODS_3_004,12334,5.09
TX_2,FOODS_3_004,12335,5.98
TX_2,FOODS_3_004,12336,5.98
TX_2,FOODS_3_004,12337,5.09
TX_2,FOODS_3_004,12338,5.98
TX_2,FOODS_3_004,12339,5.98
TX_2,FOODS_3_004,12340,5.98
TX_2,FOODS_3_004,12341,5.98
TX_2,FOODS_3_004,12342,5.98
TX_2,FOODS_3_004,12343,5.98
TX_2,FOODS_3_004,12344,5.98
TX_2,FOODS_3_004,12345,5.98
TX_2,FOODS_3_004,12346,5.98
TX_2,FOODS_3_004,12347,5.98
TX_2,FOODS_3_004,12348,5.98
TX_2,FOODS_3_004,12349,5.98
TX_2,FOODS_3_004,12350,5.98
TX_2,FOODS_3_004,12351,5.09
TX_2,FOODS_3_004,12352,5.98
TX_2,HOBBIES_1_001,12152,15.47
TX_2,HOBBIES_1_001,12201,15.47
TX_2,HOBBIES_1_001,12202,15.47
TX_2,HOBBIES_1_001,12203,15.47
TX_2,HOBBIES_1_001,12204,13.15
TX_2,HOBBIES_1_001,12205,15.47
TX_2,HOBBIES_1_001,12206,15.47
TX_2,HOBBIES_1_001,12207,15.47
TX_2,HOBBIES_1_001,12208,15.47
TX_2,HOBBIES_1_001,12209,15.47
TX_2,HOBBIES_1_001,12210,15.47
TX_2,HOBBIES_1_001,12211,15.47
TX_2,HOBBIES_1_001,12212,15.47
TX_2,HOBBIES_1_001,12213,15.47
TX_2,HOBBIES_1_001,12214,15.47
TX_2,HOBBIES_1_001,12215,15.47
TX_2,HOBBIES_1_001,12216,15.47
TX_2,HOBBIES_1_001,12217,15.47
TX_2,HOBBIES_1_001,12218,15.47
TX_2,HOBBIES_1_001,12219,15.47
TX_2,HOBBIES_1_001,12220,15.47
TX_2,HOBBIES_1_001,12221,15.47
TX_2,HOBBIES_1_001,12222,15.47
TX_2,HOBBIES_1_001,12223,15.47
TX_2,HOBBIES_1_001,12224,15.47
TX_2,HOBBIES_1_001,12225,15.47
TX_2,HOBBIES_1_001,12226,15.47
TX_2,HOBBIES_1_001,12227,15.47
TX_2,HOBBIES_1_001,12228,15.47
TX_2,HOBBIES_1_001,12229,15.47
TX_2,HOBBIES_1_001,12230,15.47
TX_2,HOBBIES_1_001,12231,13.15
TX_2,HOBBIES_1_001,12232,15.47
TX_2,HOBBIES_1_001,12233,15.47
TX_2,HOBBIES_1_001,12234,13.15
TX_2,HOBBIES_1_001,12235,15.47
TX_2,HOBBIES_1_001,12236,13.15
TX_2,HOBBIES_1_001,12237,15.47
TX_2,HOBBIES_1_001,12238,13.15
TX_2,HOBBIES_1_001,12239,15.47
TX_2,HOBBIES_1_001,12240,13.15
TX_2,HOBBIES_1_001,12241,15.47
TX_2,HOBBIES_1_001,12242,15.47
TX_2,HOBBIES_1_001,12243,15.47
TX_2,HOBBIES_1_001,12244,13.15
TX_2,HOBBIES_1_001,12245,15.47
TX_2,HOBBIES_1_001,12246,15.47
TX_2,HOBBIES_1_001,12247,15.47
TX_2,HOBBIES_1_001,12248,15.47
TX_2,HOBBIES_1_001,12249,15.47
TX_2,HOBBIES_1_001,12250,15.47
TX_2,HOBBIES_1_001,12251,15.47
TX_2,HOBBIES_1_001,12252,15.47
TX_2,HOBBIES_1_001,12301,15.47
TX_2,HOBBIES_1_001,12302,13.15
TX_2,HOBBIES_1_001,12303,13.15
TX_2,HOBBIES_1_001,12304,13.15
TX_2,HOBBIES_1_001,12305,15.47
TX_2,HOBBIES_1_001,12306,15.47
TX_2,HOBBIES_1_001,12307,15.47
TX_2,HOBBIES_1_001,12308,13.15
TX_2,HOBBIES_1_001,12309,15.47
TX_2,HOBBIES_1_001,12310,15.47
TX_2,HOBBIES_1_001,12311,15.47
TX_2,HOBBIES_1_001,12312,15.47
TX_2,HOBBIES_1_001,12313,15.47
TX_2,HOBBIES_1_001,12314,15.47
TX_2,HOBBIES_1_001,12315,15.47
TX_2,HOBBIES_1_001,12316,15.47
TX_2,HOBBIES_1_001,12317,15.47
TX_2,HOBBIES_1_001,12318,15.47
TX_2,HOBBIES_1_001,12319,15.47
TX_2,HOBBIES_1_001,12320,15.47
TX_2,HOBBIES_1_001,12321,13.15
TX_2,HOBBIES_1_001,12322,15.47
TX_2,HOBBIES_1_001,12323,15.47
TX_2,HOBBIES_1_001,12324,15.47
TX_2,HOBBIES_1_001,12325,15.47
TX_2,HOBBIES_1_001,12326,15.47
TX_2,HOBBIES_1_001,12327,15.47
TX_2,HOBBIES_1_001,12328,15.47
TX_2,HOBBIES_1_001,12329,15.47
TX_2,HOBBIES_1_001,12330,15.47
TX_2,HOBBIES_1_001,12331,15.47
TX_2,HOBBIES_1_001,12332,15.47
TX_2,HOBBIES_1_001,12333,13.15
TX_2,HOBBIES_1_001,12334,15.47
TX_2,HOBBIES_1_001,12335,15.47
TX_2,HOBBIES_1_001,12336,15.47
TX_2,HOBBIES_1_001,12337,15.47
TX_2,HOBBIES_1_001,12338,15.47
TX_2,HOBBIES_1_001,12339,13.15
TX_2,HOBBIES_1_001,12340,15.47
TX_2,HOBBIES_1_001,12341,15.47
TX_2,HOBBIES_1_001,12342,15.47
TX_2,HOBBIES_1_001,12343,13.15
TX_2,HOBBIES_1_001,12344,15.47
TX_2,HOBBIES_1_001,12345,15.47
TX_2,HOBBIES_1_001,12346,15.47
TX_2,HOBBIES_1_001,12347,15.47
TX_2,HOBBIES_1_001,12348,15.47
TX_2,HOBBIES_1_001,12349,15.47
TX_2,HOBBIES_1_001,12350,15.47
TX_2,HOBBIES_1_001,12351,15.47
TX_2,HOBBIES_1_001,12352,15.47
TX_2,HOBBIES_1_002,12152,19.14
TX_2,HOBBIES_1_002,12201,19.14
TX_2,HOBBIES_1_002,12202,19.14
TX_2,HOBBIES_1_002,12203,19.14
TX_2,HOBBIES_1_002,12204,16.27
TX_2,HOBBIES_1_002,12205,19.14
TX_2,HOBBIES_1_002,12206,19.14
TX_2,HOBBIES_1_002,12207,16.27
TX_2,HOBBIES_1_002,12208,19.14
TX_2,HOBBIES_1_002,12209,19.14
TX_2,HOBBIES_1_002,12210,19.14
TX_2,HOBBIES_1_002,12211,19.14
TX_2,HOBBIES_1_002,12212,19.14
TX_2,HOBBIES_1_002,12213,19.14
TX_2,HOBBIES_1_002,12214,19.14
TX_2,HOBBIES_1_002,12215,19.14
TX_2,HOBBIES_1_002,12216,19.14
TX_2,HOBBIES_1_002,12217,19.14
TX_2,HOBBIES_1_002,12218,19.14
TX_2,HOBBIES_1_002,12219,19.14
TX_2,HOBBIES_1_002,12220,19.14
TX_2,HOBBIES_1_002,12221,19.14
TX_2,HOBBIES_1_002,12222,19.14
TX_2,HOBBIES_1_002,12223,16.27
TX_2,HOBBIES_1_002,12224,19.14
TX_2,HOBBIES_1_002,12225,19.14
TX_2,HOBBIES_1_002,12226,19.14
TX_2,HOBBIES_1_002,12227,16.27
TX_2,HOBBIES_1_002,12228,19.14
TX_2,HOBBIES_1_002,12229,19.14
TX_2,HOBBIES_1_002,12230,19.14
TX_2,HOBBIES_1_002,12231,19.14
TX_2,HOBBIES_1_002,12232,19.14
TX_2,HOBBIES_1_002,12233,19.14
TX_2,HOBBIES_1_002,12234,16.27
TX_2,HOBBIES_1_002,12235,19.14
TX_2,HOBBIES_1_002,12236,19.14
TX_2,HOBBIES_1_002,12237,19.14
TX_2,HOBBIES_1_002,12238,19.14
TX_2,HOBBIES_1_002,12239,16.27
TX_2,HOBBIES_1_002,12240,19.14
TX_2,HOBBIES_1_002,12241,19.14
TX_2,HOBBIES_1_002,12242,19.14
TX_2,HOBBIES_1_002,12243,19.14
TX_2,HOBBIES_1_002,12244,19.14
TX_2,HOBBIES_1_002,12245,19.14
TX_2,HOBBIES_1_002,12246,19.14
TX_2,HOBBIES_1_002,12247,19.14
TX_2,HOBBIES_1_002,12248,19.14
TX_2,HOBBIES_1_002,12249,19.14
TX_2,HOBBIES_1_002,12250,19.14
TX_2,HOBBIES_1_002,12251,19.14
TX_2,HOBBIES_1_002,12252,19.14
TX_2,HOBBIES_1_002,12301,19.14
TX_2,HOBBIES_1_002,12302,19.14
TX_2,HOBBIES_1_002,12303,19.14
TX_2,HOBBIES_1_002,12304,19.14
TX_2,HOBBIES_1_002,12305,19.14
TX_2,HOBBIES_1_002,12306,19.14
TX_2,HOBBIES_1_002,12307,19.14
TX_2,HOBBIES_1_002,12308,19.14
TX_2,HOBBIES_1_002,12309,19.14
TX_2,HOBBIES_1_002,12310,19.14
TX_2,HOBBIES_1_002,12311,19.14
TX_2,HOBBIES_1_002,12312,16.27
TX_2,HOBBIES_1_002,12313,19.14
TX_2,HOBBIES_1_002,12314,19.14
TX_2,HOBBIES_1_002,12315,16.27
TX_2,HOBBIES_1_002,12316,19.14
TX_2,HOBBIES_1_002,12317,19.14
TX_2,HOBBIES_1_002,12318,16.27
TX_2,HOBBIES_1_002,12319,19.14
TX_2,HOBBIES_1_002,12320,19.14
TX_2,HOBBIES_1_002,12321,19.14
TX_2,HOBBIES_1_002,12322,16.27
TX_2,HOBBIES_1_002,12323,19.14
TX_2,HOBBIES_1_002,12324,19.14
TX_2,HOBBIES_1_002,12325,19.14
TX_2,HOBBIES_1_002,12326,19.14
TX_2,HOBBIES_1_002,12327,19.14
TX_2,HOBBIES_1_002,12328,16.27
TX_2,HOBBIES_1_002,12329,19.14
TX_2,HOBBIES_1_002,12330,19.14
TX_2,HOBBIES_1_002,12331,19.14
TX_2,HOBBIES_1_002,12332,19.14
TX_2,HOBBIES_1_002,12333,19.14
TX_2,HOBBIES_1_002,12334,19.14
TX_2,HOBBIES_1_002,12335,19.14
TX_2,HOBBIES_1_002,12336,16.27
TX_2,HOBBIES_1_002,12337,19.14
TX_2,HOBBIES_1_002,12338,19.14
TX_2,HOBBIES_1_002,12339,19.14
TX_2,HOBBIES_1_002,12340,19.14
TX_2,HOBBIES_1_002,12341,19.14
TX_2,HOBBIES_1_002,12342,19.14
TX_2,HOBBIES_1_002,12343,19.14
TX_2,HOBBIES_1_002,12344,19.14
TX_2,HOBBIES_1_002,12345,19.14
TX_2,HOBBIES_1_002,12346,19.14
TX_2,HOBBIES_1_002,12347,16.27
TX_2,HOBBIES_1_002,12348,16.27
TX_2,HOBBIES_1_002,12349,19.14
TX_2,HOBBIES_1_002,12350,16.27
TX_2,HOBBIES_1_002,12351,19.14
TX_2,HOBBIES_1_002,12352,16.27
TX_2,HOBBIES_1_003,12152,22.83
TX_2,HOBBIES_1_003,12201,19.4
TX_2,HOBBIES_1_003,12202,22.83
TX_2,HOBBIES_1_003,12203,22.83
TX_2,HOBBIES_1_003,12204,22.83
TX_2,HOBBIES_1_003,12205,22.83
TX_2,HOBBIES_1_003,12206,22.83
TX_2,HOBBIES_1_003,12207,22.83
TX_2,HOBBIES_1_003,12208,19.4
TX_2,HOBBIES_1_003,12209,22.83
TX_2,HOBBIES_1_003,12210,22.83
TX_2,HOBBIES_1_003,12211,22.83
TX_2,HOBBIES_1_003,12212,19.4
TX_2,HOBBIES_1_003,12213,22.83
TX_2,HOBBIES_1_003,12214,22.83
TX_2,HOBBIES_1_003,12215,22.83
TX_2,HOBBIES_1_003,12216,22.83
TX_2,HOBBIES_1_003,12217,22.83
TX_2,HOBBIES_1_003,12218,22.83
TX_2,HOBBIES_1_003,12219,22.83
TX_2,HOBBIES_1_003,12220,22.83
TX_2,HOBBIES_1_003,12221,22.83
TX_2,HOBBIES_1_003,12222,22.83
TX_2,HOBBIES_1_003,12223,19.4
TX_2,HOBBIES_1_003,12224,22.83
TX_2,HOBBIES_1_003,12225,22.83
TX_2,HOBBIES_1_003,12226,22.83
TX_2,HOBBIES_1_003,12227,22.83
TX_2,HOBBIES_1_003,12228,22.83
TX_2,HOBBIES_1_003,12229,22.83
TX_2,HOBBIES_1_003,12230,22.83
TX_2,HOBBIES_1_003,12231,22.83
TX_2,HOBBIES_1_003,12232,22.83
TX_2,HOBBIES_1_003,12233,19.4
TX_2,HOBBIES_1_003,12234,22.83
TX_2,HOBBIES_1_003,12235,22.83
TX_2,HOBBIES_1_003,12236,22.83
TX_2,HOBBIES_1_003,12237,22.83
TX_2,HOBBIES_1_003,12238,22.83
TX_2,HOBBIES_1_003,12239,22.83
TX_2,HOBBIES_1_003,12240,22.83
TX_2,HOBBIES_1_003,12241,22.83
TX_2,HOBBIES_1_003,12242,19.4
TX_2,HOBBIES_1_003,12243,22.83
TX_2,HOBBIES_1_003,12244,22.83
TX_2,HOBBIES_1_003,12245,22.83
TX_2,HOBBIES_1_003,12246,22.83
TX_2,HOBBIES_1_003,12247,22.83
TX_2,HOBBIES_1_003,12248,22.83
TX_2,HOBBIES_1_003,12249,22.83
TX_2,HOBBIES_1_003,12250,19.4
TX_2,HOBBIES_1_003,12251,22.83
TX_2,HOBBIES_1_003,12252,19.4
TX_2,HOBBIES_1_003,12301,22.83
TX_2,HOBBIES_1_003,12302,22.83
TX_2,HOBBIES_1_003,12303,22.83
TX_2,HOBBIES_1_003,12304,22.83
TX_2,HOBBIES_1_003,12305,22.83
TX_2,HOBBIES_1_003,12306,22.83
TX_2,HOBBIES_1_003,12307,22.83
TX_2,HOBBIES_1_003,12308,22.83
TX_2,HOBBIES_1_003,12309,22.83
TX_2,HOBBIES_1_003,12310,19.4
TX_2,HOBBIES_1_003,12311,22.83
TX_2,HOBBIES_1_003,12312,22.83
TX_2,HOBBIES_1_003,12313,19.4
TX_2,HOBBIES_1_003,12314,22.83
TX_2,HOBBIES_1_003,12315,22.83
TX_2,HOBBIES_1_003,12316,19.4
TX_2,HOBBIES_1_003,12317,22.83
TX_2,HOBBIES_1_003,12318,22.83
TX_2,HOBBIES_1_003,12319,22.83
TX_2,HOBBIES_1_003,12320,22.83
TX_2,HOBBIES_1_003,12321,22.83
TX_2,HOBBIES_1_003,12322,19.4
TX_2,HOBBIES_1_003,12323,22.83
TX_2,HOBBIES_1_003,12324,22.83
TX_2,HOBBIES_1_003,12325,22.83
TX_2,HOBBIES_1_003,12326,22.83
TX_2,HOBBIES_1_003,12327,22.83
TX_2,HOBBIES_1_003,12328,22.83
TX_2,HOBBIES_1_003,12329,22.83
TX_2,HOBBIES_1_003,12330,22.83
TX_2,HOBBIES_1_003,12331,22.83
TX_2,HOBBIES_1_003,12332,22.83
TX_2,HOBBIES_1_003,12333,22.83
TX_2,HOBBIES_1_003,12334,22.83
TX_2,HOBBIES_1_003,12335,22.83
TX_2,HOBBIES_1_003,12336,22.83
TX_2,HOBBIES_1_003,12337,22.83
TX_2,HOBBIES_1_003,12338,22.83
TX_2,HOBBIES_1_003,12339,22.83
TX_2,HOBBIES_1_003,12340,22.83
TX_2,HOBBIES_1_003,12341,22.83
TX_2,HOBBIES_1_003,12342,22.83
TX_2,HOBBIES_1_003,12343,22.83
TX_2,HOBBIES_1_003,12344,19.4
TX_2,HOBBIES_1_003,12345,22.83
TX_2,HOBBIES_1_003,12346,22.83
TX_2,HOBBIES_1_003,12347,22.83
TX_2,HOBBIES_1_003,12348,22.83
TX_2,HOBBIES_1_003,12349,22.83
TX_2,HOBBIES_1_003,12350,22.83
TX_2,HOBBIES_1_003,12351,22.83
TX_2,HOBBIES_1_003,12352,19.4
TX_2,HOBBIES_1_004,12152,26.5
TX_2,HOBBIES_1_004,12201,26.5
TX_2,HOBBIES_1_004,12202,26.5
TX_2,HOBBIES_1_004,12203,26.5
TX_2,HOBBIES_1_004,12204,26.5
TX_2,HOBBIES_1_004,12205,26.5
TX_2,HOBBIES_1_004,12206,26.5
TX_2,HOBBIES_1_004,12207,26.5
TX_2,HOBBIES_1_004,12208,26.5
TX_2,HOBBIES_1_004,12209,26.5
TX_2,HOBBIES_1_004,12210,26.5
TX_2,HOBBIES_1_004,12211,26.5
TX_2,HOBBIES_1_004,12212,26.5
TX_2,HOBBIES_1_004,12213,26.5
TX_2,HOBBIES_1_004,12214,26.5
TX_2,HOBBIES_1_004,12215,26.5
TX_2,HOBBIES_1_004,12216,26.5
TX_2,HOBBIES_1_004,12217,26.5
TX_2,HOBBIES_1_004,12218,26.5
TX_2,HOBBIES_1_004,12219,26.5
TX_2,HOBBIES_1_004,12220,26.5
TX_2,HOBBIES_1_004,12221,26.5
TX_2,HOBBIES_1_004,12222,22.53
TX_2,HOBBIES_1_004,12223,26.5
TX_2,HOBBIES_1_004,12224,26.5
TX_2,HOBBIES_1_004,12225,26.5
TX_2,HOBBIES_1_004,12226,26.5
TX_2,HOBBIES_1_004,12227,26.5
TX_2,HOBBIES_1_004,12228,26.5
TX_2,HOBBIES_1_004,12229,26.5
TX_2,HOBBIES_1_004,12230,26.5
TX_2,HOBBIES_1_004,12231,26.5
TX_2,HOBBIES_1_004,12232,26.5
TX_2,HOBBIES_1_004,12233,22.53
TX_2,HOBBIES_1_004,12234,26.5
TX_2,HOBBIES_1_004,12235,26.5
TX_2,HOBBIES_1_004,12236,22.53
TX_2,HOBBIES_1_004,12237,26.5
TX_2,HOBBIES_1_004,12238,26.5
TX_2,HOBBIES_1_004,12239,26.5
TX_2,HOBBIES_1_004,12240,26.5
TX_2,HOBBIES_1_004,12241,26.5
TX_2,HOBBIES_1_004,12242,26.5
TX_2,HOBBIES_1_004,12243,26.5
TX_2,HOBBIES_1_004,12244,26.5
TX_2,HOBBIES_1_004,12245,26.5
TX_2,HOBBIES_1_004,12246,26.5
TX_2,HOBBIES_1_004,12247,26.5
TX_2,HOBBIES_1_004,12248,26.5
TX_2,HOBBIES_1_004,12249,26.5
TX_2,HOBBIES_1_004,12250,26.5
TX_2,HOBBIES_1_004,12251,26.5
TX_2,HOBBIES_1_004,12252,26.5
TX_2,HOBBIES_1_004,12301,26.5
TX_2,HOBBIES_1_004,12302,26.5
TX_2,HOBBIES_1_004,12303,26.5
TX_2,HOBBIES_1_004,12304,26.5
TX_2,HOBBIES_1_004,12305,26.5
TX_2,HOBBIES_1_004,12306,26.5
TX_2,HOBBIES_1_004,12307,26.5
TX_2,HOBBIES_1_004,12308,26.5
TX_2,HOBBIES_1_004,12309,26.5
TX_2,HOBBIES_1_004,12310,26.5
TX_2,HOBBIES_1_004,12311,22.53
TX_2,HOBBIES_1_004,12312,26.5
TX_2,HOBBIES_1_004,12313,26.5
TX_2,HOBBIES_1_004,12314,26.5
TX_2,HOBBIES_1_004,12315,26.5
TX_2,HOBBIES_1_004,12316,26.5
TX_2,HOBBIES_1_004,12317,26.5
TX_2,HOBBIES_1_004,12318,26.5
TX_2,HOBBIES_1_004,12319,26.5
TX_2,HOBBIES_1_004,12320,26.5
TX_2,HOBBIES_1_004,12321,26.5
TX_2,HOBBIES_1_004,12322,26.5
TX_2,HOBBIES_1_004,12323,26.5
TX_2,HOBBIES_1_004,12324,26.5
TX_2,HOBBIES_1_004,12325,26.5
TX_2,HOBBIES_1_004,12326,22.53
TX_2,HOBBIES_1_004,12327,26.5
TX_2,HOBBIES_1_004,12328,26.5
TX_2,HOBBIES_1_004,12329,26.5
TX_2,HOBBIES_1_004,12330,22.53
TX_2,HOBBIES_1_004,12331,26.5
TX_2,HOBBIES_1_004,12332,26.5
TX_2,HOBBIES_1_004,12333,26.5
TX_2,HOBBIES_1_004,12334,26.5
TX_2,HOBBIES_1_004,12335,26.5
TX_2,HOBBIES_1_004,12336,26.5
TX_2,HOBBIES_1_004,12337,22.53
TX_2,HOBBIES_1_004,12338,26.5
TX_2,HOBBIES_1_004,12339,22.53
TX_2,HOBBIES_1_004,12340,26.5
TX_2,HOBBIES_1_004,12341,26.5
TX_2,HOBBIES_1_004,12342,26.5
TX_2,HOBBIES_1_004,12343,26.5
TX_2,HOBBIES_1_004,12344,22.53
TX_2,HOBBIES_1_004,12345,26.5
TX_2,HOBBIES_1_004,12346,22.53
TX_2,HOBBIES_1_004,12347,26.5
TX_2,HOBBIES_1_004,12348,26.5
TX_2,HOBBIES_1_004,12349,26.5
TX_2,HOBBIES_1_004,12350,26.5
TX_2,HOBBIES_1_004,12351,26.5
TX_2,HOBBIES_1_004,12352,22.53
TX_2,HOBBIES_2_001,12152,13.15
TX_2,HOBBIES_2_001,12201,13.15
TX_2,HOBBIES_2_001,12202,15.47
TX_2,HOBBIES_2_001,12203,15.47
TX_2,HOBBIES_2_001,12204,15.47
TX_2,HOBBIES_2_001,12205,15.47
TX_2,HOBBIES_2_001,12206,15.47
TX_2,HOBBIES_2_001,12207,15.47
TX_2,HOBBIES_2_001,12208,15.47
TX_2,HOBBIES_2_001,12209,15.47
TX_2,HOBBIES_2_001,12210,13.15
TX_2,HOBBIES_2_001,12211,15.47
TX_2,HOBBIES_2_001,12212,15.47
TX_2,HOBBIES_2_001,12213,15.47
TX_2,HOBBIES_2_001,12214,15.47
TX_2,HOBBIES_2_001,12215,15.47
TX_2,HOBBIES_2_001,12216,15.47
TX_2,HOBBIES_2_001,12217,15.47
TX_2,HOBBIES_2_001,12218,15.47
TX_2,HOBBIES_2_001,12219,15.47
TX_2,HOBBIES_2_001,12220,15.47
TX_2,HOBBIES_2_001,12221,15.47
TX_2,HOBBIES_2_001,12222,15.47
TX_2,HOBBIES_2_001,12223,15.47
TX_2,HOBBIES_2_001,12224,15.47
TX_2,HOBBIES_2_001,12225,15.47
TX_2,HOBBIES_2_001,12226,15.47
TX_2,HOBBIES_2_001,12227,13.15
TX_2,HOBBIES_2_001,12228,15.47
TX_2,HOBBIES_2_001,12229,13.15
TX_2,HOBBIES_2_001,12230,15.47
TX_2,HOBBIES_2_001,12231,15.47
TX_2,HOBBIES_2_001,12232,15.47
TX_2,HOBBIES_2_001,12233,13.15
TX_2,HOBBIES_2_001,12234,15.47
TX_2,HOBBIES_2_001,12235,15.47
TX_2,HOBBIES_2_001,12236,15.47
TX_2,HOBBIES_2_001,12237,13.15
TX_2,HOBBIES_2_001,12238,15.47
TX_2,HOBBIES_2_001,12239,15.47
TX_2,HOBBIES_2_001,12240,13.15
TX_2,HOBBIES_2_001,12241,15.47
TX_2,HOBBIES_2_001,12242,15.47
TX_2,HOBBIES_2_001,12243,15.47
TX_2,HOBBIES_2_001,12244,15.47
TX_2,HOBBIES_2_001,12245,15.47
TX_2,HOBBIES_2_001,12246,15.47
TX_2,HOBBIES_2_001,12247,15.47
TX_2,HOBBIES_2_001,12248,15.47
TX_2,HOBBIES_2_001,12249,15.47
TX_2,HOBBIES_2_001,12250,15.47
TX_2,HOBBIES_2_001,12251,15.47
TX_2,HOBBIES_2_001,12252,15.47
TX_2,HOBBIES_2_001,12301,15.47
TX_2,HOBBIES_2_001,12302,15.47
TX_2,HOBBIES_2_001,12303,15.47
TX_2,HOBBIES_2_001,12304,13.15
TX_2,HOBBIES_2_001,12305,15.47
TX_2,HOBBIES_2_001,12306,15.47
TX_2,HOBBIES_2_001,12307,15.47
TX_2,HOBBIES_2_001,12308,13.15
TX_2,HOBBIES_2_001,12309,15.47
TX_2,HOBBIES_2_001,12310,13.15
TX_2,HOBBIES_2_001,12311,15.47
TX_2,HOBBIES_2_001,12312,13.15
TX_2,HOBBIES_2_001,12313,15.47
TX_2,HOBBIES_2_001,12314,15.47
TX_2,HOBBIES_2_001,12315,15.47
TX_2,HOBBIES_2_001,12316,15.47
TX_2,HOBBIES_2_001,12317,15.47
TX_2,HOBBIES_2_001,12318,15.47
TX_2,HOBBIES_2_001,12319,15.47
TX_2,HOBBIES_2_001,12320,15.47
TX_2,HOBBIES_2_001,12321,15.47
TX_2,HOBBIES_2_001,12322,15.47
TX_2,HOBBIES_2_001,12323,15.47
TX_2,HOBBIES_2_001,12324,15.47
TX_2,HOBBIES_2_001,12325,15.47
TX_2,HOBBIES_2_001,12326,13.15
TX_2,HOBBIES_2_001,12327,15.47
TX_2,HOBBIES_2_001,12328,15.47
TX_2,HOBBIES_2_001,12329,15.47
TX_2,HOBBIES_2_001,12330,15.47
TX_2,HOBBIES_2_001,12331,15.47
TX_2,HOBBIES_2_001,12332,15.47
TX_2,HOBBIES_2_001,12333,15.47
TX_2,HOBBIES_2_001,12334,13.15
TX_2,HOBBIES_2_001,12335,15.47
TX_2,HOBBIES_2_001,12336,15.47
TX_2,HOBBIES_2_001,12337,13.15
TX_2,HOBBIES_2_001,12338,15.47
TX_2,HOBBIES_2_001,12339,15.47
TX_2,HOBBIES_2_001,12340,15.47
TX_2,HOBBIES_2_001,12341,15.47
TX_2,HOBBIES_2_001,12342,15.47
TX_2,HOBBIES_2_001,12343,15.47
TX_2,HOBBIES_2_001,12344,15.47
TX_2,HOBBIES_2_001,12345,15.47
TX_2,HOBBIES_2_001,12346,13.15
TX_2,HOBBIES_2_001,12347,15.47
TX_2,HOBBIES_2_001,12348,15.47
TX_2,HOBBIES_2_001,12349,15.47
TX_2,HOBBIES_2_001,12350,15.47
TX_2,HOBBIES_2_001,12351,15.47
TX_2,HOBBIES_2_001,12352,15.47
TX_2,HOBBIES_2_002,12152,19.14
TX_2,HOBBIES_2_002,12201,19.14
TX_2,HOBBIES_2_002,12202,19.14
TX_2,HOBBIES_2_002,12203,19.14
TX_2,HOBBIES_2_002,12204,19.14
TX_2,HOBBIES_2_002,12205,19.14
TX_2,HOBBIES_2_002,12206,19.14
TX_2,HOBBIES_2_002,12207,16.27
TX_2,HOBBIES_2_002,12208,19.14
TX_2,HOBBIES_2_002,12209,19.14
TX_2,HOBBIES_2_002,12210,19.14
TX_2,HOBBIES_2_002,12211,19.14
TX_2,HOBBIES_2_002,12212,19.14
TX_2,HOBBIES_2_002,12213,16.27
TX_2,HOBBIES_2_002,12214,19.14
TX_2,HOBBIES_2_002,12215,19.14
TX_2,HOBBIES_2_002,12216,19.14
TX_2,HOBBIES_2_002,12217,19.14
TX_2,HOBBIES_2_002,12218,19.14
TX_2,HOBBIES_2_002,12219,19.14
TX_2,HOBBIES_2_002,12220,19.14
TX_2,HOBBIES_2_002,12221,19.14
TX_2,HOBBIES_2_002,12222,19.14
TX_2,HOBBIES_2_002,12223,19.14
TX_2,HOBBIES_2_002,12224,19.14
TX_2,HOBBIES_2_002,12225,19.14
TX_2,HOBBIES_2_002,12226,19.14
TX_2,HOBBIES_2_002,12227,19.14
TX_2,HOBBIES_2_002,12228,19.14
TX_2,HOBBIES_2_002,12229,19.14
TX_2,HOBBIES_2_002,12230,19.14
TX_2,HOBBIES_2_002,12231,19.14
TX_2,HOBBIES_2_002,12232,19.14
TX_2,HOBBIES_2_002,12233,19.14
TX_2,HOBBIES_2_002,12234,19.14
TX_2,HOBBIES_2_002,12235,19.14
TX_2,HOBBIES_2_002,12236,19.14
TX_2,HOBBIES_2_002,12237,19.14
TX_2,HOBBIES_2_002,12238,19.14
TX_2,HOBBIES_2_002,12239,19.14
TX_2,HOBBIES_2_002,12240,16.27
TX_2,HOBBIES_2_002,12241,19.14
TX_2,HOBBIES_2_002,12242,19.14
TX_2,HOBBIES_2_002,12243,19.14
TX_2,HOBBIES_2_002,12244,19.14
TX_2,HOBBIES_2_002,12245,19.14
TX_2,HOBBIES_2_002,12246,19.14
TX_2,HOBBIES_2_002,12247,19.14
TX_2,HOBBIES_2_002,12248,19.14
TX_2,HOBBIES_2_002,12249,19.14
TX_2,HOBBIES_2_002,12250,19.14
TX_2,HOBBIES_2_002,12251,19.14
TX_2,HOBBIES_2_002,12252,19.14
TX_2,HOBBIES_2_002,12301,19.14
TX_2,HOBBIES_2_002,12302,19.14
TX_2,HOBBIES_2_002,12303,19.14
TX_2,HOBBIES_2_002,12304,16.27
TX_2,HOBBIES_2_002,12305,19.14
TX_2,HOBBIES_2_002,12306,19.14
TX_2,HOBBIES_2_002,12307,19.14
TX_2,HOBBIES_2_002,12308,16.27
TX_2,HOBBIES_2_002,12309,16.27
TX_2,HOBBIES_2_002,12310,19.14
TX_2,HOBBIES_2_002,12311,19.14
TX_2,HOBBIES_2_002,12312,16.27
TX_2,HOBBIES_2_002,12313,19.14
TX_2,HOBBIES_2_002,12314,19.14
TX_2,HOBBIES_2_002,12315,19.14
TX_2,HOBBIES_2_002,12316,19.14
TX_2,HOBBIES_2_002,12317,16.27
TX_2,HOBBIES_2_002,12318,19.14
TX_2,HOBBIES_2_002,12319,19.14
TX_2,HOBBIES_2_002,12320,19.14
TX_2,HOBBIES_2_002,12321,19.14
TX_2,HOBBIES_2_002,12322,19.14
TX_2,HOBBIES_2_002,12323,19.14
TX_2,HOBBIES_2_002,12324,19.14
TX_2,HOBBIES_2_002,12325,19.14
TX_2,HOBBIES_2_002,12326,19.14
TX_2,HOBBIES_2_002,12327,19.14
TX_2,HOBBIES_2_002,12328,19.14
TX_2,HOBBIES_2_002,12329,19.14
TX_2,HOBBIES_2_002,12330,16.27
TX_2,HOBBIES_2_002,12331,19.14
TX_2,HOBBIES_2_002,12332,19.14
TX_2,HOBBIES_2_002,12333,19.14
TX_2,HOBBIES_2_002,12334,16.27
TX_2,HOBBIES_2_002,12335,19.14
TX_2,HOBBIES_2_002,12336,19.14
TX_2,HOBBIES_2_002,12337,19.14
TX_2,HOBBIES_2_002,12338,19.14
TX_2,HOBBIES_2_002,12339,19.14
TX_2,HOBBIES_2_002,12340,19.14
TX_2,HOBBIES_2_002,12341,19.14
TX_2,HOBBIES_2_002,12342,19.14
TX_2,HOBBIES_2_002,12343,19.14
TX_2,HOBBIES_2_002,12344,19.14
TX_2,HOBBIES_2_002,12345,19.14
TX_2,HOBBIES_2_002,12346,19.14
TX_2,HOBBIES_2_002,12347,16.27
TX_2,HOBBIES_2_002,12348,19.14
TX_2,HOBBIES_2_002,12349,19.14
TX_2,HOBBIES_2_002,12350,19.14
TX_2,HOBBIES_2_002,12351,19.14
TX_2,HOBBIES_2_002,12352,16.27
TX_2,HOBBIES_2_003,12152,22.83
TX_2,HOBBIES_2_003,12201,22.83
TX_2,HOBBIES_2_003,12202,22.83
TX_2,HOBBIES_2_003,12203,22.83
TX_2,HOBBIES_2_003,12204,22.83
TX_2,HOBBIES_2_003,12205,19.4
TX_2,HOBBIES_2_003,12206,22.83
TX_2,HOBBIES_2_003,12207,22.83
TX_2,HOBBIES_2_003,12208,19.4
TX_2,HOBBIES_2_003,12209,22.83
TX_2,HOBBIES_2_003,12210,22.83
TX_2,HOBBIES_2_003,12211,22.83
TX_2,HOBBIES_2_003,12212,22.83
TX_2,HOBBIES_2_003,12213,22.83
TX_2,HOBBIES_2_003,12214,22.83
TX_2,HOBBIES_2_003,12215,22.83
TX_2,HOBBIES_2_003,12216,22.83
TX_2,HOBBIES_2_003,12217,22.83
TX_2,HOBBIES_2_003,12218,22.83
TX_2,HOBBIES_2_003,12219,22.83
TX_2,HOBBIES_2_003,12220,22.83
TX_2,HOBBIES_2_003,12221,22.83
TX_2,HOBBIES_2_003,12222,22.83
TX_2,HOBBIES_2_003,12223,22.83
TX_2,HOBBIES_2_003,12224,22.83
TX_2,HOBBIES_2_003,12225,22.83
TX_2,HOBBIES_2_003,12226,22.83
TX_2,HOBBIES_2_003,12227,22.83
TX_2,HOBBIES_2_003,12228,22.83
TX_2,HOBBIES_2_003,12229,22.83
TX_2,HOBBIES_2_003,12230,22.83
TX_2,HOBBIES_2_003,12231,22.83
TX_2,HOBBIES_2_003,12232,22.83
TX_2,HOBBIES_2_003,12233,22.83
TX_2,HOBBIES_2_003,12234,22.83
TX_2,HOBBIES_2_003,12235,22.83
TX_2,HOBBIES_2_003,12236,22.83
TX_2,HOBBIES_2_003,12237,22.83
TX_2,HOBBIES_2_003,12238,22.83
TX_2,HOBBIES_2_003,12239,19.4
TX_2,HOBBIES_2_003,12240,22.83
TX_2,HOBBIES_2_003,12241,22.83
TX_2,HOBBIES_2_003,12242,22.83
TX_2,HOBBIES_2_003,12243,22.83
TX_2,HOBBIES_2_003,12244,22.83
TX_2,HOBBIES_2_003,12245,22.83
TX_2,HOBBIES_2_003,12246,22.83
TX_2,HOBBIES_2_003,12247,22.83
TX_2,HOBBIES_2_003,12248,22.83
TX_2,HOBBIES_2_003,12249,22.83
TX_2,HOBBIES_2_003,12250,19.4
TX_2,HOBBIES_2_003,12251,22.83
TX_2,HOBBIES_2_003,12252,22.83
TX_2,HOBBIES_2_003,12301,22.83
TX_2,HOBBIES_2_003,12302,22.83
TX_2,HOBBIES_2_003,12303,22.83
TX_2,HOBBIES_2_003,12304,22.83
TX_2,HOBBIES_2_003,12305,22.83
TX_2,HOBBIES_2_003,12306,22.83
TX_2,HOBBIES_2_003,12307,22.83
TX_2,HOBBIES_2_003,12308,22.83
TX_2,HOBBIES_2_003,12309,22.83
TX_2,HOBBIES_2_003,12310,22.83
TX_2,HOBBIES_2_003,12311,22.83
TX_2,HOBBIES_2_003,12312,22.83
TX_2,HOBBIES_2_003,12313,19.4
TX_2,HOBBIES_2_003,12314,22.83
TX_2,HOBBIES_2_003,12315,22.83
TX_2,HOBBIES_2_003,12316,22.83
TX_2,HOBBIES_2_003,12317,22.83
TX_2,HOBBIES_2_003,12318,22.83
TX_2,HOBBIES_2_003,12319,22.83
TX_2,HOBBIES_2_003,12320,22.83
TX_2,HOBBIES_2_003,12321,22.83
TX_2,HOBBIES_2_003,12322,22.83
TX_2,HOBBIES_2_003,12323,19.4
TX_2,HOBBIES_2_003,12324,22.83
TX_2,HOBBIES_2_003,12325,19.4
TX_2,HOBBIES_2_003,12326,22.83
TX_2,HOBBIES_2_003,12327,22.83
TX_2,HOBBIES_2_003,12328,22.83
TX_2,HOBBIES_2_003,12329,22.83
TX_2,HOBBIES_2_003,12330,22.83
TX_2,HOBBIES_2_003,12331,19.4
TX_2,HOBBIES_2_003,12332,22.83
TX_2,HOBBIES_2_003,12333,22.83
TX_2,HOBBIES_2_003,12334,22.83
TX_2,HOBBIES_2_003,12335,22.83
TX_2,HOBBIES_2_003,12336,22.83
TX_2,HOBBIES_2_003,12337,19.4
TX_2,HOBBIES_2_003,12338,22.83
TX_2,HOBBIES_2_003,12339,22.83
TX_2,HOBBIES_2_003,12340,19.4
TX_2,HOBBIES_2_003,12341,22.83
TX_2,HOBBIES_2_003,12342,22.83
TX_2,HOBBIES_2_003,12343,19.4
TX_2,HOBBIES_2_003,12344,22.83
TX_2,HOBBIES_2_003,12345,22.83
TX_2,HOBBIES_2_003,12346,22.83
TX_2,HOBBIES_2_003,12347,22.83
TX_2,HOBBIES_2_003,12348,22.83
TX_2,HOBBIES_2_003,12349,22.83
TX_2,HOBBIES_2_003,12350,19.4
TX_2,HOBBIES_2_003,12351,22.83
TX_2,HOBBIES_2_003,12352,22.83
TX_2,HOBBIES_2_004,12152,26.5
TX_2,HOBBIES_2_004,12201,26.5
TX_2,HOBBIES_2_004,12202,26.5
TX_2,HOBBIES_2_004,12203,26.5
TX_2,HOBBIES_2_004,12204,26.5
TX_2,HOBBIES_2_004,12205,26.5
TX_2,HOBBIES_2_004,12206,22.53
TX_2,HOBBIES_2_004,12207,26.5
TX_2,HOBBIES_2_004,12208,22.53
TX_2,HOBBIES_2_004,12209,26.5
TX_2,HOBBIES_2_004,12210,26.5
TX_2,HOBBIES_2_004,12211,22.53
TX_2,HOBBIES_2_004,12212,26.5
TX_2,HOBBIES_2_004,12213,26.5
TX_2,HOBBIES_2_004,12214,26.5
TX_2,HOBBIES_2_004,12215,26.5
TX_2,HOBBIES_2_004,12216,22.53
TX_2,HOBBIES_2_004,12217,26.5
TX_2,HOBBIES_2_004,12218,26.5
TX_2,HOBBIES_2_004,12219,26.5
TX_2,HOBBIES_2_004,12220,26.5
TX_2,HOBBIES_2_004,12221,26.5
TX_2,HOBBIES_2_004,12222,26.5
TX_2,HOBBIES_2_004,12223,26.5
TX_2,HOBBIES_2_004,12224,26.5
TX_2,HOBBIES_2_004,12225,26.5
TX_2,HOBBIES_2_004,12226,26.5
TX_2,HOBBIES_2_004,12227,26.5
TX_2,HOBBIES_2_004,12228,26.5
TX_2,HOBBIES_2_004,12229,22.53
TX_2,HOBBIES_2_004,12230,26.5
TX_2,HOBBIES_2_004,12231,26.5
TX_2,HOBBIES_2_004,12232,26.5
TX_2,HOBBIES_2_004,12233,26.5
TX_2,HOBBIES_2_004,12234,22.53
TX_2,HOBBIES_2_004,12235,26.5
TX_2,HOBBIES_2_004,12236,26.5
TX_2,HOBBIES_2_004,12237,26.5
TX_2,HOBBIES_2_004,12238,26.5
TX_2,HOBBIES_2_004,12239,26.5
TX_2,HOBBIES_2_004,12240,26.5
TX_2,HOBBIES_2_004,12241,26.5
TX_2,HOBBIES_2_004,12242,22.53
TX_2,HOBBIES_2_004,12243,26.5
TX_2,HOBBIES_2_004,12244,26.5
TX_2,HOBBIES_2_004,12245,26.5
TX_2,HOBBIES_2_004,12246,26.5
TX_2,HOBBIES_2_004,12247,22.53
TX_2,HOBBIES_2_004,12248,26.5
TX_2,HOBBIES_2_004,12249,22.53
TX_2,HOBBIES_2_004,12250,26.5
TX_2,HOBBIES_2_004,12251,22.53
TX_2,HOBBIES_2_004,12252,26.5
TX_2,HOBBIES_2_004,12301,26.5
TX_2,HOBBIES_2_004,12302,26.5
TX_2,HOBBIES_2_004,12303,22.53
TX_2,HOBBIES_2_004,12304,26.5
TX_2,HOBBIES_2_004,12305,26.5
TX_2,HOBBIES_2_004,12306,26.5
TX_2,HOBBIES_2_004,12307,26.5
TX_2,HOBBIES_2_004,12308,26.5
TX_2,HOBBIES_2_004,12309,26.5
TX_2,HOBBIES_2_004,12310,26.5
TX_2,HOBBIES_2_004,12311,22.53
TX_2,HOBBIES_2_004,12312,26.5
TX_2,HOBBIES_2_004,12313,26.5
TX_2,HOBBIES_2_004,12314,22.53
TX_2,HOBBIES_2_004,12315,26.5
TX_2,HOBBIES_2_004,12316,26.5
TX_2,HOBBIES_2_004,12317,26.5
TX_2,HOBBIES_2_004,12318,26.5
TX_2,HOBBIES_2_004,12319,22.53
TX_2,HOBBIES_2_004,12320,26.5
TX_2,HOBBIES_2_004,12321,26.5
TX_2,HOBBIES_2_004,12322,22.53
TX_2,HOBBIES_2_004,12323,26.5
TX_2,HOBBIES_2_004,12324,22.53
TX_2,HOBBIES_2_004,12325,26.5
TX_2,HOBBIES_2_004,12326,26.5
TX_2,HOBBIES_2_004,12327,26.5
TX_2,HOBBIES_2_004,12328,26.5
TX_2,HOBBIES_2_004,12329,22.53
TX_2,HOBBIES_2_004,12330,26.5
TX_2,HOBBIES_2_004,12331,22.53
TX_2,HOBBIES_2_004,12332,26.5
TX_2,HOBBIES_2_004,12333,26.5
TX_2,HOBBIES_2_004,12334,26.5
TX_2,HOBBIES_2_004,12335,26.5
TX_2,HOBBIES_2_004,12336,26.5
TX_2,HOBBIES_2_004,12337,26.5
TX_2,HOBBIES_2_004,12338,26.5
TX_2,HOBBIES_2_004,12339,26.5
TX_2,HOBBIES_2_004,12340,26.5
TX_2,HOBBIES_2_004,12341,26.5
TX_2,HOBBIES_2_004,12342,26.5
TX_2,HOBBIES_2_004,12343,22.53
TX_2,HOBBIES_2_004,12344,26.5
TX_2,HOBBIES_2_004,12345,26.5
TX_2,HOBBIES_2_004,12346,26.5
TX_2,HOBBIES_2_004,12347,26.5
TX_2,HOBBIES_2_004,12348,22.53
TX_2,HOBBIES_2_004,12349,22.53
TX_2,HOBBIES_2_004,12350,26.5
TX_2,HOBBIES_2_004,12351,26.5
TX_2,HOBBIES_2_004,12352,26.5
TX_2,HOUSEHOLD_1_001,12152,9.97
TX_2,HOUSEHOLD_1_001,12201,9.97
TX_2,HOUSEHOLD_1_001,12202,9.97
TX_2,HOUSEHOLD_1_001,12203,8.47
TX_2,HOUSEHOLD_1_001,12204,9.97
TX_2,HOUSEHOLD_1_001,12205,9.97
TX_2,HOUSEHOLD_1_001,12206,9.97
TX_2,HOUSEHOLD_1_001,12207,9.97
TX_2,HOUSEHOLD_1_001,12208,9.97
TX_2,HOUSEHOLD_1_001,12209,9.97
TX_2,HOUSEHOLD_1_001,12210,9.97
TX_2,HOUSEHOLD_1_001,12211,9.97
TX_2,HOUSEHOLD_1_001,12212,9.97
TX_2,HOUSEHOLD_1_001,12213,9.97
TX_2,HOUSEHOLD_1_001,12214,9.97
TX_2,HOUSEHOLD_1_001,12215,9.97
TX_2,HOUSEHOLD_1_001,12216,9.97
TX_2,HOUSEHOLD_1_001,12217,9.97
TX_2,HOUSEHOLD_1_001,12218,8.47
TX_2,HOUSEHOLD_1_001,12219,8.47
TX_2,HOUSEHOLD_1_001,12220,9.97
TX_2,HOUSEHOLD_1_001,12221,9.97
TX_2,HOUSEHOLD_1_001,12222,9.97
TX_2,HOUSEHOLD_1_001,12223,9.97
TX_2,HOUSEHOLD_1_001,12224,9.97
TX_2,HOUSEHOLD_1_001,12225,9.97
TX_2,HOUSEHOLD_1_001,12226,8.47
TX_2,HOUSEHOLD_1_001,12227,9.97
TX_2,HOUSEHOLD_1_001,12228,9.97
TX_2,HOUSEHOLD_1_001,12229,9.97
TX_2,HOUSEHOLD_1_001,12230,9.97
TX_2,HOUSEHOLD_1_001,12231,9.97
TX_2,HOUSEHOLD_1_001,12232,9.97
TX_2,HOUSEHOLD_1_001,12233,8.47
TX_2,HOUSEHOLD_1_001,12234,9.97
TX_2,HOUSEHOLD_1_001,12235,9.97
TX_2,HOUSEHOLD_1_001,12236,9.97
TX_2,HOUSEHOLD_1_001,12237,9.97
TX_2,HOUSEHOLD_1_001,12238,9.97
TX_2,HOUSEHOLD_1_001,12239,9.97
TX_2,HOUSEHOLD_1_001,12240,9.97
TX_2,HOUSEHOLD_1_001,12241,9.97
TX_2,HOUSEHOLD_1_001,12242,9.97
TX_2,HOUSEHOLD_1_001,12243,9.97
TX_2,HOUSEHOLD_1_001,12244,9.97
TX_2,HOUSEHOLD_1_001,12245,9.97
TX_2,HOUSEHOLD_1_001,12246,8.47
TX_2,HOUSEHOLD_1_001,12247,9.97
TX_2,HOUSEHOLD_1_001,12248,9.97
TX_2,HOUSEHOLD_1_001,12249,9.97
TX_2,HOUSEHOLD_1_001,12250,9.97
TX_2,HOUSEHOLD_1_001,12251,9.97
TX_2,HOUSEHOLD_1_001,12252,9.97
TX_2,HOUSEHOLD_1_001,12301,9.97
TX_2,HOUSEHOLD_1_001,12302,9.97
TX_2,HOUSEHOLD_1_001,12303,9.97
TX_2,HOUSEHOLD_1_001,12304,9.97
TX_2,HOUSEHOLD_1_001,12305,9.97
TX_2,HOUSEHOLD_1_001,12306,9.97
TX_2,HOUSEHOLD_1_001,12307,9.97
TX_2,HOUSEHOLD_1_001,12308,9.97
TX_2,HOUSEHOLD_1_001,12309,9.97
TX_2,HOUSEHOLD_1_001,12310,9.97
TX_2,HOUSEHOLD_1_001,12311,9.97
TX_2,HOUSEHOLD_1_001,12312,9.97
TX_2,HOUSEHOLD_1_001,12313,9.97
TX_2,HOUSEHOLD_1_001,12314,8.47
TX_2,HOUSEHOLD_1_001,12315,8.47
TX_2,HOUSEHOLD_1_001,12316,9.97
TX_2,HOUSEHOLD_1_001,12317,9.97
TX_2,HOUSEHOLD_1_001,12318,9.97
TX_2,HOUSEHOLD_1_001,12319,9.97
TX_2,HOUSEHOLD_1_001,12320,9.97
TX_2,HOUSEHOLD_1_001,12321,9.97
TX_2,HOUSEHOLD_1_001,12322,9.97
TX_2,HOUSEHOLD_1_001,12323,9.97
TX_2,HOUSEHOLD_1_001,12324,9.97
TX_2,HOUSEHOLD_1_001,12325,9.97
TX_2,HOUSEHOLD_1_001,12326,9.97
TX_2,HOUSEHOLD_1_001,12327,9.97
TX_2,HOUSEHOLD_1_001,12328,9.97
TX_2,HOUSEHOLD_1_001,12329,8.47
TX_2,HOUSEHOLD_1_001,12330,9.97
TX_2,HOUSEHOLD_1_001,12331,9.97
TX_2,HOUSEHOLD_1_001,12332,8.47
TX_2,HOUSEHOLD_1_001,12333,9.97
TX_2,HOUSEHOLD_1_001,12334,9.97
TX_2,HOUSEHOLD_1_001,12335,9.97
TX_2,HOUSEHOLD_1_001,12336,9.97
TX_2,HOUSEHOLD_1_001,12337,9.97
TX_2,HOUSEHOLD_1_001,12338,9.97
TX_2,HOUSEHOLD_1_001,12339,9.97
TX_2,HOUSEHOLD_1_001,12340,9.97
TX_2,HOUSEHOLD_1_001,12341,9.97
TX_2,HOUSEHOLD_1_001,12342,9.97
TX_2,HOUSEHOLD_1_001,12343,9.97
TX_2,HOUSEHOLD_1_001,12344,9.97
TX_2,HOUSEHOLD_1_001,12345,9.97
TX_2,HOUSEHOLD_1_001,12346,9.97
TX_2,HOUSEHOLD_1_001,12347,9.97
TX_2,HOUSEHOLD_1_001,12348,9.97
TX_2,HOUSEHOLD_1_001,12349,8.47
TX_2,HOUSEHOLD_1_001,12350,9.97
TX_2,HOUSEHOLD_1_001,12351,9.97
TX_2,HOUSEHOLD_1_001,12352,9.97
TX_2,HOUSEHOLD_1_002,12152,12.34
TX_2,HOUSEHOLD_1_002,12201,10.49
TX_2,HOUSEHOLD_1_002,12202,12.34
TX_2,HOUSEHOLD_1_002,12203,12.34
TX_2,HOUSEHOLD_1_002,12204,10.49
TX_2,HOUSEHOLD_1_002,12205,12.34
TX_2,HOUSEHOLD_1_002,12206,10.49
TX_2,HOUSEHOLD_1_002,12207,12.34
TX_2,HOUSEHOLD_1_002,12208,12.34
TX_2,HOUSEHOLD_1_002,12209,12.34
TX_2,HOUSEHOLD_1_002,12210,12.34
TX_2,HOUSEHOLD_1_002,12211,12.34
TX_2,HOUSEHOLD_1_002,12212,12.34
TX_2,HOUSEHOLD_1_002,12213,12.34
TX_2,HOUSEHOLD_1_002,12214,12.34
TX_2,HOUSEHOLD_1_002,12215,12.34
TX_2,HOUSEHOLD_1_002,12216,12.34
TX_2,HOUSEHOLD_1_002,12217,12.34
TX_2,HOUSEHOLD_1_002,12218,12.34
TX_2,HOUSEHOLD_1_002,12219,12.34
TX_2,HOUSEHOLD_1_002,12220,12.34
TX_2,HOUSEHOLD_1_002,12221,10.49
TX_2,HOUSEHOLD_1_002,12222,12.34
TX_2,HOUSEHOLD_1_002,12223,12.34
TX_2,HOUSEHOLD_1_002,12224,12.34
TX_2,HOUSEHOLD_1_002,12225,10.49
TX_2,HOUSEHOLD_1_002,12226,10.49
TX_2,HOUSEHOLD_1_002,12227,12.34
TX_2,HOUSEHOLD_1_002,12228,12.34
TX_2,HOUSEHOLD_1_002,12229,12.34
TX_2,HOUSEHOLD_1_002,12230,12.34
TX_2,HOUSEHOLD_1_002,12231,12.34
TX_2,HOUSEHOLD_1_002,12232,12.34
TX_2,HOUSEHOLD_1_002,12233,12.34
TX_2,HOUSEHOLD_1_002,12234,12.34
TX_2,HOUSEHOLD_1_002,12235,12.34
TX_2,HOUSEHOLD_1_002,12236,10.49
TX_2,HOUSEHOLD_1_002,12237,12.34
TX_2,HOUSEHOLD_1_002,12238,12.34
TX_2,HOUSEHOLD_1_002,12239,10.49
TX_2,HOUSEHOLD_1_002,12240,10.49
TX_2,HOUSEHOLD_1_002,12241,10.49
TX_2,HOUSEHOLD_1_002,12242,12.34
TX_2,HOUSEHOLD_1_002,12243,12.34
TX_2,HOUSEHOLD_1_002,12244,12.34
TX_2,HOUSEHOLD_1_002,12245,12.34
TX_2,HOUSEHOLD_1_002,12246,12.34
TX_2,HOUSEHOLD_1_002,12247,12.34
TX_2,HOUSEHOLD_1_002,12248,10.49
TX_2,HOUSEHOLD_1_002,12249,12.34
TX_2,HOUSEHOLD_1_002,12250,12.34
TX_2,HOUSEHOLD_1_002,12251,12.34
TX_2,HOUSEHOLD_1_002,12252,12.34
TX_2,HOUSEHOLD_1_002,12301,10.49
TX_2,HOUSEHOLD_1_002,12302,12.34
TX_2,HOUSEHOLD_1_002,12303,12.34
TX_2,HOUSEHOLD_1_002,12304,12.34
TX_2,HOUSEHOLD_1_002,12305,12.34
TX_2,HOUSEHOLD_1_002,12306,12.34
TX_2,HOUSEHOLD_1_002,12307,12.34
TX_2,HOUSEHOLD_1_002,12308,12.34
TX_2,HOUSEHOLD_1_002,12309,12.34
TX_2,HOUSEHOLD_1_002,12310,12.34
TX_2,HOUSEHOLD_1_002,12311,12.34
TX_2,HOUSEHOLD_1_002,12312,12.34
TX_2,HOUSEHOLD_1_002,12313,12.34
TX_2,HOUSEHOLD_1_002,12314,12.34
TX_2,HOUSEHOLD_1_002,12315,10.49
TX_2,HOUSEHOLD_1_002,12316,12.34
TX_2,HOUSEHOLD_1_002,12317,12.34
TX_2,HOUSEHOLD_1_002,12318,12.34
TX_2,HOUSEHOLD_1_002,12319,12.34
TX_2,HOUSEHOLD_1_002,12320,12.34
TX_2,HOUSEHOLD_1_002,12321,12.34
TX_2,HOUSEHOLD_1_002,12322,12.34
TX_2,HOUSEHOLD_1_002,12323,12.34
TX_2,HOUSEHOLD_1_002,12324,12.34
TX_2,HOUSEHOLD_1_002,12325,12.34
TX_2,HOUSEHOLD_1_002,12326,12.34
TX_2,HOUSEHOLD_1_002,12327,12.34
TX_2,HOUSEHOLD_1_002,12328,10.49
TX_2,HOUSEHOLD_1_002,12329,12.34
TX_2,HOUSEHOLD_1_002,12330,12.34
TX_2,HOUSEHOLD_1_002,12331,12.34
TX_2,HOUSEHOLD_1_002,12332,12.34
TX_2,HOUSEHOLD_1_002,12333,12.34
TX_2,HOUSEHOLD_1_002,12334,12.34
TX_2,HOUSEHOLD_1_002,12335,10.49
TX_2,HOUSEHOLD_1_002,12336,12.34
TX_2,HOUSEHOLD_1_002,12337,12.34
TX_2,HOUSEHOLD_1_002,12338,12.34
TX_2,HOUSEHOLD_1_002,12339,12.34
TX_2,HOUSEHOLD_1_002,12340,12.34
TX_2,HOUSEHOLD_1_002,12341,12.34
TX_2,HOUSEHOLD_1_002,12342,12.34
TX_2,HOUSEHOLD_1_002,12343,12.34
TX_2,HOUSEHOLD_1_002,12344,12.34
TX_2,HOUSEHOLD_1_002,12345,12.34
TX_2,HOUSEHOLD_1_002,12346,12.34
TX_2,HOUSEHOLD_1_002,12347,10.49
TX_2,HOUSEHOLD_1_002,12348,12.34
TX_2,HOUSEHOLD_1_002,12349,12.34
TX_2,HOUSEHOLD_1_002,12350,12.34
TX_2,HOUSEHOLD_1_002,12351,12.34
TX_2,HOUSEHOLD_1_002,12352,12.34
TX_2,HOUSEHOLD_1_003,12152,14.71
TX_2,HOUSEHOLD_1_003,12201,14.71
TX_2,HOUSEHOLD_1_003,12202,14.71
TX_2,HOUSEHOLD_1_003,12203,14.71
TX_2,HOUSEHOLD_1_003,12204,14.71
TX_2,HOUSEHOLD_1_003,12205,14.71
TX_2,HOUSEHOLD_1_003,12206,14.71
TX_2,HOUSEHOLD_1_003,12207,14.71
TX_2,HOUSEHOLD_1_003,12208,14.71
TX_2,HOUSEHOLD_1_003,12209,14.71
TX_2,HOUSEHOLD_1_003,12210,14.71
TX_2,HOUSEHOLD_1_003,12211,14.71
TX_2,HOUSEHOLD_1_003,12212,14.71
TX_2,HOUSEHOLD_1_003,12213,14.71
TX_2,HOUSEHOLD_1_003,12214,12.5
TX_2,HOUSEHOLD_1_003,12215,14.71
TX_2,HOUSEHOLD_1_003,12216,14.71
TX_2,HOUSEHOLD_1_003,12217,14.71
TX_2,HOUSEHOLD_1_003,12218,14.71
TX_2,HOUSEHOLD_1_003,12219,14.71
TX_2,HOUSEHOLD_1_003,12220,12.5
TX_2,HOUSEHOLD_1_003,12221,14.71
TX_2,HOUSEHOLD_1_003,12222,14.71
TX_2,HOUSEHOLD_1_003,12223,14.71
TX_2,HOUSEHOLD_1_003,12224,14.71
TX_2,HOUSEHOLD_1_003,12225,14.71
TX_2,HOUSEHOLD_1_003,12226,14.71
TX_2,HOUSEHOLD_1_003,12227,14.71
TX_2,HOUSEHOLD_1_003,12228,14.71
TX_2,HOUSEHOLD_1_003,12229,14.71
TX_2,HOUSEHOLD_1_003,12230,14.71
TX_2,HOUSEHOLD_1_003,12231,14.71
TX_2,HOUSEHOLD_1_003,12232,14.71
TX_2,HOUSEHOLD_1_003,12233,14.71
TX_2,HOUSEHOLD_1_003,12234,14.71
TX_2,HOUSEHOLD_1_003,12235,14.71
TX_2,HOUSEHOLD_1_003,12236,12.5
TX_2,HOUSEHOLD_1_003,12237,14.71
TX_2,HOUSEHOLD_1_003,12238,14.71
TX_2,HOUSEHOLD_1_003,12239,12.5
TX_2,HOUSEHOLD_1_003,12240,14.71
TX_2,HOUSEHOLD_1_003,12241,14.71
TX_2,HOUSEHOLD_1_003,12242,14.71
TX_2,HOUSEHOLD_1_003,12243,14.71
TX_2,HOUSEHOLD_1_003,12244,14.71
TX_2,HOUSEHOLD_1_003,12245,14.71
TX_2,HOUSEHOLD_1_003,12246,14.71
TX_2,HOUSEHOLD_1_003,12247,14.71
TX_2,HOUSEHOLD_1_003,12248,14.71
TX_2,HOUSEHOLD_1_003,12249,12.5
TX_2,HOUSEHOLD_1_003,12250,14.71
TX_2,HOUSEHOLD_1_003,12251,14.71
TX_2,HOUSEHOLD_1_003,12252,14.71
TX_2,HOUSEHOLD_1_003,12301,14.71
TX_2,HOUSEHOLD_1_003,12302,14.71
TX_2,HOUSEHOLD_1_003,12303,14.71
TX_2,HOUSEHOLD_1_003,12304,12.5
TX_2,HOUSEHOLD_1_003,12305,14.71
TX_2,HOUSEHOLD_1_003,12306,14.71
TX_2,HOUSEHOLD_1_003,12307,14.71
TX_2,HOUSEHOLD_1_003,12308,14.71
TX_2,HOUSEHOLD_1_003,12309,14.71
TX_2,HOUSEHOLD_1_003,12310,14.71
TX_2,HOUSEHOLD_1_003,12311,14.71
TX_2,HOUSEHOLD_1_003,12312,12.5
TX_2,HOUSEHOLD_1_003,12313,14.71
TX_2,HOUSEHOLD_1_003,12314,14.71
TX_2,HOUSEHOLD_1_003,12315,14.71
TX_2,HOUSEHOLD_1_003,12316,14.71
TX_2,HOUSEHOLD_1_003,12317,14.71
TX_2,HOUSEHOLD_1_003,12318,14.71
TX_2,HOUSEHOLD_1_003,12319,14.71
TX_2,HOUSEHOLD_1_003,12320,14.71
TX_2,HOUSEHOLD_1_003,12321,14.71
TX_2,HOUSEHOLD_1_003,12322,14.71
TX_2,HOUSEHOLD_1_003,12323,14.71
TX_2,HOUSEHOLD_1_003,12324,14.71
TX_2,HOUSEHOLD_1_003,12325,14.71
TX_2,HOUSEHOLD_1_003,12326,12.5
TX_2,HOUSEHOLD_1_003,12327,14.71
TX_2,HOUSEHOLD_1_003,12328,12.5
TX_2,HOUSEHOLD_1_003,12329,14.71
TX_2,HOUSEHOLD_1_003,12330,14.71
TX_2,HOUSEHOLD_1_003,12331,12.5
TX_2,HOUSEHOLD_1_003,12332,14.71
TX_2,HOUSEHOLD_1_003,12333,14.71
TX_2,HOUSEHOLD_1_003,12334,14.71
TX_2,HOUSEHOLD_1_003,12335,14.71
TX_2,HOUSEHOLD_1_003,12336,14.71
TX_2,HOUSEHOLD_1_003,12337,14.71
TX_2,HOUSEHOLD_1_003,12338,12.5
TX_2,HOUSEHOLD_1_003,12339,14.71
TX_2,HOUSEHOLD_1_003,12340,14.71
TX_2,HOUSEHOLD_1_003,12341,14.71
TX_2,HOUSEHOLD_1_003,12342,14.71
TX_2,HOUSEHOLD_1_003,12343,14.71
TX_2,HOUSEHOLD_1_003,12344,14.71
TX_2,HOUSEHOLD_1_003,12345,14.71
TX_2,HOUSEHOLD_1_003,12346,14.71
TX_2,HOUSEHOLD_1_003,12347,14.71
TX_2,HOUSEHOLD_1_003,12348,14.71
TX_2,HOUSEHOLD_1_003,12349,14.71
TX_2,HOUSEHOLD_1_003,12350,12.5
TX_2,HOUSEHOLD_1_003,12351,14.71
TX_2,HOUSEHOLD_1_003,12352,14.71
TX_2,HOUSEHOLD_1_004,12152,17.08
TX_2,HOUSEHOLD_1_004,12201,17.08
TX_2,HOUSEHOLD_1_004,12202,17.08
TX_2,HOUSEHOLD_1_004,12203,17.08
TX_2,HOUSEHOLD_1_004,12204,17.08
TX_2,HOUSEHOLD_1_004,12205,17.08
TX_2,HOUSEHOLD_1_004,12206,17.08
TX_2,HOUSEHOLD_1_004,12207,17.08
TX_2,HOUSEHOLD_1_004,12208,17.08
TX_2,HOUSEHOLD_1_004,12209,17.08
TX_2,HOUSEHOLD_1_004,12210,17.08
TX_2,HOUSEHOLD_1_004,12211,17.08
TX_2,HOUSEHOLD_1_004,12212,17.08
TX_2,HOUSEHOLD_1_004,12213,17.08
TX_2,HOUSEHOLD_1_004,12214,17.08
TX_2,HOUSEHOLD_1_004,12215,17.08
TX_2,HOUSEHOLD_1_004,12216,17.08
TX_2,HOUSEHOLD_1_004,12217,17.08
TX_2,HOUSEHOLD_1_004,12218,17.08
TX_2,HOUSEHOLD_1_004,12219,17.08
TX_2,HOUSEHOLD_1_004,12220,17.08
TX_2,HOUSEHOLD_1_004,12221,14.52
TX_2,HOUSEHOLD_1_004,12222,17.08
TX_2,HOUSEHOLD_1_004,12223,17.08
TX_2,HOUSEHOLD_1_004,12224,17.08
TX_2,HOUSEHOLD_1_004,12225,17.08
TX_2,HOUSEHOLD_1_004,12226,17.08
TX_2,HOUSEHOLD_1_004,12227,17.08
TX_2,HOUSEHOLD_1_004,12228,17.08
TX_2,HOUSEHOLD_1_004,12229,17.08
TX_2,HOUSEHOLD_1_004,12230,17.08
TX_2,HOUSEHOLD_1_004,12231,17.08
TX_2,HOUSEHOLD_1_004,12232,17.08
TX_2,HOUSEHOLD_1_004,12233,17.08
TX_2,HOUSEHOLD_1_004,12234,17.08
TX_2,HOUSEHOLD_1_004,12235,14.52
TX_2,HOUSEHOLD_1_004,12236,14.52
TX_2,HOUSEHOLD_1_004,12237,17.08
TX_2,HOUSEHOLD_1_004,12238,14.52
TX_2,HOUSEHOLD_1_004,12239,14.52
TX_2,HOUSEHOLD_1_004,12240,17.08
TX_2,HOUSEHOLD_1_004,12241,17.08
TX_2,HOUSEHOLD_1_004,12242,17.08
TX_2,HOUSEHOLD_1_004,12243,17.08
TX_2,HOUSEHOLD_1_004,12244,17.08
TX_2,HOUSEHOLD_1_004,12245,17.08
TX_2,HOUSEHOLD_1_004,12246,17.08
TX_2,HOUSEHOLD_1_004,12247,17.08
TX_2,HOUSEHOLD_1_004,12248,14.52
TX_2,HOUSEHOLD_1_004,12249,17.08
TX_2,HOUSEHOLD_1_004,12250,17.08
TX_2,HOUSEHOLD_1_004,12251,17.08
TX_2,HOUSEHOLD_1_004,12252,17.08
TX_2,HOUSEHOLD_1_004,12301,17.08
TX_2,HOUSEHOLD_1_004,12302,17.08
TX_2,HOUSEHOLD_1_004,12303,17.08
TX_2,HOUSEHOLD_1_004,12304,17.08
TX_2,HOUSEHOLD_1_004,12305,17.08
TX_2,HOUSEHOLD_1_004,12306,17.08
TX_2,HOUSEHOLD_1_004,12307,14.52
TX_2,HOUSEHOLD_1_004,12308,14.52
TX_2,HOUSEHOLD_1_004,12309,17.08
TX_2,HOUSEHOLD_1_004,12310,14.52
TX_2,HOUSEHOLD_1_004,12311,17.08
TX_2,HOUSEHOLD_1_004,12312,17.08
TX_2,HOUSEHOLD_1_004,12313,17.08
TX_2,HOUSEHOLD_1_004,12314,17.08
TX_2,HOUSEHOLD_1_004,12315,17.08
TX_2,HOUSEHOLD_1_004,12316,14.52
TX_2,HOUSEHOLD_1_004,12317,14.52
TX_2,HOUSEHOLD_1_004,12318,14.52
TX_2,HOUSEHOLD_1_004,12319,17.08
TX_2,HOUSEHOLD_1_004,12320,14.52
TX_2,HOUSEHOLD_1_004,12321,17.08
TX_2,HOUSEHOLD_1_004,12322,14.52
TX_2,HOUSEHOLD_1_004,12323,14.52
TX_2,HOUSEHOLD_1_004,12324,17.08
TX_2,HOUSEHOLD_1_004,12325,17.08
TX_2,HOUSEHOLD_1_004,12326,17.08
TX_2,HOUSEHOLD_1_004,12327,17.08
TX_2,HOUSEHOLD_1_004,12328,17.08
TX_2,HOUSEHOLD_1_004,12329,17.08
TX_2,HOUSEHOLD_1_004,12330,17.08
TX_2,HOUSEHOLD_1_004,12331,17.08
TX_2,HOUSEHOLD_1_004,12332,17.08
TX_2,HOUSEHOLD_1_004,12333,17.08
TX_2,HOUSEHOLD_1_004,12334,17.08
TX_2,HOUSEHOLD_1_004,12335,17.08
TX_2,HOUSEHOLD_1_004,12336,14.52
TX_2,HOUSEHOLD_1_004,12337,17.08
TX_2,HOUSEHOLD_1_004,12338,17.08
TX_2,HOUSEHOLD_1_004,12339,17.08
TX_2,HOUSEHOLD_1_004,12340,14.52
TX_2,HOUSEHOLD_1_004,12341,17.08
TX_2,HOUSEHOLD_1_004,12342,14.52
TX_2,HOUSEHOLD_1_004,12343,17.08
TX_2,HOUSEHOLD_1_004,12344,14.52
TX_2,HOUSEHOLD_1_004,12345,17.08
TX_2,HOUSEHOLD_1_004,12346,17.08
TX_2,HOUSEHOLD_1_004,12347,17.08
TX_2,HOUSEHOLD_1_004,12348,17.08
TX_2,HOUSEHOLD_1_004,12349,17.08
TX_2,HOUSEHOLD_1_004,12350,17.08
TX_2,HOUSEHOLD_1_004,12351,17.08
TX_2,HOUSEHOLD_1_004,12352,17.08
TX_2,HOUSEHOLD_2_001,12152,9.97
TX_2,HOUSEHOLD_2_001,12201,9.97
TX_2,HOUSEHOLD_2_001,12202,9.97
TX_2,HOUSEHOLD_2_001,12203,9.97
TX_2,HOUSEHOLD_2_001,12204,9.97
TX_2,HOUSEHOLD_2_001,12205,9.97
TX_2,HOUSEHOLD_2_001,12206,9.97
TX_2,HOUSEHOLD_2_001,12207,8.47
TX_2,HOUSEHOLD_2_001,12208,9.97
TX_2,HOUSEHOLD_2_001,12209,9.97
TX_2,HOUSEHOLD_2_001,12210,9.97
TX_2,HOUSEHOLD_2_001,12211,8.47
TX_2,HOUSEHOLD_2_001,12212,9.97
TX_2,HOUSEHOLD_2_001,12213,9.97
TX_2,HOUSEHOLD_2_001,12214,9.97
TX_2,HOUSEHOLD_2_001,12215,8.47
TX_2,HOUSEHOLD_2_001,12216,8.47
TX_2,HOUSEHOLD_2_001,12217,9.97
TX_2,HOUSEHOLD_2_001,12218,9.97
TX_2,HOUSEHOLD_2_001,12219,9.97
TX_2,HOUSEHOLD_2_001,12220,9.97
TX_2,HOUSEHOLD_2_001,12221,9.97
TX_2,HOUSEHOLD_2_001,12222,9.97
TX_2,HOUSEHOLD_2_001,12223,9.97
TX_2,HOUSEHOLD_2_001,12224,9.97
TX_2,HOUSEHOLD_2_001,12225,9.97
TX_2,HOUSEHOLD_2_001,12226,9.97
TX_2,HOUSEHOLD_2_001,12227,9.97
TX_2,HOUSEHOLD_2_001,12228,9.97
TX_2,HOUSEHOLD_2_001,12229,9.97
TX_2,HOUSEHOLD_2_001,12230,9.97
TX_2,HOUSEHOLD_2_001,12231,9.97
TX_2,HOUSEHOLD_2_001,12232,9.97
TX_2,HOUSEHOLD_2_001,12233,9.97
TX_2,HOUSEHOLD_2_001,12234,9.97
TX_2,HOUSEHOLD_2_001,12235,9.97
TX_2,HOUSEHOLD_2_001,12236,9.97
TX_2,HOUSEHOLD_2_001,12237,9.97
TX_2,HOUSEHOLD_2_001,12238,9.97
TX_2,HOUSEHOLD_2_001,12239,9.97
TX_2,HOUSEHOLD_2_001,12240,9.97
TX_2,HOUSEHOLD_2_001,12241,9.97
TX_2,HOUSEHOLD_2_001,12242,9.97
TX_2,HOUSEHOLD_2_001,12243,9.97
TX_2,HOUSEHOLD_2_001,12244,9.97
TX_2,HOUSEHOLD_2_001,12245,9.97
TX_2,HOUSEHOLD_2_001,12246,8.47
TX_2,HOUSEHOLD_2_001,12247,9.97
TX_2,HOUSEHOLD_2_001,12248,9.97
TX_2,HOUSEHOLD_2_001,12249,9.97
TX_2,HOUSEHOLD_2_001,12250,8.47
TX_2,HOUSEHOLD_2_001,12251,9.97
TX_2,HOUSEHOLD_2_001,12252,9.97
TX_2,HOUSEHOLD_2_001,12301,9.97
TX_2,HOUSEHOLD_2_001,12302,9.97
TX_2,HOUSEHOLD_2_001,12303,9.97
TX_2,HOUSEHOLD_2_001,12304,9.97
TX_2,HOUSEHOLD_2_001,12305,9.97
TX_2,HOUSEHOLD_2_001,12306,9.97
TX_2,HOUSEHOLD_2_001,12307,9.97
TX_2,HOUSEHOLD_2_001,12308,8.47
TX_2,HOUSEHOLD_2_001,12309,9.97
TX_2,HOUSEHOLD_2_001,12310,9.97
TX_2,HOUSEHOLD_2_001,12311,9.97
TX_2,HOUSEHOLD_2_001,12312,9.97
TX_2,HOUSEHOLD_2_001,12313,9.97
TX_2,HOUSEHOLD_2_001,12314,9.97
TX_2,HOUSEHOLD_2_001,12315,9.97
TX_2,HOUSEHOLD_2_001,12316,9.97
TX_2,HOUSEHOLD_2_001,12317,9.97
TX_2,HOUSEHOLD_2_001,12318,8.47
TX_2,HOUSEHOLD_2_001,12319,9.97
TX_2,HOUSEHOLD_2_001,12320,8.47
TX_2,HOUSEHOLD_2_001,12321,8.47
TX_2,HOUSEHOLD_2_001,12322,9.97
TX_2,HOUSEHOLD_2_001,12323,9.97
TX_2,HOUSEHOLD_2_001,12324,9.97
TX_2,HOUSEHOLD_2_001,12325,9.97
TX_2,HOUSEHOLD_2_001,12326,9.97
TX_2,HOUSEHOLD_2_001,12327,9.97
TX_2,HOUSEHOLD_2_001,12328,9.97
TX_2,HOUSEHOLD_2_001,12329,9.97
TX_2,HOUSEHOLD_2_001,12330,9.97
TX_2,HOUSEHOLD_2_001,12331,9.97
TX_2,HOUSEHOLD_2_001,12332,9.97
TX_2,HOUSEHOLD_2_001,12333,9.97
TX_2,HOUSEHOLD_2_001,12334,8.47
TX_2,HOUSEHOLD_2_001,12335,9.97
TX_2,HOUSEHOLD_2_001,12336,8.47
TX_2,HOUSEHOLD_2_001,12337,9.97
TX_2,HOUSEHOLD_2_001,12338,9.97
TX_2,HOUSEHOLD_2_001,12339,9.97
TX_2,HOUSEHOLD_2_001,12340,9.97
TX_2,HOUSEHOLD_2_001,12341,9.97
TX_2,HOUSEHOLD_2_001,12342,9.97
TX_2,HOUSEHOLD_2_001,12343,9.97
TX_2,HOUSEHOLD_2_001,12344,9.97
TX_2,HOUSEHOLD_2_001,12345,9.97
TX_2,HOUSEHOLD_2_001,12346,9.97
TX_2,HOUSEHOLD_2_001,12347,9.97
TX_2,HOUSEHOLD_2_001,12348,9.97
TX_2,HOUSEHOLD_2_001,12349,9.97
TX_2,HOUSEHOLD_2_001,12350,9.97
TX_2,HOUSEHOLD_2_001,12351,9.97
TX_2,HOUSEHOLD_2_001,12352,9.97
TX_2,HOUSEHOLD_2_002,12152,12.34
TX_2,HOUSEHOLD_2_002,12201,12.34
TX_2,HOUSEHOLD_2_002,12202,12.34
TX_2,HOUSEHOLD_2_002,12203,10.49
TX_2,HOUSEHOLD_2_002,12204,12.34
TX_2,HOUSEHOLD_2_002,12205,12.34
TX_2,HOUSEHOLD_2_002,12206,12.34
TX_2,HOUSEHOLD_2_002,12207,10.49
TX_2,HOUSEHOLD_2_002,12208,12.34
TX_2,HOUSEHOLD_2_002,12209,12.34
TX_2,HOUSEHOLD_2_002,12210,10.49
TX_2,HOUSEHOLD_2_002,12211,12.34
TX_2,HOUSEHOLD_2_002,12212,12.34
TX_2,HOUSEHOLD_2_002,12213,12.34
TX_2,HOUSEHOLD_2_002,12214,12.34
TX_2,HOUSEHOLD_2_002,12215,12.34
TX_2,HOUSEHOLD_2_002,12216,10.49
TX_2,HOUSEHOLD_2_002,12217,12.34
TX_2,HOUSEHOLD_2_002,12218,12.34
TX_2,HOUSEHOLD_2_002,12219,12.34
TX_2,HOUSEHOLD_2_002,12220,10.49
TX_2,HOUSEHOLD_2_002,12221,10.49
TX_2,HOUSEHOLD_2_002,12222,12.34
TX_2,HOUSEHOLD_2_002,12223,12.34
TX_2,HOUSEHOLD_2_002,12224,12.34
TX_2,HOUSEHOLD_2_002,12225,10.49
TX_2,HOUSEHOLD_2_002,12226,12.34
TX_2,HOUSEHOLD_2_002,12227,12.34
TX_2,HOUSEHOLD_2_002,12228,12.34
TX_2,HOUSEHOLD_2_002,12229,12.34
TX_2,HOUSEHOLD_2_002,12230,12.34
TX_2,HOUSEHOLD_2_002,12231,12.34
TX_2,HOUSEHOLD_2_002,12232,12.34
TX_2,HOUSEHOLD_2_002,12233,12.34
TX_2,HOUSEHOLD_2_002,12234,12.34
TX_2,HOUSEHOLD_2_002,12235,12.34
TX_2,HOUSEHOLD_2_002,12236,12.34
TX_2,HOUSEHOLD_2_002,12237,12.34
TX_2,HOUSEHOLD_2_002,12238,12.34
TX_2,HOUSEHOLD_2_002,12239,12.34
TX_2,HOUSEHOLD_2_002,12240,12.34
TX_2,HOUSEHOLD_2_002,12241,12.34
TX_2,HOUSEHOLD_2_002,12242,12.34
TX_2,HOUSEHOLD_2_002,12243,12.34
TX_2,HOUSEHOLD_2_002,12244,12.34
TX_2,HOUSEHOLD_2_002,12245,12.34
TX_2,HOUSEHOLD_2_002,12246,12.34
TX_2,HOUSEHOLD_2_002,12247,12.34
TX_2,HOUSEHOLD_2_002,12248,12.34
TX_2,HOUSEHOLD_2_002,12249,12.34
TX_2,HOUSEHOLD_2_002,12250,12.34
TX_2,HOUSEHOLD_2_002,12251,10.49
TX_2,HOUSEHOLD_2_002,12252,12.34
TX_2,HOUSEHOLD_2_002,12301,12.34
TX_2,HOUSEHOLD_2_002,12302,12.34
TX_2,HOUSEHOLD_2_002,12303,12.34
TX_2,HOUSEHOLD_2_002,12304,12.34
TX_2,HOUSEHOLD_2_002,12305,12.34
TX_2,HOUSEHOLD_2_002,12306,12.34
TX_2,HOUSEHOLD_2_002,12307,12.34
TX_2,HOUSEHOLD_2_002,12308,12.34
TX_2,HOUSEHOLD_2_002,12309,12.34
TX_2,HOUSEHOLD_2_002,12310,12.34
TX_2,HOUSEHOLD_2_002,12311,12.34
TX_2,HOUSEHOLD_2_002,12312,12.34
TX_2,HOUSEHOLD_2_002,12313,10.49
TX_2,HOUSEHOLD_2_002,12314,12.34
TX_2,HOUSEHOLD_2_002,12315,12.34
TX_2,HOUSEHOLD_2_002,12316,12.34
TX_2,HOUSEHOLD_2_002,12317,12.34
TX_2,HOUSEHOLD_2_002,12318,12.34
TX_2,HOUSEHOLD_2_002,12319,12.34
TX_2,HOUSEHOLD_2_002,12320,10.49
TX_2,HOUSEHOLD_2_002,12321,12.34
TX_2,HOUSEHOLD_2_002,12322,12.34
TX_2,HOUSEHOLD_2_002,12323,12.34
TX_2,HOUSEHOLD_2_002,12324,10.49
TX_2,HOUSEHOLD_2_002,12325,12.34
TX_2,HOUSEHOLD_2_002,12326,10.49
TX_2,HOUSEHOLD_2_002,12327,12.34
TX_2,HOUSEHOLD_2_002,12328,12.34
TX_2,HOUSEHOLD_2_002,12329,10.49
TX_2,HOUSEHOLD_2_002,12330,12.34
TX_2,HOUSEHOLD_2_002,12331,12.34
TX_2,HOUSEHOLD_2_002,12332,12.34
TX_2,HOUSEHOLD_2_002,12333,12.34
TX_2,HOUSEHOLD_2_002,12334,10.49
TX_2,HOUSEHOLD_2_002,12335,12.34
TX_2,HOUSEHOLD_2_002,12336,10.49
TX_2,HOUSEHOLD_2_002,12337,12.34
TX_2,HOUSEHOLD_2_002,12338,12.34
TX_2,HOUSEHOLD_2_002,12339,12.34
TX_2,HOUSEHOLD_2_002,12340,12.34
TX_2,HOUSEHOLD_2_002,12341,12.34
TX_2,HOUSEHOLD_2_002,12342,12.34
TX_2,HOUSEHOLD_2_002,12343,12.34
TX_2,HOUSEHOLD_2_002,12344,10.49
TX_2,HOUSEHOLD_2_002,12345,12.34
TX_2,HOUSEHOLD_2_002,12346,12.34
TX_2,HOUSEHOLD_2_002,12347,12.34
TX_2,HOUSEHOLD_2_002,12348,12.34
TX_2,HOUSEHOLD_2_002,12349,12.34
TX_2,HOUSEHOLD_2_002,12350,12.34
TX_2,HOUSEHOLD_2_002,12351,12.34
TX_2,HOUSEHOLD_2_002,12352,12.34
TX_2,HOUSEHOLD_2_003,12152,14.71
TX_2,HOUSEHOLD_2_003,12201,14.71
TX_2,HOUSEHOLD_2_003,12202,14.71
TX_2,HOUSEHOLD_2_003,12203,14.71
TX_2,HOUSEHOLD_2_003,12204,14.71
TX_2,HOUSEHOLD_2_003,12205,14.71
TX_2,HOUSEHOLD_2_003,12206,14.71
TX_2,HOUSEHOLD_2_003,12207,14.71
TX_2,HOUSEHOLD_2_003,12208,12.5
TX_2,HOUSEHOLD_2_003,12209,14.71
TX_2,HOUSEHOLD_2_003,12210,14.71
TX_2,HOUSEHOLD_2_003,12211,14.71
TX_2,HOUSEHOLD_2_003,12212,14.71
TX_2,HOUSEHOLD_2_003,12213,14.71
TX_2,HOUSEHOLD_2_003,12214,14.71
TX_2,HOUSEHOLD_2_003,12215,14.71
TX_2,HOUSEHOLD_2_003,12216,12.5
TX_2,HOUSEHOLD_2_003,12217,14.71
TX_2,HOUSEHOLD_2_003,12218,12.5
TX_2,HOUSEHOLD_2_003,12219,14.71
TX_2,HOUSEHOLD_2_003,12220,14.71
TX_2,HOUSEHOLD_2_003,12221,14.71
TX_2,HOUSEHOLD_2_003,12222,12.5
TX_2,HOUSEHOLD_2_003,12223,14.71
TX_2,HOUSEHOLD_2_003,12224,14.71
TX_2,HOUSEHOLD_2_003,12225,14.71
TX_2,HOUSEHOLD_2_003,12226,14.71
TX_2,HOUSEHOLD_2_003,12227,14.71
TX_2,HOUSEHOLD_2_003,12228,14.71
TX_2,HOUSEHOLD_2_003,12229,14.71
TX_2,HOUSEHOLD_2_003,12230,12.5
TX_2,HOUSEHOLD_2_003,12231,14.71
TX_2,HOUSEHOLD_2_003,12232,14.71
TX_2,HOUSEHOLD_2_003,12233,14.71
TX_2,HOUSEHOLD_2_003,12234,14.71
TX_2,HOUSEHOLD_2_003,12235,14.71
TX_2,HOUSEHOLD_2_003,12236,14.71
TX_2,HOUSEHOLD_2_003,12237,12.5
TX_2,HOUSEHOLD_2_003,12238,14.71
TX_2,HOUSEHOLD_2_003,12239,14.71
TX_2,HOUSEHOLD_2_003,12240,14.71
TX_2,HOUSEHOLD_2_003,12241,14.71
TX_2,HOUSEHOLD_2_003,12242,14.71
TX_2,HOUSEHOLD_2_003,12243,14.71
TX_2,HOUSEHOLD_2_003,12244,14.71
TX_2,HOUSEHOLD_2_003,12245,14.71
TX_2,HOUSEHOLD_2_003,12246,14.71
TX_2,HOUSEHOLD_2_003,12247,12.5
TX_2,HOUSEHOLD_2_003,12248,14.71
TX_2,HOUSEHOLD_2_003,12249,14.71
TX_2,HOUSEHOLD_2_003,12250,14.71
TX_2,HOUSEHOLD_2_003,12251,14.71
TX_2,HOUSEHOLD_2_003,12252,14.71
TX_2,HOUSEHOLD_2_003,12301,14.71
TX_2,HOUSEHOLD_2_003,12302,14.71
TX_2,HOUSEHOLD_2_003,12303,14.71
TX_2,HOUSEHOLD_2_003,12304,14.71
TX_2,HOUSEHOLD_2_003,12305,14.71
TX_2,HOUSEHOLD_2_003,12306,12.5
TX_2,HOUSEHOLD_2_003,12307,14.71
TX_2,HOUSEHOLD_2_003,12308,14.71
TX_2,HOUSEHOLD_2_003,12309,14.71
TX_2,HOUSEHOLD_2_003,12310,14.71
TX_2,HOUSEHOLD_2_003,12311,14.71
TX_2,HOUSEHOLD_2_003,12312,12.5
TX_2,HOUSEHOLD_2_003,12313,14.71
TX_2,HOUSEHOLD_2_003,12314,14.71
TX_2,HOUSEHOLD_2_003,12315,12.5
TX_2,HOUSEHOLD_2_003,12316,14.71
TX_2,HOUSEHOLD_2_003,12317,12.5
TX_2,HOUSEHOLD_2_003,12318,14.71
TX_2,HOUSEHOLD_2_003,12319,14.71
TX_2,HOUSEHOLD_2_003,12320,12.5
TX_2,HOUSEHOLD_2_003,12321,12.5
TX_2,HOUSEHOLD_2_003,12322,12.5
TX_2,HOUSEHOLD_2_003,12323,12.5
TX_2,HOUSEHOLD_2_003,12324,14.71
TX_2,HOUSEHOLD_2_003,12325,14.71
TX_2,HOUSEHOLD_2_003,12326,14.71
TX_2,HOUSEHOLD_2_003,12327,14.71
TX_2,HOUSEHOLD_2_003,12328,14.71
TX_2,HOUSEHOLD_2_003,12329,14.71
TX_2,HOUSEHOLD_2_003,12330,14.71
TX_2,HOUSEHOLD_2_003,12331,14.71
TX_2,HOUSEHOLD_2_003,12332,14.71
TX_2,HOUSEHOLD_2_003,12333,14.71
TX_2,HOUSEHOLD_2_003,12334,14.71
TX_2,HOUSEHOLD_2_003,12335,14.71
TX_2,HOUSEHOLD_2_003,12336,14.71
TX_2,HOUSEHOLD_2_003,12337,14.71
TX_2,HOUSEHOLD_2_003,12338,14.71
TX_2,HOUSEHOLD_2_003,12339,14.71
TX_2,HOUSEHOLD_2_003,12340,14.71
TX_2,HOUSEHOLD_2_003,12341,14.71
TX_2,HOUSEHOLD_2_003,12342,14.71
TX_2,HOUSEHOLD_2_003,12343,12.5
TX_2,HOUSEHOLD_2_003,12344,14.71
TX_2,HOUSEHOLD_2_003,12345,14.71
TX_2,HOUSEHOLD_2_003,12346,12.5
TX_2,HOUSEHOLD_2_003,12347,14.71
TX_2,HOUSEHOLD_2_003,12348,14.71
TX_2,HOUSEHOLD_2_003,12349,14.71
TX_2,HOUSEHOLD_2_003,12350,12.5
TX_2,HOUSEHOLD_2_003,12351,14.71
TX_2,HOUSEHOLD_2_003,12352,14.71
TX_2,HOUSEHOLD_2_004,12152,17.08
TX_2,HOUSEHOLD_2_004,12201,17.08
TX_2,HOUSEHOLD_2_004,12202,17.08
TX_2,HOUSEHOLD_2_004,12203,17.08
TX_2,HOUSEHOLD_2_004,12204,17.08
TX_2,HOUSEHOLD_2_004,12205,17.08
TX_2,HOUSEHOLD_2_004,12206,17.08
TX_2,HOUSEHOLD_2_004,12207,17.08
TX_2,HOUSEHOLD_2_004,12208,17.08
TX_2,HOUSEHOLD_2_004,12209,17.08
TX_2,HOUSEHOLD_2_004,12210,17.08
TX_2,HOUSEHOLD_2_004,12211,17.08
TX_2,HOUSEHOLD_2_004,12212,17.08
TX_2,HOUSEHOLD_2_004,12213,17.08
TX_2,HOUSEHOLD_2_004,12214,14.52
TX_2,HOUSEHOLD_2_004,12215,17.08
TX_2,HOUSEHOLD_2_004,12216,14.52
TX_2,HOUSEHOLD_2_004,12217,17.08
TX_2,HOUSEHOLD_2_004,12218,17.08
TX_2,HOUSEHOLD_2_004,12219,14.52
TX_2,HOUSEHOLD_2_004,12220,17.08
TX_2,HOUSEHOLD_2_004,12221,17.08
TX_2,HOUSEHOLD_2_004,12222,17.08
TX_2,HOUSEHOLD_2_004,12223,17.08
TX_2,HOUSEHOLD_2_004,12224,17.08
TX_2,HOUSEHOLD_2_004,12225,17.08
TX_2,HOUSEHOLD_2_004,12226,17.08
TX_2,HOUSEHOLD_2_004,12227,17.08
TX_2,HOUSEHOLD_2_004,12228,17.08
TX_2,HOUSEHOLD_2_004,12229,17.08
TX_2,HOUSEHOLD_2_004,12230,17.08
TX_2,HOUSEHOLD_2_004,12231,14.52
TX_2,HOUSEHOLD_2_004,12232,17.08
TX_2,HOUSEHOLD_2_004,12233,17.08
TX_2,HOUSEHOLD_2_004,12234,17.08
TX_2,HOUSEHOLD_2_004,12235,17.08
TX_2,HOUSEHOLD_2_004,12236,17.08
TX_2,HOUSEHOLD_2_004,12237,17.08
TX_2,HOUSEHOLD_2_004,12238,17.08
TX_2,HOUSEHOLD_2_004,12239,17.08
TX_2,HOUSEHOLD_2_004,12240,17.08
TX_2,HOUSEHOLD_2_004,12241,17.08
TX_2,HOUSEHOLD_2_004,12242,17.08
TX_2,HOUSEHOLD_2_004,12243,17.08
TX_2,HOUSEHOLD_2_004,12244,14.52
TX_2,HOUSEHOLD_2_004,12245,14.52
TX_2,HOUSEHOLD_2_004,12246,17.08
TX_2,HOUSEHOLD_2_004,12247,14.52
TX_2,HOUSEHOLD_2_004,12248,17.08
TX_2,HOUSEHOLD_2_004,12249,14.52
TX_2,HOUSEHOLD_2_004,12250,17.08
TX_2,HOUSEHOLD_2_004,12251,17.08
TX_2,HOUSEHOLD_2_004,12252,17.08
TX_2,HOUSEHOLD_2_004,12301,17.08
TX_2,HOUSEHOLD_2_004,12302,17.08
TX_2,HOUSEHOLD_2_004,12303,17.08
TX_2,HOUSEHOLD_2_004,12304,14.52
TX_2,HOUSEHOLD_2_004,12305,17.08
TX_2,HOUSEHOLD_2_004,12306,17.08
TX_2,HOUSEHOLD_2_004,12307,17.08
TX_2,HOUSEHOLD_2_004,12308,17.08
TX_2,HOUSEHOLD_2_004,12309,14.52
TX_2,HOUSEHOLD_2_004,12310,17.08
TX_2,HOUSEHOLD_2_004,12311,17.08
TX_2,HOUSEHOLD_2_004,12312,17.08
TX_2,HOUSEHOLD_2_004,12313,14.52
TX_2,HOUSEHOLD_2_004,12314,17.08
TX_2,HOUSEHOLD_2_004,12315,17.08
TX_2,HOUSEHOLD_2_004,12316,17.08
TX_2,HOUSEHOLD_2_004,12317,17.08
TX_2,HOUSEHOLD_2_004,12318,17.08
TX_2,HOUSEHOLD_2_004,12319,17.08
TX_2,HOUSEHOLD_2_004,12320,17.08
TX_2,HOUSEHOLD_2_004,12321,14.52
TX_2,HOUSEHOLD_2_004,12322,14.52
TX_2,HOUSEHOLD_2_004,12323,17.08
TX_2,HOUSEHOLD_2_004,12324,17.08
TX_2,HOUSEHOLD_2_004,12325,17.08
TX_2,HOUSEHOLD_2_004,12326,17.08
TX_2,HOUSEHOLD_2_004,12327,17.08
TX_2,HOUSEHOLD_2_004,12328,17.08
TX_2,HOUSEHOLD_2_004,12329,17.08
TX_2,HOUSEHOLD_2_004,12330,17.08
TX_2,HOUSEHOLD_2_004,12331,17.08
TX_2,HOUSEHOLD_2_004,12332,17.08
TX_2,HOUSEHOLD_2_004,12333,17.08
TX_2,HOUSEHOLD_2_004,12334,17.08
TX_2,HOUSEHOLD_2_004,12335,17.08
TX_2,HOUSEHOLD_2_004,12336,17.08
TX_2,HOUSEHOLD_2_004,12337,17.08
TX_2,HOUSEHOLD_2_004,12338,17.08
TX_2,HOUSEHOLD_2_004,12339,14.52
TX_2,HOUSEHOLD_2_004,12340,14.52
TX_2,HOUSEHOLD_2_004,12341,17.08
TX_2,HOUSEHOLD_2_004,12342,14.52
TX_2,HOUSEHOLD_2_004,12343,17.08
TX_2,HOUSEHOLD_2_004,12344,17.08
TX_2,HOUSEHOLD_2_004,12345,17.08
TX_2,HOUSEHOLD_2_004,12346,17.08
TX_2,HOUSEHOLD_2_004,12347,17.08
TX_2,HOUSEHOLD_2_004,12348,17.08
TX_2,HOUSEHOLD_2_004,12349,17.08
TX_2,HOUSEHOLD_2_004,12350,17.08
TX_2,HOUSEHOLD_2_004,12351,17.08
TX_2,HOUSEHOLD_2_004,12352,17.08
WI_1,FOODS_1_001,12152,3.68
WI_1,FOODS_1_001,12201,3.13
WI_1,FOODS_1_001,12202,3.68
WI_1,FOODS_1_001,12203,3.68
WI_1,FOODS_1_001,12204,3.68
WI_1,FOODS_1_001,12205,3.68
WI_1,FOODS_1_001,12206,3.68
WI_1,FOODS_1_001,12207,3.13
WI_1,FOODS_1_001,12208,3.13
WI_1,FOODS_1_001,12209,3.13
WI_1,FOODS_1_001,12210,3.13
WI_1,FOODS_1_001,12211,3.13
WI_1,FOODS_1_001,12212,3.68
WI_1,FOODS_1_001,12213,3.68
WI_1,FOODS_1_001,12214,3.68
WI_1,FOODS_1_001,12215,3.68
WI_1,FOODS_1_001,12216,3.13
WI_1,FOODS_1_001,12217,3.68
WI_1,FOODS_1_001,12218,3.68
WI_1,FOODS_1_001,12219,3.68
WI_1,FOODS_1_001,12220,3.68
WI_1,FOODS_1_001,12221,3.68
WI_1,FOODS_1_001,12222,3.68
WI_1,FOODS_1_001,12223,3.68
WI_1,FOODS_1_001,12224,3.68
WI_1,FOODS_1_001,12225,3.68
WI_1,FOODS_1_001,12226,3.68
WI_1,FOODS_1_001,12227,3.68
WI_1,FOODS_1_001,12228,3.68
WI_1,FOODS_1_001,12229,3.68
WI_1,FOODS_1_001,12230,3.68
WI_1,FOODS_1_001,12231,3.13
WI_1,FOODS_1_001,12232,3.68
WI_1,FOODS_1_001,12233,3.68
WI_1,FOODS_1_001,12234,3.68
WI_1,FOODS_1_001,12235,3.68
WI_1,FOODS_1_001,12236,3.68
WI_1,FOODS_1_001,12237,3.68
WI_1,FOODS_1_001,12238,3.13
WI_1,FOODS_1_001,12239,3.68
WI_1,FOODS_1_001,12240,3.68
WI_1,FOODS_1_001,12241,3.68
WI_1,FOODS_1_001,12242,3.68
WI_1,FOODS_1_001,12243,3.68
WI_1,FOODS_1_001,12244,3.68
WI_1,FOODS_1_001,12245,3.13
WI_1,FOODS_1_001,12246,3.68
WI_1,FOODS_1_001,12247,3.13
WI_1,FOODS_1_001,12248,3.13
WI_1,FOODS_1_001,12249,3.13
WI_1,FOODS_1_001,12250,3.68
WI_1,FOODS_1_001,12251,3.68
WI_1,FOODS_1_001,12252,3.68
WI_1,FOODS_1_001,12301,3.68
WI_1,FOODS_1_001,12302,3.68
WI_1,FOODS_1_001,12303,3.68
WI_1,FOODS_1_001,12304,3.68
WI_1,FOODS_1_001,12305,3.68
WI_1,FOODS_1_001,12306,3.68
WI_1,FOODS_1_001,12307,3.68
WI_1,FOODS_1_001,12308,3.68
WI_1,FOODS_1_001,12309,3.68
WI_1,FOODS_1_001,12310,3.68
WI_1,FOODS_1_001,12311,3.68
WI_1,FOODS_1_001,12312,3.68
WI_1,FOODS_1_001,12313,3.68
WI_1,FOODS_1_001,12314,3.68
WI_1,FOODS_1_001,12315,3.68
WI_1,FOODS_1_001,12316,3.68
WI_1,FOODS_1_001,12317,3.13
WI_1,FOODS_1_001,12318,3.68
WI_1,FOODS_1_001,12319,3.68
WI_1,FOODS_1_001,12320,3.68
WI_1,FOODS_1_001,12321,3.68
WI_1,FOODS_1_001,12322,3.68
WI_1,FOODS_1_001,12323,3.13
WI_1,FOODS_1_001,12324,3.68
WI_1,FOODS_1_001,12325,3.68
WI_1,FOODS_1_001,12326,3.13
WI_1,FOODS_1_001,12327,3.68
WI_1,FOODS_1_001,12328,3.13
WI_1,FOODS_1_001,12329,3.68
WI_1,FOODS_1_001,12330,3.68
WI_1,FOODS_1_001,12331,3.68
WI_1,FOODS_1_001,12332,3.68
WI_1,FOODS_1_001,12333,3.13
WI_1,FOODS_1_001,12334,3.68
WI_1,FOODS_1_001,12335,3.68
WI_1,FOODS_1_001,12336,3.68
WI_1,FOODS_1_001,12337,3.68
WI_1,FOODS_1_001,12338,3.68
WI_1,FOODS_1_001,12339,3.68
WI_1,FOODS_1_001,12340,3.68
WI_1,FOODS_1_001,12341,3.68
WI_1,FOODS_1_001,12342,3.68
WI_1,FOODS_1_001,12343,3.13
WI_1,FOODS_1_001,12344,3.68
WI_1,FOODS_1_001,12345,3.68
WI_1,FOODS_1_001,12346,3.68
WI_1,FOODS_1_001,12347,3.68
WI_1,FOODS_1_001,12348,3.68
WI_1,FOODS_1_001,12349,3.13
WI_1,FOODS_1_001,12350,3.68
WI_1,FOODS_1_001,12351,3.68
WI_1,FOODS_1_001,12352,3.68
WI_1,FOODS_1_002,12152,3.87
WI_1,FOODS_1_002,12201,3.87
WI_1,FOODS_1_002,12202,3.87
WI_1,FOODS_1_002,12203,4.55
WI_1,FOODS_1_002,12204,4.55
WI_1,FOODS_1_002,12205,4.55
WI_1,FOODS_1_002,12206,4.55
WI_1,FOODS_1_002,12207,4.55
WI_1,FOODS_1_002,12208,4.55
WI_1,FOODS_1_002,12209,4.55
WI_1,FOODS_1_002,12210,4.55
WI_1,FOODS_1_002,12211,4.55
WI_1,FOODS_1_002,12212,4.55
WI_1,FOODS_1_002,12213,4.55
WI_1,FOODS_1_002,12214,4.55
WI_1,FOODS_1_002,12215,4.55
WI_1,FOODS_1_002,12216,4.55
WI_1,FOODS_1_002,12217,4.55
WI_1,FOODS_1_002,12218,3.87
WI_1,FOODS_1_002,12219,4.55
WI_1,FOODS_1_002,12220,3.87
WI_1,FOODS_1_002,12221,4.55
WI_1,FOODS_1_002,12222,4.55
WI_1,FOODS_1_002,12223,4.55
WI_1,FOODS_1_002,12224,4.55
WI_1,FOODS_1_002,12225,4.55
WI_1,FOODS_1_002,12226,3.87
WI_1,FOODS_1_002,12227,3.87
WI_1,FOODS_1_002,12228,4.55
WI_1,FOODS_1_002,12229,4.55
WI_1,FOODS_1_002,12230,4.55
WI_1,FOODS_1_002,12231,3.87
WI_1,FOODS_1_002,12232,4.55
WI_1,FOODS_1_002,12233,4.55
WI_1,FOODS_1_002,12234,3.87
WI_1,FOODS_1_002,12235,3.87
WI_1,FOODS_1_002,12236,4.55
WI_1,FOODS_1_002,12237,4.55
WI_1,FOODS_1_002,12238,4.55
WI_1,FOODS_1_002,12239,4.55
WI_1,FOODS_1_002,12240,4.55
WI_1,FOODS_1_002,12241,4.55
WI_1,FOODS_1_002,12242,4.55
WI_1,FOODS_1_002,12243,4.55
WI_1,FOODS_1_002,12244,3.87
WI_1,FOODS_1_002,12245,4.55
WI_1,FOODS_1_002,12246,4.55
WI_1,FOODS_1_002,12247,4.55
WI_1,FOODS_1_002,12248,4.55
WI_1,FOODS_1_002,12249,4.55
WI_1,FOODS_1_002,12250,4.55
WI_1,FOODS_1_002,12251,4.55
WI_1,FOODS_1_002,12252,4.55
WI_1,FOODS_1_002,12301,4.55
WI_1,FOODS_1_002,12302,4.55
WI_1,FOODS_1_002,12303,4.55
WI_1,FOODS_1_002,12304,4.55
WI_1,FOODS_1_002,12305,3.87
WI_1,FOODS_1_002,12306,4.55
WI_1,FOODS_1_002,12307,4.55
WI_1,FOODS_1_002,12308,4.55
WI_1,FOODS_1_002,12309,3.87
WI_1,FOODS_1_002,12310,3.87
WI_1,FOODS_1_002,12311,4.55
WI_1,FOODS_1_002,12312,4.55
WI_1,FOODS_1_002,12313,4.55
WI_1,FOODS_1_002,12314,4.55
WI_1,FOODS_1_002,12315,3.87
WI_1,FOODS_1_002,12316,4.55
WI_1,FOODS_1_002,12317,4.55
WI_1,FOODS_1_002,12318,4.55
WI_1,FOODS_1_002,12319,4.55
WI_1,FOODS_1_002,12320,4.55
WI_1,FOODS_1_002,12321,3.87
WI_1,FOODS_1_002,12322,4.55
WI_1,FOODS_1_002,12323,3.87
WI_1,FOODS_1_002,12324,3.87
WI_1,FOODS_1_002,12325,4.55
WI_1,FOODS_1_002,12326,4.55
WI_1,FOODS_1_002,12327,4.55
WI_1,FOODS_1_002,12328,4.55
WI_1,FOODS_1_002,12329,4.55
WI_1,FOODS_1_002,12330,4.55
WI_1,FOODS_1_002,12331,4.55
WI_1,FOODS_1_002,12332,4.55
WI_1,FOODS_1_002,12333,4.55
WI_1,FOODS_1_002,12334,3.87
WI_1,FOODS_1_002,12335,3.87
WI_1,FOODS_1_002,12336,4.55
WI_1,FOODS_1_002,12337,4.55
WI_1,FOODS_1_002,12338,4.55
WI_1,FOODS_1_002,12339,4.55
WI_1,FOODS_1_002,12340,4.55
WI_1,FOODS_1_002,12341,4.55
WI_1,FOODS_1_002,12342,4.55
WI_1,FOODS_1_002,12343,4.55
WI_1,FOODS_1_002,12344,4.55
WI_1,FOODS_1_002,12345,4.55
WI_1,FOODS_1_002,12346,4.55
WI_1,FOODS_1_002,12347,4.55
WI_1,FOODS_1_002,12348,4.55
WI_1,FOODS_1_002,12349,4.55
WI_1,FOODS_1_002,12350,3.87
WI_1,FOODS_1_002,12351,4.55
WI_1,FOODS_1_002,12352,4.55
WI_1,FOODS_1_003,12152,4.61
WI_1,FOODS_1_003,12201,5.42
WI_1,FOODS_1_003,12202,5.42
WI_1,FOODS_1_003,12203,5.42
WI_1,FOODS_1_003,12204,5.42
WI_1,FOODS_1_003,12205,5.42
WI_1,FOODS_1_003,12206,5.42
WI_1,FOODS_1_003,12207,5.42
WI_1,FOODS_1_003,12208,5.42
WI_1,FOODS_1_003,12209,5.42
WI_1,FOODS_1_003,12210,4.61
WI_1,FOODS_1_003,12211,4.61
WI_1,FOODS_1_003,12212,5.42
WI_1,FOODS_1_003,12213,4.61
WI_1,FOODS_1_003,12214,5.42
WI_1,FOODS_1_003,12215,5.42
WI_1,FOODS_1_003,12216,5.42
WI_1,FOODS_1_003,12217,5.42
WI_1,FOODS_1_003,12218,5.42
WI_1,FOODS_1_003,12219,5.42
WI_1,FOODS_1_003,12220,4.61
WI_1,FOODS_1_003,12221,5.42
WI_1,FOODS_1_003,12222,5.42
WI_1,FOODS_1_003,12223,4.61
WI_1,FOODS_1_003,12224,5.42
WI_1,FOODS_1_003,12225,4.61
WI_1,FOODS_1_003,12226,5.42
WI_1,FOODS_1_003,12227,5.42
WI_1,FOODS_1_003,12228,5.42
WI_1,FOODS_1_003,12229,5.42
WI_1,FOODS_1_003,12230,5.42
WI_1,FOODS_1_003,12231,4.61
WI_1,FOODS_1_003,12232,5.42
WI_1,FOODS_1_003,12233,5.42
WI_1,FOODS_1_003,12234,5.42
WI_1,FOODS_1_003,12235,5.42
WI_1,FOODS_1_003,12236,5.42
WI_1,FOODS_1_003,12237,5.42
WI_1,FOODS_1_003,12238,5.42
WI_1,FOODS_1_003,12239,5.42
WI_1,FOODS_1_003,12240,5.42
WI_1,FOODS_1_003,12241,5.42
WI_1,FOODS_1_003,12242,5.42
WI_1,FOODS_1_003,12243,5.42
WI_1,FOODS_1_003,12244,5.42
WI_1,FOODS_1_003,12245,5.42
WI_1,FOODS_1_003,12246,4.61
WI_1,FOODS_1_003,12247,5.42
WI_1,FOODS_1_003,12248,5.42
WI_1,FOODS_1_003,12249,4.61
WI_1,FOODS_1_003,12250,5.42
WI_1,FOODS_1_003,12251,5.42
WI_1,FOODS_1_003,12252,5.42
WI_1,FOODS_1_003,12301,5.42
WI_1,FOODS_1_003,12302,5.42
WI_1,FOODS_1_003,12303,4.61
WI_1,FOODS_1_003,12304,5.42
WI_1,FOODS_1_003,12305,5.42
WI_1,FOODS_1_003,12306,5.42
WI_1,FOODS_1_003,12307,5.42
WI_1,FOODS_1_003,12308,5.42
WI_1,FOODS_1_003,12309,5.42
WI_1,FOODS_1_003,12310,5.42
WI_1,FOODS_1_003,12311,5.42
WI_1,FOODS_1_003,12312,5.42
WI_1,FOODS_1_003,12313,5.42
WI_1,FOODS_1_003,12314,5.42
WI_1,FOODS_1_003,12315,5.42
WI_1,FOODS_1_003,12316,5.42
WI_1,FOODS_1_003,12317,5.42
WI_1,FOODS_1_003,12318,5.42
WI_1,FOODS_1_003,12319,5.42
WI_1,FOODS_1_003,12320,5.42
WI_1,FOODS_1_003,12321,5.42
WI_1,FOODS_1_003,12322,5.42
WI_1,FOODS_1_003,12323,4.61
WI_1,FOODS_1_003,12324,5.42
WI_1,FOODS_1_003,12325,5.42
WI_1,FOODS_1_003,12326,5.42
WI_1,FOODS_1_003,12327,5.42
WI_1,FOODS_1_003,12328,5.42
WI_1,FOODS_1_003,12329,5.42
WI_1,FOODS_1_003,12330,5.42
WI_1,FOODS_1_003,12331,5.42
WI_1,FOODS_1_003,12332,5.42
WI_1,FOODS_1_003,12333,5.42
WI_1,FOODS_1_003,12334,5.42
WI_1,FOODS_1_003,12335,5.42
WI_1,FOODS_1_003,12336,4.61
WI_1,FOODS_1_003,12337,5.42
WI_1,FOODS_1_003,12338,5.42
WI_1,FOODS_1_003,12339,5.42
WI_1,FOODS_1_003,12340,5.42
WI_1,FOODS_1_003,12341,5.42
WI_1,FOODS_1_003,12342,5.42
WI_1,FOODS_1_003,12343,5.42
WI_1,FOODS_1_003,12344,5.42
WI_1,FOODS_1_003,12345,5.42
WI_1,FOODS_1_003,12346,5.42
WI_1,FOODS_1_003,12347,5.42
WI_1,FOODS_1_003,12348,5.42
WI_1,FOODS_1_003,12349,5.42
WI_1,FOODS_1_003,12350,4.61
WI_1,FOODS_1_003,12351,5.42
WI_1,FOODS_1_003,12352,5.42
WI_1,FOODS_1_004,12152,6.3
WI_1,FOODS_1_004,12201,6.3
WI_1,FOODS_1_004,12202,6.3
WI_1,FOODS_1_004,12203,5.35
WI_1,FOODS_1_004,12204,6.3
WI_1,FOODS_1_004,12205,6.3
WI_1,FOODS_1_004,12206,6.3
WI_1,FOODS_1_004,12207,5.35
WI_1,FOODS_1_004,12208,6.3
WI_1,FOODS_1_004,12209,5.35
WI_1,FOODS_1_004,12210,6.3
WI_1,FOODS_1_004,12211,6.3
WI_1,FOODS_1_004,12212,6.3
WI_1,FOODS_1_004,12213,6.3
WI_1,FOODS_1_004,12214,6.3
WI_1,FOODS_1_004,12215,6.3
WI_1,FOODS_1_004,12216,6.3
WI_1,FOODS_1_004,12217,5.35
WI_1,FOODS_1_004,12218,6.3
WI_1,FOODS_1_004,12219,6.3
WI_1,FOODS_1_004,12220,6.3
WI_1,FOODS_1_004,12221,6.3
WI_1,FOODS_1_004,12222,6.3
WI_1,FOODS_1_004,12223,6.3
WI_1,FOODS_1_004,12224,6.3
WI_1,FOODS_1_004,12225,6.3
WI_1,FOODS_1_004,12226,6.3
WI_1,FOODS_1_004,12227,6.3
WI_1,FOODS_1_004,12228,6.3
WI_1,FOODS_1_004,12229,6.3
WI_1,FOODS_1_004,12230,6.3
WI_1,FOODS_1_004,12231,6.3
WI_1,FOODS_1_004,12232,6.3
WI_1,FOODS_1_004,12233,6.3
WI_1,FOODS_1_004,12234,6.3
WI_1,FOODS_1_004,12235,5.35
WI_1,FOODS_1_004,12236,6.3
WI_1,FOODS_1_004,12237,6.3
WI_1,FOODS_1_004,12238,6.3
WI_1,FOODS_1_004,12239,6.3
WI_1,FOODS_1_004,12240,5.35
WI_1,FOODS_1_004,12241,6.3
WI_1,FOODS_1_004,12242,6.3
WI_1,FOODS_1_004,12243,6.3
WI_1,FOODS_1_004,12244,6.3
WI_1,FOODS_1_004,12245,6.3
WI_1,FOODS_1_004,12246,6.3
WI_1,FOODS_1_004,12247,6.3
WI_1,FOODS_1_004,12248,6.3
WI_1,FOODS_1_004,12249,6.3
WI_1,FOODS_1_004,12250,6.3
WI_1,FOODS_1_004,12251,6.3
WI_1,FOODS_1_004,12252,6.3
WI_1,FOODS_1_004,12301,6.3
WI_1,FOODS_1_004,12302,6.3
WI_1,FOODS_1_004,12303,6.3
WI_1,FOODS_1_004,12304,6.3
WI_1,FOODS_1_004,12305,6.3
WI_1,FOODS_1_004,12306,5.35
WI_1,FOODS_1_004,12307,5.35
WI_1,FOODS_1_004,12308,6.3
WI_1,FOODS_1_004,12309,6.3
WI_1,FOODS_1_004,12310,6.3
WI_1,FOODS_1_004,12311,5.35
WI_1,FOODS_1_004,12312,6.3
WI_1,FOODS_1_004,12313,6.3
WI_1,FOODS_1_004,12314,6.3
WI_1,FOODS_1_004,12315,6.3
WI_1,FOODS_1_004,12316,6.3
WI_1,FOODS_1_004,12317,6.3
WI_1,FOODS_1_004,12318,6.3
WI_1,FOODS_1_004,12319,5.35
WI_1,FOODS_1_004,12320,5.35
WI_1,FOODS_1_004,12321,5.35
WI_1,FOODS_1_004,12322,6.3
WI_1,FOODS_1_004,12323,6.3
WI_1,FOODS_1_004,12324,6.3
WI_1,FOODS_1_004,12325,5.35
WI_1,FOODS_1_004,12326,6.3
WI_1,FOODS_1_004,12327,6.3
WI_1,FOODS_1_004,12328,6.3
WI_1,FOODS_1_004,12329,5.35
WI_1,FOODS_1_004,12330,5.35
WI_1,FOODS_1_004,12331,6.3
WI_1,FOODS_1_004,12332,6.3
WI_1,FOODS_1_004,12333,6.3
WI_1,FOODS_1_004,12334,6.3
WI_1,FOODS_1_004,12335,6.3
WI_1,FOODS_1_004,12336,6.3
WI_1,FOODS_1_004,12337,6.3
WI_1,FOODS_1_004,12338,6.3
WI_1,FOODS_1_004,12339,6.3
WI_1,FOODS_1_004,12340,6.3
WI_1,FOODS_1_004,12341,6.3
WI_1,FOODS_1_004,12342,6.3
WI_1,FOODS_1_004,12343,6.3
WI_1,FOODS_1_004,12344,6.3
WI_1,FOODS_1_004,12345,5.35
WI_1,FOODS_1_004,12346,6.3
WI_1,FOODS_1_004,12347,6.3
WI_1,FOODS_1_004,12348,6.3
WI_1,FOODS_1_004,12349,5.35
WI_1,FOODS_1_004,12350,6.3
WI_1,FOODS_1_004,12351,6.3
WI_1,FOODS_1_004,12352,5.35
WI_1,FOODS_2_001,12152,3.68
WI_1,FOODS_2_001,12201,3.68
WI_1,FOODS_2_001,12202,3.68
WI_1,FOODS_2_001,12203,3.68
WI_1,FOODS_2_001,12204,3.13
WI_1,FOODS_2_001,12205,3.68
WI_1,FOODS_2_001,12206,3.68
WI_1,FOODS_2_001,12207,3.68
WI_1,FOODS_2_001,12208,3.68
WI_1,FOODS_2_001,12209,3.68
WI_1,FOODS_2_001,12210,3.68
WI_1,FOODS_2_001,12211,3.68
WI_1,FOODS_2_001,12212,3.68
WI_1,FOODS_2_001,12213,3.68
WI_1,FOODS_2_001,12214,3.68
WI_1,FOODS_2_001,12215,3.68
WI_1,FOODS_2_001,12216,3.68
WI_1,FOODS_2_001,12217,3.68
WI_1,FOODS_2_001,12218,3.68
WI_1,FOODS_2_001,12219,3.68
WI_1,FOODS_2_001,12220,3.68
WI_1,FOODS_2_001,12221,3.68
WI_1,FOODS_2_001,12222,3.13
WI_1,FOODS_2_001,12223,3.68
WI_1,FOODS_2_001,12224,3.13
WI_1,FOODS_2_001,12225,3.13
WI_1,FOODS_2_001,12226,3.68
WI_1,FOODS_2_001,12227,3.68
WI_1,FOODS_2_001,12228,3.68
WI_1,FOODS_2_001,12229,3.68
WI_1,FOODS_2_001,12230,3.68
WI_1,FOODS_2_001,12231,3.68
WI_1,FOODS_2_001,12232,3.68
WI_1,FOODS_2_001,12233,3.68
WI_1,FOODS_2_001,12234,3.68
WI_1,FOODS_2_001,12235,3.68
WI_1,FOODS_2_001,12236,3.68
WI_1,FOODS_2_001,12237,3.68
WI_1,FOODS_2_001,12238,3.13
WI_1,FOODS_2_001,12239,3.68
WI_1,FOODS_2_001,12240,3.13
WI_1,FOODS_2_001,12241,3.13
WI_1,FOODS_2_001,12242,3.68
WI_1,FOODS_2_001,12243,3.68
WI_1,FOODS_2_001,12244,3.68
WI_1,FOODS_2_001,12245,3.68
WI_1,FOODS_2_001,12246,3.68
WI_1,FOODS_2_001,12247,3.13
WI_1,FOODS_2_001,12248,3.68
WI_1,FOODS_2_001,12249,3.68
WI_1,FOODS_2_001,12250,3.68
WI_1,FOODS_2_001,12251,3.68
WI_1,FOODS_2_001,12252,3.13
WI_1,FOODS_2_001,12301,3.68
WI_1,FOODS_2_001,12302,3.68
WI_1,FOODS_2_001,12303,3.68
WI_1,FOODS_2_001,12304,3.68
WI_1,FOODS_2_001,12305,3.68
WI_1,FOODS_2_001,12306,3.68
WI_1,FOODS_2_001,12307,3.68
WI_1,FOODS_2_001,12308,3.13
WI_1,FOODS_2_001,12309,3.13
WI_1,FOODS_2_001,12310,3.68
WI_1,FOODS_2_001,12311,3.68
WI_1,FOODS_2_001,12312,3.13
WI_1,FOODS_2_001,12313,3.13
WI_1,FOODS_2_001,12314,3.13
WI_1,FOODS_2_001,12315,3.13
WI_1,FOODS_2_001,12316,3.68
WI_1,FOODS_2_001,12317,3.68
WI_1,FOODS_2_001,12318,3.68
WI_1,FOODS_2_001,12319,3.68
WI_1,FOODS_2_001,12320,3.68
WI_1,FOODS_2_001,12321,3.68
WI_1,FOODS_2_001,12322,3.68
WI_1,FOODS_2_001,12323,3.68
WI_1,FOODS_2_001,12324,3.68
WI_1,FOODS_2_001,12325,3.68
WI_1,FOODS_2_001,12326,3.68
WI_1,FOODS_2_001,12327,3.68
WI_1,FOODS_2_001,12328,3.68
WI_1,FOODS_2_001,12329,3.68
WI_1,FOODS_2_001,12330,3.68
WI_1,FOODS_2_001,12331,3.13
WI_1,FOODS_2_001,12332,3.68
WI_1,FOODS_2_001,12333,3.68
WI_1,FOODS_2_001,12334,3.13
WI_1,FOODS_2_001,12335,3.68
WI_1,FOODS_2_001,12336,3.68
WI_1,FOODS_2_001,12337,3.13
WI_1,FOODS_2_001,12338,3.68
WI_1,FOODS_2_001,12339,3.13
WI_1,FOODS_2_001,12340,3.68
WI_1,FOODS_2_001,12341,3.68
WI_1,FOODS_2_001,12342,3.68
WI_1,FOODS_2_001,12343,3.68
WI_1,FOODS_2_001,12344,3.68
WI_1,FOODS_2_001,12345,3.68
WI_1,FOODS_2_001,12346,3.68
WI_1,FOODS_2_001,12347,3.68
WI_1,FOODS_2_001,12348,3.68
WI_1,FOODS_2_001,12349,3.68
WI_1,FOODS_2_001,12350,3.68
WI_1,FOODS_2_001,12351,3.68
WI_1,FOODS_2_001,12352,3.68
WI_1,FOODS_2_002,12152,4.55
WI_1,FOODS_2_002,12201,4.55
WI_1,FOODS_2_002,12202,4.55
WI_1,FOODS_2_002,12203,3.87
WI_1,FOODS_2_002,12204,3.87
WI_1,FOODS_2_002,12205,4.55
WI_1,FOODS_2_002,12206,4.55
WI_1,FOODS_2_002,12207,4.55
WI_1,FOODS_2_002,12208,4.55
WI_1,FOODS_2_002,12209,4.55
WI_1,FOODS_2_002,12210,4.55
WI_1,FOODS_2_002,12211,4.55
WI_1,FOODS_2_002,12212,4.55
WI_1,FOODS_2_002,12213,3.87
WI_1,FOODS_2_002,12214,4.55
WI_1,FOODS_2_002,12215,4.55
WI_1,FOODS_2_002,12216,4.55
WI_1,FOODS_2_002,12217,4.55
WI_1,FOODS_2_002,12218,4.55
WI_1,FOODS_2_002,12219,4.55
WI_1,FOODS_2_002,12220,4.55
WI_1,FOODS_2_002,12221,4.55
WI_1,FOODS_2_002,12222,4.55
WI_1,FOODS_2_002,12223,4.55
WI_1,FOODS_2_002,12224,4.55
WI_1,FOODS_2_002,12225,4.55
WI_1,FOODS_2_002,12226,4.55
WI_1,FOODS_2_002,12227,4.55
WI_1,FOODS_2_002,12228,4.55
WI_1,FOODS_2_002,12229,4.55
WI_1,FOODS_2_002,12230,4.55
WI_1,FOODS_2_002,12231,4.55
WI_1,FOODS_2_002,12232,4.55
WI_1,FOODS_2_002,12233,3.87
WI_1,FOODS_2_002,12234,4.55
WI_1,FOODS_2_002,12235,4.55
WI_1,FOODS_2_002,12236,4.55
WI_1,FOODS_2_002,12237,3.87
WI_1,FOODS_2_002,12238,4.55
WI_1,FOODS_2_002,12239,4.55
WI_1,FOODS_2_002,12240,4.55
WI_1,FOODS_2_002,12241,4.55
WI_1,FOODS_2_002,12242,3.87
WI_1,FOODS_2_002,12243,4.55
WI_1,FOODS_2_002,12244,4.55
WI_1,FOODS_2_002,12245,4.55
WI_1,FOODS_2_002,12246,4.55
WI_1,FOODS_2_002,12247,4.55
WI_1,FOODS_2_002,12248,4.55
WI_1,FOODS_2_002,12249,4.55
WI_1,FOODS_2_002,12250,3.87
WI_1,FOODS_2_002,12251,4.55
WI_1,FOODS_2_002,12252,4.55
WI_1,FOODS_2_002,12301,4.55
WI_1,FOODS_2_002,12302,4.55
WI_1,FOODS_2_002,12303,4.55
WI_1,FOODS_2_002,12304,4.55
WI_1,FOODS_2_002,12305,4.55
WI_1,FOODS_2_002,12306,4.55
WI_1,FOODS_2_002,12307,4.55
WI_1,FOODS_2_002,12308,4.55
WI_1,FOODS_2_002,12309,4.55
WI_1,FOODS_2_002,12310,4.55
WI_1,FOODS_2_002,12311,3.87
WI_1,FOODS_2_002,12312,4.55
WI_1,FOODS_2_002,12313,4.55
WI_1,FOODS_2_002,12314,4.55
WI_1,FOODS_2_002,12315,4.55
WI_1,FOODS_2_002,12316,4.55
WI_1,FOODS_2_002,12317,4.55
WI_1,FOODS_2_002,12318,4.55
WI_1,FOODS_2_002,12319,4.55
WI_1,FOODS_2_002,12320,4.55
WI_1,FOODS_2_002,12321,3.87
WI_1,FOODS_2_002,12322,4.55
WI_1,FOODS_2_002,12323,4.55
WI_1,FOODS_2_002,12324,4.55
WI_1,FOODS_2_002,12325,4.55
WI_1,FOODS_2_002,12326,3.87
WI_1,FOODS_2_002,12327,4.55
WI_1,FOODS_2_002,12328,4.55
WI_1,FOODS_2_002,12329,4.55
WI_1,FOODS_2_002,12330,4.55
WI_1,FOODS_2_002,12331,4.55
WI_1,FOODS_2_002,12332,4.55
WI_1,FOODS_2_002,12333,3.87
WI_1,FOODS_2_002,12334,4.55
WI_1,FOODS_2_002,12335,4.55
WI_1,FOODS_2_002,12336,4.55
WI_1,FOODS_2_002,12337,4.55
WI_1,FOODS_2_002,12338,4.55
WI_1,FOODS_2_002,12339,3.87
WI_1,FOODS_2_002,12340,4.55
WI_1,FOODS_2_002,12341,4.55
WI_1,FOODS_2_002,12342,4.55
WI_1,FOODS_2_002,12343,4.55
WI_1,FOODS_2_002,12344,4.55
WI_1,FOODS_2_002,12345,4.55
WI_1,FOODS_2_002,12346,4.55
WI_1,FOODS_2_002,12347,4.55
WI_1,FOODS_2_002,12348,4.55
WI_1,FOODS_2_002,12349,4.55
WI_1,FOODS_2_002,12350,4.55
WI_1,FOODS_2_002,12351,4.55
WI_1,FOODS_2_002,12352,4.55
WI_1,FOODS_2_003,12152,5.42
WI_1,FOODS_2_003,12201,5.42
WI_1,FOODS_2_003,12202,5.42
WI_1,FOODS_2_003,12203,5.42
WI_1,FOODS_2_003,12204,5.42
WI_1,FOODS_2_003,12205,5.42
WI_1,FOODS_2_003,12206,5.42
WI_1,FOODS_2_003,12207,5.42
WI_1,FOODS_2_003,12208,5.42
WI_1,FOODS_2_003,12209,5.42
WI_1,FOODS_2_003,12210,5.42
WI_1,FOODS_2_003,12211,5.42
WI_1,FOODS_2_003,12212,5.42
WI_1,FOODS_2_003,12213,5.42
WI_1,FOODS_2_003,12214,5.42
WI_1,FOODS_2_003,12215,4.61
WI_1,FOODS_2_003,12216,4.61
WI_1,FOODS_2_003,12217,5.42
WI_1,FOODS_2_003,12218,5.42
WI_1,FOODS_2_003,12219,5.42
WI_1,FOODS_2_003,12220,5.42
WI_1,FOODS_2_003,12221,5.42
WI_1,FOODS_2_003,12222,5.42
WI_1,FOODS_2_003,12223,5.42
WI_1,FOODS_2_003,12224,4.61
WI_1,FOODS_2_003,12225,4.61
WI_1,FOODS_2_003,12226,4.61
WI_1,FOODS_2_003,12227,5.42
WI_1,FOODS_2_003,12228,5.42
WI_1,FOODS_2_003,12229,5.42
WI_1,FOODS_2_003,12230,5.42
WI_1,FOODS_2_003,12231,5.42
WI_1,FOODS_2_003,12232,5.42
WI_1,FOODS_2_003,12233,5.42
WI_1,FOODS_2_003,12234,5.42
WI_1,FOODS_2_003,12235,5.42
WI_1,FOODS_2_003,12236,5.42
WI_1,FOODS_2_003,12237,5.42
WI_1,FOODS_2_003,12238,5.42
WI_1,FOODS_2_003,12239,5.42
WI_1,FOODS_2_003,12240,5.42
WI_1,FOODS_2_003,12241,4.61
WI_1,FOODS_2_003,12242,5.42
WI_1,FOODS_2_003,12243,5.42
WI_1,FOODS_2_003,12244,5.42
WI_1,FOODS_2_003,12245,5.42
WI_1,FOODS_2_003,12246,5.42
WI_1,FOODS_2_003,12247,5.42
WI_1,FOODS_2_003,12248,5.42
WI_1,FOODS_2_003,12249,5.42
WI_1,FOODS_2_003,12250,5.42
WI_1,FOODS_2_003,12251,5.42
WI_1,FOODS_2_003,12252,5.42
WI_1,FOODS_2_003,12301,5.42
WI_1,FOODS_2_003,12302,4.61
WI_1,FOODS_2_003,12303,4.61
WI_1,FOODS_2_003,12304,5.42
WI_1,FOODS_2_003,12305,5.42
WI_1,FOODS_2_003,12306,5.42
WI_1,FOODS_2_003,12307,5.42
WI_1,FOODS_2_003,12308,5.42
WI_1,FOODS_2_003,12309,5.42
WI_1,FOODS_2_003,12310,4.61
WI_1,FOODS_2_003,12311,5.42
WI_1,FOODS_2_003,12312,5.42
WI_1,FOODS_2_003,12313,4.61
WI_1,FOODS_2_003,12314,5.42
WI_1,FOODS_2_003,12315,5.42
WI_1,FOODS_2_003,12316,5.42
WI_1,FOODS_2_003,12317,5.42
WI_1,FOODS_2_003,12318,5.42
WI_1,FOODS_2_003,12319,5.42
WI_1,FOODS_2_003,12320,5.42
WI_1,FOODS_2_003,12321,5.42
WI_1,FOODS_2_003,12322,5.42
WI_1,FOODS_2_003,12323,5.42
WI_1,FOODS_2_003,12324,5.42
WI_1,FOODS_2_003,12325,4.61
WI_1,FOODS_2_003,12326,5.42
WI_1,FOODS_2_003,12327,5.42
WI_1,FOODS_2_003,12328,5.42
WI_1,FOODS_2_003,12329,5.42
WI_1,FOODS_2_003,12330,5.42
WI_1,FOODS_2_003,12331,5.42
WI_1,FOODS_2_003,12332,5.42
WI_1,FOODS_2_003,12333,5.42
WI_1,FOODS_2_003,12334,5.42
WI_1,FOODS_2_003,12335,5.42
WI_1,FOODS_2_003,12336,5.42
WI_1,FOODS_2_003,12337,4.61
WI_1,FOODS_2_003,12338,5.42
WI_1,FOODS_2_003,12339,5.42
WI_1,FOODS_2_003,12340,5.42
WI_1,FOODS_2_003,12341,4.61
WI_1,FOODS_2_003,12342,5.42
WI_1,FOODS_2_003,12343,5.42
WI_1,FOODS_2_003,12344,5.42
WI_1,FOODS_2_003,12345,4.61
WI_1,FOODS_2_003,12346,5.42
WI_1,FOODS_2_003,12347,5.42
WI_1,FOODS_2_003,12348,5.42
WI_1,FOODS_2_003,12349,5.42
WI_1,FOODS_2_003,12350,5.42
WI_1,FOODS_2_003,12351,4.61
WI_1,FOODS_2_003,12352,4.61
WI_1,FOODS_2_004,12152,6.3
WI_1,FOODS_2_004,12201,6.3
WI_1,FOODS_2_004,12202,6.3
WI_1,FOODS_2_004,12203,6.3
WI_1,FOODS_2_004,12204,6.3
WI_1,FOODS_2_004,12205,6.3
WI_1,FOODS_2_004,12206,5.35
WI_1,FOODS_2_004,12207,6.3
WI_1,FOODS_2_004,12208,6.3
WI_1,FOODS_2_004,12209,6.3
WI_1,FOODS_2_004,12210,6.3
WI_1,FOODS_2_004,12211,6.3
WI_1,FOODS_2_004,12212,6.3
WI_1,FOODS_2_004,12213,6.3
WI_1,FOODS_2_004,12214,6.3
WI_1,FOODS_2_004,12215,6.3
WI_1,FOODS_2_004,12216,6.3
WI_1,FOODS_2_004,12217,6.3
WI_1,FOODS_2_004,12218,6.3
WI_1,FOODS_2_004,12219,6.3
WI_1,FOODS_2_004,12220,6.3
WI_1,FOODS_2_004,12221,6.3
WI_1,FOODS_2_004,12222,6.3
WI_1,FOODS_2_004,12223,6.3
WI_1,FOODS_2_004,12224,6.3
WI_1,FOODS_2_004,12225,5.35
WI_1,FOODS_2_004,12226,6.3
WI_1,FOODS_2_004,12227,6.3
WI_1,FOODS_2_004,12228,6.3
WI_1,FOODS_2_004,12229,5.35
WI_1,FOODS_2_004,12230,6.3
WI_1,FOODS_2_004,12231,5.35
WI_1,FOODS_2_004,12232,5.35
WI_1,FOODS_2_004,12233,6.3
WI_1,FOODS_2_004,12234,6.3
WI_1,FOODS_2_004,12235,6.3
WI_1,FOODS_2_004,12236,6.3
WI_1,FOODS_2_004,12237,5.35
WI_1,FOODS_2_004,12238,6.3
WI_1,FOODS_2_004,12239,5.35
WI_1,FOODS_2_004,12240,6.3
WI_1,FOODS_2_004,12241,6.3
WI_1,FOODS_2_004,12242,6.3
WI_1,FOODS_2_004,12243,6.3
WI_1,FOODS_2_004,12244,5.35
WI_1,FOODS_2_004,12245,5.35
WI_1,FOODS_2_004,12246,6.3
WI_1,FOODS_2_004,12247,6.3
WI_1,FOODS_2_004,12248,6.3
WI_1,FOODS_2_004,12249,6.3
WI_1,FOODS_2_004,12250,5.35
WI_1,FOODS_2_004,12251,6.3
WI_1,FOODS_2_004,12252,6.3
WI_1,FOODS_2_004,12301,6.3
WI_1,FOODS_2_004,12302,6.3
WI_1,FOODS_2_004,12303,6.3
WI_1,FOODS_2_004,12304,5.35
WI_1,FOODS_2_004,12305,6.3
WI_1,FOODS_2_004,12306,6.3
WI_1,FOODS_2_004,12307,6.3
WI_1,FOODS_2_004,12308,6.3
WI_1,FOODS_2_004,12309,6.3
WI_1,FOODS_2_004,12310,6.3
WI_1,FOODS_2_004,12311,6.3
WI_1,FOODS_2_004,12312,6.3
WI_1,FOODS_2_004,12313,6.3
WI_1,FOODS_2_004,12314,6.3
WI_1,FOODS_2_004,12315,6.3
WI_1,FOODS_2_004,12316,6.3
WI_1,FOODS_2_004,12317,6.3
WI_1,FOODS_2_004,12318,6.3
WI_1,FOODS_2_004,12319,6.3
WI_1,FOODS_2_004,12320,5.35
WI_1,FOODS_2_004,12321,6.3
WI_1,FOODS_2_004,12322,5.35
WI_1,FOODS_2_004,12323,6.3
WI_1,FOODS_2_004,12324,6.3
WI_1,FOODS_2_004,12325,5.35
WI_1,FOODS_2_004,12326,5.35
WI_1,FOODS_2_004,12327,6.3
WI_1,FOODS_2_004,12328,6.3
WI_1,FOODS_2_004,12329,5.35
WI_1,FOODS_2_004,12330,6.3
WI_1,FOODS_2_004,12331,6.3
WI_1,FOODS_2_004,12332,5.35
WI_1,FOODS_2_004,12333,6.3
WI_1,FOODS_2_004,12334,6.3
WI_1,FOODS_2_004,12335,6.3
WI_1,FOODS_2_004,12336,6.3
WI_1,FOODS_2_004,12337,6.3
WI_1,FOODS_2_004,12338,6.3
WI_1,FOODS_2_004,12339,6.3
WI_1,FOODS_2_004,12340,6.3
WI_1,FOODS_2_004,12341,6.3
WI_1,FOODS_2_004,12342,6.3
WI_1,FOODS_2_004,12343,6.3
WI_1,FOODS_2_004,12344,6.3
WI_1,FOODS_2_004,12345,6.3
WI_1,FOODS_2_004,12346,6.3
WI_1,FOODS_2_004,12347,5.35
WI_1,FOODS_2_004,12348,5.35
WI_1,FOODS_2_004,12349,6.3
WI_1,FOODS_2_004,12350,6.3
WI_1,FOODS_2_004,12351,6.3
WI_1,FOODS_2_004,12352,6.3
WI_1,FOODS_3_001,12152,3.68
WI_1,FOODS_3_001,12201,3.68
WI_1,FOODS_3_001,12202,3.68
WI_1,FOODS_3_001,12203,3.68
WI_1,FOODS_3_001,12204,3.68
WI_1,FOODS_3_001,12205,3.68
WI_1,FOODS_3_001,12206,3.68
WI_1,FOODS_3_001,12207,3.68
WI_1,FOODS_3_001,12208,3.68
WI_1,FOODS_3_001,12209,3.68
WI_1,FOODS_3_001,12210,3.68
WI_1,FOODS_3_001,12211,3.13
WI_1,FOODS_3_001,12212,3.68
WI_1,FOODS_3_001,12213,3.68
WI_1,FOODS_3_001,12214,3.68
WI_1,FOODS_3_001,12215,3.68
WI_1,FOODS_3_001,12216,3.13
WI_1,FOODS_3_001,12217,3.13
WI_1,FOODS_3_001,12218,3.68
WI_1,FOODS_3_001,12219,3.68
WI_1,FOODS_3_001,12220,3.68
WI_1,FOODS_3_001,12221,3.68
WI_1,FOODS_3_001,12222,3.68
WI_1,FOODS_3_001,12223,3.68
WI_1,FOODS_3_001,12224,3.68
WI_1,FOODS_3_001,12225,3.68
WI_1,FOODS_3_001,12226,3.68
WI_1,FOODS_3_001,12227,3.68
WI_1,FOODS_3_001,12228,3.68
WI_1,FOODS_3_001,12229,3.68
WI_1,FOODS_3_001,12230,3.68
WI_1,FOODS_3_001,12231,3.13
WI_1,FOODS_3_001,12232,3.13
WI_1,FOODS_3_001,12233,3.68
WI_1,FOODS_3_001,12234,3.68
WI_1,FOODS_3_001,12235,3.68
WI_1,FOODS_3_001,12236,3.68
WI_1,FOODS_3_001,12237,3.68
WI_1,FOODS_3_001,12238,3.68
WI_1,FOODS_3_001,12239,3.68
WI_1,FOODS_3_001,12240,3.68
WI_1,FOODS_3_001,12241,3.68
WI_1,FOODS_3_001,12242,3.68
WI_1,FOODS_3_001,12243,3.68
WI_1,FOODS_3_001,12244,3.68
WI_1,FOODS_3_001,12245,3.68
WI_1,FOODS_3_001,12246,3.68
WI_1,FOODS_3_001,12247,3.68
WI_1,FOODS_3_001,12248,3.68
WI_1,FOODS_3_001,12249,3.68
WI_1,FOODS_3_001,12250,3.68
WI_1,FOODS_3_001,12251,3.68
WI_1,FOODS_3_001,12252,3.68
WI_1,FOODS_3_001,12301,3.68
WI_1,FOODS_3_001,12302,3.68
WI_1,FOODS_3_001,12303,3.68
WI_1,FOODS_3_001,12304,3.68
WI_1,FOODS_3_001,12305,3.13
WI_1,FOODS_3_001,12306,3.68
WI_1,FOODS_3_001,12307,3.68
WI_1,FOODS_3_001,12308,3.68
WI_1,FOODS_3_001,12309,3.68
WI_1,FOODS_3_001,12310,3.68
WI_1,FOODS_3_001,12311,3.68
WI_1,FOODS_3_001,12312,3.68
WI_1,FOODS_3_001,12313,3.68
WI_1,FOODS_3_001,12314,3.68
WI_1,FOODS_3_001,12315,3.68
WI_1,FOODS_3_001,12316,3.68
WI_1,FOODS_3_001,12317,3.13
WI_1,FOODS_3_001,12318,3.13
WI_1,FOODS_3_001,12319,3.13
WI_1,FOODS_3_001,12320,3.68
WI_1,FOODS_3_001,12321,3.13
WI_1,FOODS_3_001,12322,3.68
WI_1,FOODS_3_001,12323,3.68
WI_1,FOODS_3_001,12324,3.68
WI_1,FOODS_3_001,12325,3.68
WI_1,FOODS_3_001,12326,3.68
WI_1,FOODS_3_001,12327,3.68
WI_1,FOODS_3_001,12328,3.68
WI_1,FOODS_3_001,12329,3.68
WI_1,FOODS_3_001,12330,3.68
WI_1,FOODS_3_001,12331,3.68
WI_1,FOODS_3_001,12332,3.68
WI_1,FOODS_3_001,12333,3.68
WI_1,FOODS_3_001,12334,3.68
WI_1,FOODS_3_001,12335,3.68
WI_1,FOODS_3_001,12336,3.68
WI_1,FOODS_3_001,12337,3.68
WI_1,FOODS_3_001,12338,3.68
WI_1,FOODS_3_001,12339,3.68
WI_1,FOODS_3_001,12340,3.68
WI_1,FOODS_3_001,12341,3.68
WI_1,FOODS_3_001,12342,3.68
WI_1,FOODS_3_001,12343,3.68
WI_1,FOODS_3_001,12344,3.68
WI_1,FOODS_3_001,12345,3.68
WI_1,FOODS_3_001,12346,3.68
WI_1,FOODS_3_001,12347,3.13
WI_1,FOODS_3_001,12348,3.68
WI_1,FOODS_3_001,12349,3.68
WI_1,FOODS_3_001,12350,3.68
WI_1,FOODS_3_001,12351,3.68
WI_1,FOODS_3_001,12352,3.13
WI_1,FOODS_3_002,12152,4.55
WI_1,FOODS_3_002,12201,4.55
WI_1,FOODS_3_002,12202,4.55
WI_1,FOODS_3_002,12203,4.55
WI_1,FOODS_3_002,12204,4.55
WI_1,FOODS_3_002,12205,4.55
WI_1,FOODS_3_002,12206,4.55
WI_1,FOODS_3_002,12207,4.55
WI_1,FOODS_3_002,12208,4.55
WI_1,FOODS_3_002,12209,3.87
WI_1,FOODS_3_002,12210,3.87
WI_1,FOODS_3_002,12211,3.87
WI_1,FOODS_3_002,12212,4.55
WI_1,FOODS_3_002,12213,4.55
WI_1,FOODS_3_002,12214,3.87
WI_1,FOODS_3_002,12215,4.55
WI_1,FOODS_3_002,12216,3.87
WI_1,FOODS_3_002,12217,4.55
WI_1,FOODS_3_002,12218,4.55
WI_1,FOODS_3_002,12219,4.55
WI_1,FOODS_3_002,12220,4.55
WI_1,FOODS_3_002,12221,4.55
WI_1,FOODS_3_002,12222,4.55
WI_1,FOODS_3_002,12223,4.55
WI_1,FOODS_3_002,12224,4.55
WI_1,FOODS_3_002,12225,4.55
WI_1,FOODS_3_002,12226,4.55
WI_1,FOODS_3_002,12227,4.55
WI_1,FOODS_3_002,12228,4.55
WI_1,FOODS_3_002,12229,4.55
WI_1,FOODS_3_002,12230,4.55
WI_1,FOODS_3_002,12231,4.55
WI_1,FOODS_3_002,12232,4.55
WI_1,FOODS_3_002,12233,4.55
WI_1,FOODS_3_002,12234,4.55
WI_1,FOODS_3_002,12235,4.55
WI_1,FOODS_3_002,12236,4.55
WI_1,FOODS_3_002,12237,4.55
WI_1,FOODS_3_002,12238,4.55
WI_1,FOODS_3_002,12239,4.55
WI_1,FOODS_3_002,12240,4.55
WI_1,FOODS_3_002,12241,3.87
WI_1,FOODS_3_002,12242,4.55
WI_1,FOODS_3_002,12243,4.55
WI_1,FOODS_3_002,12244,4.55
WI_1,FOODS_3_002,12245,3.87
WI_1,FOODS_3_002,12246,3.87
WI_1,FOODS_3_002,12247,4.55
WI_1,FOODS_3_002,12248,3.87
WI_1,FOODS_3_002,12249,4.55
WI_1,FOODS_3_002,12250,4.55
WI_1,FOODS_3_002,12251,4.55
WI_1,FOODS_3_002,12252,4.55
WI_1,FOODS_3_002,12301,4.55
WI_1,FOODS_3_002,12302,4.55
WI_1,FOODS_3_002,12303,4.55
WI_1,FOODS_3_002,12304,4.55
WI_1,FOODS_3_002,12305,4.55
WI_1,FOODS_3_002,12306,4.55
WI_1,FOODS_3_002,12307,4.55
WI_1,FOODS_3_002,12308,4.55
WI_1,FOODS_3_002,12309,4.55
WI_1,FOODS_3_002,12310,4.55
WI_1,FOODS_3_002,12311,4.55
WI_1,FOODS_3_002,12312,4.55
WI_1,FOODS_3_002,12313,4.55
WI_1,FOODS_3_002,12314,4.55
WI_1,FOODS_3_002,12315,4.55
WI_1,FOODS_3_002,12316,4.55
WI_1,FOODS_3_002,12317,4.55
WI_1,FOODS_3_002,12318,4.55
WI_1,FOODS_3_002,12319,4.55
WI_1,FOODS_3_002,12320,4.55
WI_1,FOODS_3_002,12321,4.55
WI_1,FOODS_3_002,12322,4.55
WI_1,FOODS_3_002,12323,4.55
WI_1,FOODS_3_002,12324,4.55
WI_1,FOODS_3_002,12325,3.87
WI_1,FOODS_3_002,12326,4.55
WI_1,FOODS_3_002,12327,4.55
WI_1,FOODS_3_002,12328,4.55
WI_1,FOODS_3_002,12329,3.87
WI_1,FOODS_3_002,12330,4.55
WI_1,FOODS_3_002,12331,4.55
WI_1,FOODS_3_002,12332,4.55
WI_1,FOODS_3_002,12333,4.55
WI_1,FOODS_3_002,12334,4.55
WI_1,FOODS_3_002,12335,4.55
WI_1,FOODS_3_002,12336,4.55
WI_1,FOODS_3_002,12337,4.55
WI_1,FOODS_3_002,12338,4.55
WI_1,FOODS_3_002,12339,4.55
WI_1,FOODS_3_002,12340,4.55
WI_1,FOODS_3_002,12341,4.55
WI_1,FOODS_3_002,12342,4.55
WI_1,FOODS_3_002,12343,4.55
WI_1,FOODS_3_002,12344,3.87
WI_1,FOODS_3_002,12345,4.55
WI_1,FOODS_3_002,12346,3.87
WI_1,FOODS_3_002,12347,4.55
WI_1,FOODS_3_002,12348,4.55
WI_1,FOODS_3_002,12349,4.55
WI_1,FOODS_3_002,12350,4.55
WI_1,FOODS_3_002,12351,4.55
WI_1,FOODS_3_002,12352,4.55
WI_1,FOODS_3_003,12152,5.42
WI_1,FOODS_3_003,12201,5.42
WI_1,FOODS_3_003,12202,5.42
WI_1,FOODS_3_003,12203,4.61
WI_1,FOODS_3_003,12204,4.61
WI_1,FOODS_3_003,12205,4.61
WI_1,FOODS_3_003,12206,5.42
WI_1,FOODS_3_003,12207,5.42
WI_1,FOODS_3_003,12208,5.42
WI_1,FOODS_3_003,12209,5.42
WI_1,FOODS_3_003,12210,4.61
WI_1,FOODS_3_003,12211,5.42
WI_1,FOODS_3_003,12212,4.61
WI_1,FOODS_3_003,12213,5.42
WI_1,FOODS_3_003,12214,5.42
WI_1,FOODS_3_003,12215,5.42
WI_1,FOODS_3_003,12216,5.42
WI_1,FOODS_3_003,12217,4.61
WI_1,FOODS_3_003,12218,5.42
WI_1,FOODS_3_003,12219,4.61
WI_1,FOODS_3_003,12220,5.42
WI_1,FOODS_3_003,12221,5.42
WI_1,FOODS_3_003,12222,5.42
WI_1,FOODS_3_003,12223,5.42
WI_1,FOODS_3_003,12224,5.42
WI_1,FOODS_3_003,12225,5.42
WI_1,FOODS_3_003,12226,5.42
WI_1,FOODS_3_003,12227,5.42
WI_1,FOODS_3_003,12228,5.42
WI_1,FOODS_3_003,12229,5.42
WI_1,FOODS_3_003,12230,5.42
WI_1,FOODS_3_003,12231,5.42
WI_1,FOODS_3_003,12232,5.42
WI_1,FOODS_3_003,12233,4.61
WI_1,FOODS_3_003,12234,5.42
WI_1,FOODS_3_003,12235,5.42
WI_1,FOODS_3_003,12236,5.42
WI_1,FOODS_3_003,12237,5.42
WI_1,FOODS_3_003,12238,4.61
WI_1,FOODS_3_003,12239,5.42
WI_1,FOODS_3_003,12240,5.42
WI_1,FOODS_3_003,12241,5.42
WI_1,FOODS_3_003,12242,5.42
WI_1,FOODS_3_003,12243,5.42
WI_1,FOODS_3_003,12244,5.42
WI_1,FOODS_3_003,12245,5.42
WI_1,FOODS_3_003,12246,5.42
WI_1,FOODS_3_003,12247,5.42
WI_1,FOODS_3_003,12248,5.42
WI_1,FOODS_3_003,12249,5.42
WI_1,FOODS_3_003,12250,5.42
WI_1,FOODS_3_003,12251,5.42
WI_1,FOODS_3_003,12252,5.42
WI_1,FOODS_3_003,12301,5.42
WI_1,FOODS_3_003,12302,5.42
WI_1,FOODS_3_003,12303,5.42
WI_1,FOODS_3_003,12304,5.42
WI_1,FOODS_3_003,12305,5.42
WI_1,FOODS_3_003,12306,5.42
WI_1,FOODS_3_003,12307,5.42
WI_1,FOODS_3_003,12308,5.42
WI_1,FOODS_3_003,12309,5.42
WI_1,FOODS_3_003,12310,5.42
WI_1,FOODS_3_003,12311,4.61
WI_1,FOODS_3_003,12312,5.42
WI_1,FOODS_3_003,12313,5.42
WI_1,FOODS_3_003,12314,5.42
WI_1,FOODS_3_003,12315,5.42
WI_1,FOODS_3_003,12316,5.42
WI_1,FOODS_3_003,12317,5.42
WI_1,FOODS_3_003,12318,5.42
WI_1,FOODS_3_003,12319,5.42
WI_1,FOODS_3_003,12320,5.42
WI_1,FOODS_3_003,12321,5.42
WI_1,FOODS_3_003,12322,4.61
WI_1,FOODS_3_003,12323,4.61
WI_1,FOODS_3_003,12324,5.42
WI_1,FOODS_3_003,12325,5.42
WI_1,FOODS_3_003,12326,5.42
WI_1,FOODS_3_003,12327,5.42
WI_1,FOODS_3_003,12328,5.42
WI_1,FOODS_3_003,12329,5.42
WI_1,FOODS_3_003,12330,5.42
WI_1,FOODS_3_003,12331,5.42
WI_1,FOODS_3_003,12332,5.42
WI_1,FOODS_3_003,12333,4.61
WI_1,FOODS_3_003,12334,5.42
WI_1,FOODS_3_003,12335,5.42
WI_1,FOODS_3_003,12336,5.42
WI_1,FOODS_3_003,12337,4.61
WI_1,FOODS_3_003,12338,5.42
WI_1,FOODS_3_003,12339,5.42
WI_1,FOODS_3_003,12340,4.61
WI_1,FOODS_3_003,12341,5.42
WI_1,FOODS_3_003,12342,5.42
WI_1,FOODS_3_003,12343,5.42
WI_1,FOODS_3_003,12344,5.42
WI_1,FOODS_3_003,12345,5.42
WI_1,FOODS_3_003,12346,5.42
WI_1,FOODS_3_003,12347,5.42
WI_1,FOODS_3_003,12348,5.42
WI_1,FOODS_3_003,12349,5.42
WI_1,FOODS_3_003,12350,5.42
WI_1,FOODS_3_003,12351,4.61
WI_1,FOODS_3_003,12352,5.42
WI_1,FOODS_3_004,12152,6.3
WI_1,FOODS_3_004,12201,6.3
WI_1,FOODS_3_004,12202,6.3
WI_1,FOODS_3_004,12203,5.35
WI_1,FOODS_3_004,12204,6.3
WI_1,FOODS_3_004,12205,6.3
WI_1,FOODS_3_004,12206,6.3
WI_1,FOODS_3_004,12207,6.3
WI_1,FOODS_3_004,12208,6.3
WI_1,FOODS_3_004,12209,6.3
WI_1,FOODS_3_004,12210,6.3
WI_1,FOODS_3_004,12211,6.3
WI_1,FOODS_3_004,12212,6.3
WI_1,FOODS_3_004,12213,6.3
WI_1,FOODS_3_004,12214,6.3
WI_1,FOODS_3_004,12215,6.3
WI_1,FOODS_3_004,12216,6.3
WI_1,FOODS_3_004,12217,6.3
WI_1,FOODS_3_004,12218,6.3
WI_1,FOODS_3_004,12219,6.3
WI_1,FOODS_3_004,12220,6.3
WI_1,FOODS_3_004,12221,6.3
WI_1,FOODS_3_004,12222,5.35
WI_1,FOODS_3_004,12223,6.3
WI_1,FOODS_3_004,12224,6.3
WI_1,FOODS_3_004,12225,6.3
WI_1,FOODS_3_004,12226,6.3
WI_1,FOODS_3_004,12227,5.35
WI_1,FOODS_3_004,12228,6.3
WI_1,FOODS_3_004,12229,6.3
WI_1,FOODS_3_004,12230,6.3
WI_1,FOODS_3_004,12231,6.3
WI_1,FOODS_3_004,12232,6.3
WI_1,FOODS_3_004,12233,6.3
WI_1,FOODS_3_004,12234,5.35
WI_1,FOODS_3_004,12235,6.3
WI_1,FOODS_3_004,12236,6.3
WI_1,FOODS_3_004,12237,6.3
WI_1,FOODS_3_004,12238,6.3
WI_1,FOODS_3_004,12239,6.3
WI_1,FOODS_3_004,12240,6.3
WI_1,FOODS_3_004,12241,6.3
WI_1,FOODS_3_004,12242,6.3
WI_1,FOODS_3_004,12243,6.3
WI_1,FOODS_3_004,12244,6.3
WI_1,FOODS_3_004,12245,5.35
WI_1,FOODS_3_004,12246,5.35
WI_1,FOODS_3_004,12247,6.3
WI_1,FOODS_3_004,12248,6.3
WI_1,FOODS_3_004,12249,5.35
WI_1,FOODS_3_004,12250,6.3
WI_1,FOODS_3_004,12251,6.3
WI_1,FOODS_3_004,12252,6.3
WI_1,FOODS_3_004,12301,6.3
WI_1,FOODS_3_004,12302,6.3
WI_1,FOODS_3_004,12303,6.3
WI_1,FOODS_3_004,12304,6.3
WI_1,FOODS_3_004,12305,6.3
WI_1,FOODS_3_004,12306,6.3
WI_1,FOODS_3_004,12307,6.3
WI_1,FOODS_3_004,12308,6.3
WI_1,FOODS_3_004,12309,5.35
WI_1,FOODS_3_004,12310,5.35
WI_1,FOODS_3_004,12311,6.3
WI_1,FOODS_3_004,12312,6.3
WI_1,FOODS_3_004,12313,6.3
WI_1,FOODS_3_004,12314,6.3
WI_1,FOODS_3_004,12315,5.35
WI_1,FOODS_3_004,12316,6.3
WI_1,FOODS_3_004,12317,6.3
WI_1,FOODS_3_004,12318,6.3
WI_1,FOODS_3_004,12319,6.3
WI_1,FOODS_3_004,12320,5.35
WI_1,FOODS_3_004,12321,6.3
WI_1,FOODS_3_004,12322,5.35
WI_1,FOODS_3_004,12323,6.3
WI_1,FOODS_3_004,12324,6.3
WI_1,FOODS_3_004,12325,5.35
WI_1,FOODS_3_004,12326,5.35
WI_1,FOODS_3_004,12327,6.3
WI_1,FOODS_3_004,12328,6.3
WI_1,FOODS_3_004,12329,6.3
WI_1,FOODS_3_004,12330,6.3
WI_1,FOODS_3_004,12331,6.3
WI_1,FOODS_3_004,12332,5.35
WI_1,FOODS_3_004,12333,6.3
WI_1,FOODS_3_004,12334,5.35
WI_1,FOODS_3_004,12335,6.3
WI_1,FOODS_3_004,12336,6.3
WI_1,FOODS_3_004,12337,5.35
WI_1,FOODS_3_004,12338,6.3
WI_1,FOODS_3_004,12339,6.3
WI_1,FOODS_3_004,12340,6.3
WI_1,FOODS_3_004,12341,6.3
WI_1,FOODS_3_004,12342,6.3
WI_1,FOODS_3_004,12343,6.3
WI_1,FOODS_3_004,12344,6.3
WI_1,FOODS_3_004,12345,6.3
WI_1,FOODS_3_004,12346,6.3
WI_1,FOODS_3_004,12347,6.3
WI_1,FOODS_3_004,12348,6.3
WI_1,FOODS_3_004,12349,6.3
WI_1,FOODS_3_004,12350,6.3
WI_1,FOODS_3_004,12351,6.3
WI_1,FOODS_3_004,12352,6.3
WI_1,HOBBIES_1_001,12152,16.28
WI_1,HOBBIES_1_001,12201,16.28
WI_1,HOBBIES_1_001,12202,16.28
WI_1,HOBBIES_1_001,12203,16.28
WI_1,HOBBIES_1_001,12204,16.28
WI_1,HOBBIES_1_001,12205,13.84
WI_1,HOBBIES_1_001,12206,13.84
WI_1,HOBBIES_1_001,12207,16.28
WI_1,HOBBIES_1_001,12208,16.28
WI_1,HOBBIES_1_001,12209,16.28
WI_1,HOBBIES_1_001,12210,16.28
WI_1,HOBBIES_1_001,12211,16.28
WI_1,HOBBIES_1_001,12212,16.28
WI_1,HOBBIES_1_001,12213,13.84
WI_1,HOBBIES_1_001,12214,13.84
WI_1,HOBBIES_1_001,12215,16.28
WI_1,HOBBIES_1_001,12216,16.28
WI_1,HOBBIES_1_001,12217,16.28
WI_1,HOBBIES_1_001,12218,16.28
WI_1,HOBBIES_1_001,12219,16.28
WI_1,HOBBIES_1_001,12220,16.28
WI_1,HOBBIES_1_001,12221,16.28
WI_1,HOBBIES_1_001,12222,16.28
WI_1,HOBBIES_1_001,12223,16.28
WI_1,HOBBIES_1_001,12224,16.28
WI_1,HOBBIES_1_001,12225,16.28
WI_1,HOBBIES_1_001,12226,16.28
WI_1,HOBBIES_1_001,12227,16.28
WI_1,HOBBIES_1_001,12228,16.28
WI_1,HOBBIES_1_001,12229,16.28
WI_1,HOBBIES_1_001,12230,16.28
WI_1,HOBBIES_1_001,12231,16.28
WI_1,HOBBIES_1_001,12232,16.28
WI_1,HOBBIES_1_001,12233,16.28
WI_1,HOBBIES_1_001,12234,13.84
WI_1,HOBBIES_1_001,12235,16.28
WI_1,HOBBIES_1_001,12236,16.28
WI_1,HOBBIES_1_001,12237,13.84
WI_1,HOBBIES_1_001,12238,16.28
WI_1,HOBBIES_1_001,12239,16.28
WI_1,HOBBIES_1_001,12240,16.28
WI_1,HOBBIES_1_001,12241,16.28
WI_1,HOBBIES_1_001,12242,16.28
WI_1,HOBBIES_1_001,12243,16.28
WI_1,HOBBIES_1_001,12244,16.28
WI_1,HOBBIES_1_001,12245,16.28
WI_1,HOBBIES_1_001,12246,16.28
WI_1,HOBBIES_1_001,12247,16.28
WI_1,HOBBIES_1_001,12248,16.28
WI_1,HOBBIES_1_001,12249,16.28
WI_1,HOBBIES_1_001,12250,16.28
WI_1,HOBBIES_1_001,12251,16.28
WI_1,HOBBIES_1_001,12252,16.28
WI_1,HOBBIES_1_001,12301,16.28
WI_1,HOBBIES_1_001,12302,16.28
WI_1,HOBBIES_1_001,12303,16.28
WI_1,HOBBIES_1_001,12304,16.28
WI_1,HOBBIES_1_001,12305,16.28
WI_1,HOBBIES_1_001,12306,16.28
WI_1,HOBBIES_1_001,12307,16.28
WI_1,HOBBIES_1_001,12308,16.28
WI_1,HOBBIES_1_001,12309,16.28
WI_1,HOBBIES_1_001,12310,16.28
WI_1,HOBBIES_1_001,12311,16.28
WI_1,HOBBIES_1_001,12312,16.28
WI_1,HOBBIES_1_001,12313,13.84
WI_1,HOBBIES_1_001,12314,16.28
WI_1,HOBBIES_1_001,12315,16.28
WI_1,HOBBIES_1_001,12316,16.28
WI_1,HOBBIES_1_001,12317,16.28
WI_1,HOBBIES_1_001,12318,16.28
WI_1,HOBBIES_1_001,12319,16.28
WI_1,HOBBIES_1_001,12320,16.28
WI_1,HOBBIES_1_001,12321,13.84
WI_1,HOBBIES_1_001,12322,16.28
WI_1,HOBBIES_1_001,12323,16.28
WI_1,HOBBIES_1_001,12324,16.28
WI_1,HOBBIES_1_001,12325,13.84
WI_1,HOBBIES_1_001,12326,16.28
WI_1,HOBBIES_1_001,12327,16.28
WI_1,HOBBIES_1_001,12328,16.28
WI_1,HOBBIES_1_001,12329,16.28
WI_1,HOBBIES_1_001,12330,16.28
WI_1,HOBBIES_1_001,12331,16.28
WI_1,HOBBIES_1_001,12332,16.28
WI_1,HOBBIES_1_001,12333,16.28
WI_1,HOBBIES_1_001,12334,16.28
WI_1,HOBBIES_1_001,12335,16.28
WI_1,HOBBIES_1_001,12336,16.28
WI_1,HOBBIES_1_001,12337,16.28
WI_1,HOBBIES_1_001,12338,16.28
WI_1,HOBBIES_1_001,12339,16.28
WI_1,HOBBIES_1_001,12340,13.84
WI_1,HOBBIES_1_001,12341,16.28
WI_1,HOBBIES_1_001,12342,16.28
WI_1,HOBBIES_1_001,12343,16.28
WI_1,HOBBIES_1_001,12344,16.28
WI_1,HOBBIES_1_001,12345,16.28
WI_1,HOBBIES_1_001,12346,16.28
WI_1,HOBBIES_1_001,12347,16.28
WI_1,HOBBIES_1_001,12348,16.28
WI_1,HOBBIES_1_001,12349,13.84
WI_1,HOBBIES_1_001,12350,13.84
WI_1,HOBBIES_1_001,12351,16.28
WI_1,HOBBIES_1_001,12352,13.84
WI_1,HOBBIES_1_002,12152,17.13
WI_1,HOBBIES_1_002,12201,20.15
WI_1,HOBBIES_1_002,12202,20.15
WI_1,HOBBIES_1_002,12203,20.15
WI_1,HOBBIES_1_002,12204,20.15
WI_1,HOBBIES_1_002,12205,20.15
WI_1,HOBBIES_1_002,12206,20.15
WI_1,HOBBIES_1_002,12207,20.15
WI_1,HOBBIES_1_002,12208,20.15
WI_1,HOBBIES_1_002,12209,20.15
WI_1,HOBBIES_1_002,12210,20.15
WI_1,HOBBIES_1_002,12211,20.15
WI_1,HOBBIES_1_002,12212,17.13
WI_1,HOBBIES_1_002,12213,20.15
WI_1,HOBBIES_1_002,12214,17.13
WI_1,HOBBIES_1_002,12215,20.15
WI_1,HOBBIES_1_002,12216,20.15
WI_1,HOBBIES_1_002,12217,20.15
WI_1,HOBBIES_1_002,12218,17.13
WI_1,HOBBIES_1_002,12219,17.13
WI_1,HOBBIES_1_002,12220,20.15
WI_1,HOBBIES_1_002,12221,20.15
WI_1,HOBBIES_1_002,12222,20.15
WI_1,HOBBIES_1_002,12223,20.15
WI_1,HOBBIES_1_002,12224,20.15
WI_1,HOBBIES_1_002,12225,20.15
WI_1,HOBBIES_1_002,12226,17.13
WI_1,HOBBIES_1_002,12227,17.13
WI_1,HOBBIES_1_002,12228,20.15
WI_1,HOBBIES_1_002,12229,20.15
WI_1,HOBBIES_1_002,12230,17.13
WI_1,HOBBIES_1_002,12231,20.15
WI_1,HOBBIES_1_002,12232,17.13
WI_1,HOBBIES_1_002,12233,20.15
WI_1,HOBBIES_1_002,12234,17.13
WI_1,HOBBIES_1_002,12235,20.15
WI_1,HOBBIES_1_002,12236,20.15
WI_1,HOBBIES_1_002,12237,20.15
WI_1,HOBBIES_1_002,12238,17.13
WI_1,HOBBIES_1_002,12239,20.15
WI_1,HOBBIES_1_002,12240,17.13
WI_1,HOBBIES_1_002,12241,20.15
WI_1,HOBBIES_1_002,12242,20.15
WI_1,HOBBIES_1_002,12243,20.15
WI_1,HOBBIES_1_002,12244,20.15
WI_1,HOBBIES_1_002,12245,20.15
WI_1,HOBBIES_1_002,12246,20.15
WI_1,HOBBIES_1_002,12247,20.15
WI_1,HOBBIES_1_002,12248,20.15
WI_1,HOBBIES_1_002,12249,20.15
WI_1,HOBBIES_1_002,12250,20.15
WI_1,HOBBIES_1_002,12251,20.15
WI_1,HOBBIES_1_002,12252,20.15
WI_1,HOBBIES_1_002,12301,20.15
WI_1,HOBBIES_1_002,12302,20.15
WI_1,HOBBIES_1_002,12303,17.13
WI_1,HOBBIES_1_002,12304,17.13
WI_1,HOBBIES_1_002,12305,17.13
WI_1,HOBBIES_1_002,12306,20.15
WI_1,HOBBIES_1_002,12307,20.15
WI_1,HOBBIES_1_002,12308,20.15
WI_1,HOBBIES_1_002,12309,20.15
WI_1,HOBBIES_1_002,12310,20.15
WI_1,HOBBIES_1_002,12311,20.15
WI_1,HOBBIES_1_002,12312,20.15
WI_1,HOBBIES_1_002,12313,20.15
WI_1,HOBBIES_1_002,12314,20.15
WI_1,HOBBIES_1_002,12315,17.13
WI_1,HOBBIES_1_002,12316,20.15
WI_1,HOBBIES_1_002,12317,20.15
WI_1,HOBBIES_1_002,12318,20.15
WI_1,HOBBIES_1_002,12319,20.15
WI_1,HOBBIES_1_002,12320,20.15
WI_1,HOBBIES_1_002,12321,20.15
WI_1,HOBBIES_1_002,12322,20.15
WI_1,HOBBIES_1_002,12323,17.13
WI_1,HOBBIES_1_002,12324,20.15
WI_1,HOBBIES_1_002,12325,20.15
WI_1,HOBBIES_1_002,12326,20.15
WI_1,HOBBIES_1_002,12327,20.15
WI_1,HOBBIES_1_002,12328,20.15
WI_1,HOBBIES_1_002,12329,20.15
WI_1,HOBBIES_1_002,12330,20.15
WI_1,HOBBIES_1_002,12331,17.13
WI_1,HOBBIES_1_002,12332,20.15
WI_1,HOBBIES_1_002,12333,20.15
WI_1,HOBBIES_1_002,12334,20.15
WI_1,HOBBIES_1_002,12335,20.15
WI_1,HOBBIES_1_002,12336,20.15
WI_1,HOBBIES_1_002,12337,17.13
WI_1,HOBBIES_1_002,12338,20.15
WI_1,HOBBIES_1_002,12339,20.15
WI_1,HOBBIES_1_002,12340,20.15
WI_1,HOBBIES_1_002,12341,20.15
WI_1,HOBBIES_1_002,12342,20.15
WI_1,HOBBIES_1_002,12343,20.15
WI_1,HOBBIES_1_002,12344,20.15
WI_1,HOBBIES_1_002,12345,20.15
WI_1,HOBBIES_1_002,12346,20.15
WI_1,HOBBIES_1_002,12347,20.15
WI_1,HOBBIES_1_002,12348,20.15
WI_1,HOBBIES_1_002,12349,20.15
WI_1,HOBBIES_1_002,12350,20.15
WI_1,HOBBIES_1_002,12351,17.13
WI_1,HOBBIES_1_002,12352,20.15
WI_1,HOBBIES_1_003,12152,20.43
WI_1,HOBBIES_1_003,12201,24.03
WI_1,HOBBIES_1_003,12202,24.03
WI_1,HOBBIES_1_003,12203,20.43
WI_1,HOBBIES_1_003,12204,24.03
WI_1,HOBBIES_1_003,12205,24.03
WI_1,HOBBIES_1_003,12206,24.03
WI_1,HOBBIES_1_003,12207,24.03
WI_1,HOBBIES_1_003,12208,24.03
WI_1,HOBBIES_1_003,12209,24.03
WI_1,HOBBIES_1_003,12210,24.03
WI_1,HOBBIES_1_003,12211,20.43
WI_1,HOBBIES_1_003,12212,20.43
WI_1,HOBBIES_1_003,12213,24.03
WI_1,HOBBIES_1_003,12214,24.03
WI_1,HOBBIES_1_003,12215,24.03
WI_1,HOBBIES_1_003,12216,24.03
WI_1,HOBBIES_1_003,12217,24.03
WI_1,HOBBIES_1_003,12218,24.03
WI_1,HOBBIES_1_003,12219,24.03
WI_1,HOBBIES_1_003,12220,24.03
WI_1,HOBBIES_1_003,12221,24.03
WI_1,HOBBIES_1_003,12222,24.03
WI_1,HOBBIES_1_003,12223,24.03
WI_1,HOBBIES_1_003,12224,24.03
WI_1,HOBBIES_1_003,12225,24.03
WI_1,HOBBIES_1_003,12226,20.43
WI_1,HOBBIES_1_003,12227,24.03
WI_1,HOBBIES_1_003,12228,20.43
WI_1,HOBBIES_1_003,12229,24.03
WI_1,HOBBIES_1_003,12230,24.03
WI_1,HOBBIES_1_003,12231,24.03
WI_1,HOBBIES_1_003,12232,24.03
WI_1,HOBBIES_1_003,12233,24.03
WI_1,HOBBIES_1_003,12234,24.03
WI_1,HOBBIES_1_003,12235,24.03
WI_1,HOBBIES_1_003,12236,20.43
WI_1,HOBBIES_1_003,12237,24.03
WI_1,HOBBIES_1_003,12238,24.03
WI_1,HOBBIES_1_003,12239,24.03
WI_1,HOBBIES_1_003,12240,24.03
WI_1,HOBBIES_1_003,12241,24.03
WI_1,HOBBIES_1_003,12242,24.03
WI_1,HOBBIES_1_003,12243,24.03
WI_1,HOBBIES_1_003,12244,24.03
WI_1,HOBBIES_1_003,12245,24.03
WI_1,HOBBIES_1_003,12246,24.03
WI_1,HOBBIES_1_003,12247,24.03
WI_1,HOBBIES_1_003,12248,24.03
WI_1,HOBBIES_1_003,12249,24.03
WI_1,HOBBIES_1_003,12250,24.03
WI_1,HOBBIES_1_003,12251,20.43
WI_1,HOBBIES_1_003,12252,24.03
WI_1,HOBBIES_1_003,12301,24.03
WI_1,HOBBIES_1_003,12302,24.03
WI_1,HOBBIES_1_003,12303,24.03
WI_1,HOBBIES_1_003,12304,24.03
WI_1,HOBBIES_1_003,12305,24.03
WI_1,HOBBIES_1_003,12306,24.03
WI_1,HOBBIES_1_003,12307,24.03
WI_1,HOBBIES_1_003,12308,24.03
WI_1,HOBBIES_1_003,12309,20.43
WI_1,HOBBIES_1_003,12310,24.03
WI_1,HOBBIES_1_003,12311,20.43
WI_1,HOBBIES_1_003,12312,24.03
WI_1,HOBBIES_1_003,12313,24.03
WI_1,HOBBIES_1_003,12314,24.03
WI_1,HOBBIES_1_003,12315,24.03
WI_1,HOBBIES_1_003,12316,24.03
WI_1,HOBBIES_1_003,12317,20.43
WI_1,HOBBIES_1_003,12318,24.03
WI_1,HOBBIES_1_003,12319,24.03
WI_1,HOBBIES_1_003,12320,24.03
WI_1,HOBBIES_1_003,12321,24.03
WI_1,HOBBIES_1_003,12322,24.03
WI_1,HOBBIES_1_003,12323,24.03
WI_1,HOBBIES_1_003,12324,24.03
WI_1,HOBBIES_1_003,12325,24.03
WI_1,HOBBIES_1_003,12326,24.03
WI_1,HOBBIES_1_003,12327,24.03
WI_1,HOBBIES_1_003,12328,24.03
WI_1,HOBBIES_1_003,12329,24.03
WI_1,HOBBIES_1_003,12330,24.03
WI_1,HOBBIES_1_003,12331,24.03
WI_1,HOBBIES_1_003,12332,24.03
WI_1,HOBBIES_1_003,12333,20.43
WI_1,HOBBIES_1_003,12334,24.03
WI_1,HOBBIES_1_003,12335,24.03
WI_1,HOBBIES_1_003,12336,24.03
WI_1,HOBBIES_1_003,12337,24.03
WI_1,HOBBIES_1_003,12338,24.03
WI_1,HOBBIES_1_003,12339,24.03
WI_1,HOBBIES_1_003,12340,24.03
WI_1,HOBBIES_1_003,12341,24.03
WI_1,HOBBIES_1_003,12342,24.03
WI_1,HOBBIES_1_003,12343,20.43
WI_1,HOBBIES_1_003,12344,24.03
WI_1,HOBBIES_1_003,12345,24.03
WI_1,HOBBIES_1_003,12346,24.03
WI_1,HOBBIES_1_003,12347,24.03
WI_1,HOBBIES_1_003,12348,24.03
WI_1,HOBBIES_1_003,12349,24.03
WI_1,HOBBIES_1_003,12350,24.03
WI_1,HOBBIES_1_003,12351,24.03
WI_1,HOBBIES_1_003,12352,24.03
WI_1,HOBBIES_1_004,12152,27.9
WI_1,HOBBIES_1_004,12201,27.9
WI_1,HOBBIES_1_004,12202,27.9
WI_1,HOBBIES_1_004,12203,27.9
WI_1,HOBBIES_1_004,12204,27.9
WI_1,HOBBIES_1_004,12205,27.9
WI_1,HOBBIES_1_004,12206,23.71
WI_1,HOBBIES_1_004,12207,27.9
WI_1,HOBBIES_1_004,12208,27.9
WI_1,HOBBIES_1_004,12209,27.9
WI_1,HOBBIES_1_004,12210,27.9
WI_1,HOBBIES_1_004,12211,27.9
WI_1,HOBBIES_1_004,12212,27.9
WI_1,HOBBIES_1_004,12213,27.9
WI_1,HOBBIES_1_004,12214,27.9
WI_1,HOBBIES_1_004,12215,27.9
WI_1,HOBBIES_1_004,12216,27.9
WI_1,HOBBIES_1_004,12217,27.9
WI_1,HOBBIES_1_004,12218,27.9
WI_1,HOBBIES_1_004,12219,23.71
WI_1,HOBBIES_1_004,12220,27.9
WI_1,HOBBIES_1_004,12221,23.71
WI_1,HOBBIES_1_004,12222,27.9
WI_1,HOBBIES_1_004,12223,27.9
WI_1,HOBBIES_1_004,12224,27.9
WI_1,HOBBIES_1_004,12225,27.9
WI_1,HOBBIES_1_004,12226,27.9
WI_1,HOBBIES_1_004,12227,27.9
WI_1,HOBBIES_1_004,12228,27.9
WI_1,HOBBIES_1_004,12229,27.9
WI_1,HOBBIES_1_004,12230,27.9
WI_1,HOBBIES_1_004,12231,27.9
WI_1,HOBBIES_1_004,12232,27.9
WI_1,HOBBIES_1_004,12233,27.9
WI_1,HOBBIES_1_004,12234,27.9
WI_1,HOBBIES_1_004,12235,27.9
WI_1,HOBBIES_1_004,12236,27.9
WI_1,HOBBIES_1_004,12237,23.71
WI_1,HOBBIES_1_004,12238,27.9
WI_1,HOBBIES_1_004,12239,27.9
WI_1,HOBBIES_1_004,12240,27.9
WI_1,HOBBIES_1_004,12241,27.9
WI_1,HOBBIES_1_004,12242,27.9
WI_1,HOBBIES_1_004,12243,27.9
WI_1,HOBBIES_1_004,12244,27.9
WI_1,HOBBIES_1_004,12245,23.71
WI_1,HOBBIES_1_004,12246,27.9
WI_1,HOBBIES_1_004,12247,27.9
WI_1,HOBBIES_1_004,12248,27.9
WI_1,HOBBIES_1_004,12249,27.9
WI_1,HOBBIES_1_004,12250,27.9
WI_1,HOBBIES_1_004,12251,27.9
WI_1,HOBBIES_1_004,12252,27.9
WI_1,HOBBIES_1_004,12301,27.9
WI_1,HOBBIES_1_004,12302,27.9
WI_1,HOBBIES_1_004,12303,23.71
WI_1,HOBBIES_1_004,12304,27.9
WI_1,HOBBIES_1_004,12305,27.9
WI_1,HOBBIES_1_004,12306,27.9
WI_1,HOBBIES_1_004,12307,23.71
WI_1,HOBBIES_1_004,12308,27.9
WI_1,HOBBIES_1_004,12309,27.9
WI_1,HOBBIES_1_004,12310,27.9
WI_1,HOBBIES_1_004,12311,23.71
WI_1,HOBBIES_1_004,12312,23.71
WI_1,HOBBIES_1_004,12313,27.9
WI_1,HOBBIES_1_004,12314,27.9
WI_1,HOBBIES_1_004,12315,27.9
WI_1,HOBBIES_1_004,12316,27.9
WI_1,HOBBIES_1_004,12317,27.9
WI_1,HOBBIES_1_004,12318,27.9
WI_1,HOBBIES_1_004,12319,27.9
WI_1,HOBBIES_1_004,12320,27.9
WI_1,HOBBIES_1_004,12321,27.9
WI_1,HOBBIES_1_004,12322,27.9
WI_1,HOBBIES_1_004,12323,23.71
WI_1,HOBBIES_1_004,12324,27.9
WI_1,HOBBIES_1_004,12325,23.71
WI_1,HOBBIES_1_004,12326,23.71
WI_1,HOBBIES_1_004,12327,27.9
WI_1,HOBBIES_1_004,12328,27.9
WI_1,HOBBIES_1_004,12329,23.71
WI_1,HOBBIES_1_004,12330,27.9
WI_1,HOBBIES_1_004,12331,27.9
WI_1,HOBBIES_1_004,12332,27.9
WI_1,HOBBIES_1_004,12333,27.9
WI_1,HOBBIES_1_004,12334,27.9
WI_1,HOBBIES_1_004,12335,27.9
WI_1,HOBBIES_1_004,12336,27.9
WI_1,HOBBIES_1_004,12337,27.9
WI_1,HOBBIES_1_004,12338,27.9
WI_1,HOBBIES_1_004,12339,27.9
WI_1,HOBBIES_1_004,12340,27.9
WI_1,HOBBIES_1_004,12341,27.9
WI_1,HOBBIES_1_004,12342,27.9
WI_1,HOBBIES_1_004,12343,23.71
WI_1,HOBBIES_1_004,12344,27.9
WI_1,HOBBIES_1_004,12345,27.9
WI_1,HOBBIES_1_004,12346,27.9
WI_1,HOBBIES_1_004,12347,27.9
WI_1,HOBBIES_1_004,12348,27.9
WI_1,HOBBIES_1_004,12349,27.9
WI_1,HOBBIES_1_004,12350,27.9
WI_1,HOBBIES_1_004,12351,27.9
WI_1,HOBBIES_1_004,12352,27.9
WI_1,HOBBIES_2_001,12152,16.28
WI_1,HOBBIES_2_001,12201,16.28
WI_1,HOBBIES_2_001,12202,16.28
WI_1,HOBBIES_2_001,12203,16.28
WI_1,HOBBIES_2_001,12204,16.28
WI_1,HOBBIES_2_001,12205,16.28
WI_1,HOBBIES_2_001,12206,16.28
WI_1,HOBBIES_2_001,12207,16.28
WI_1,HOBBIES_2_001,12208,16.28
WI_1,HOBBIES_2_001,12209,16.28
WI_1,HOBBIES_2_001,12210,16.28
WI_1,HOBBIES_2_001,12211,16.28
WI_1,HOBBIES_2_001,12212,16.28
WI_1,HOBBIES_2_001,12213,16.28
WI_1,HOBBIES_2_001,12214,16.28
WI_1,HOBBIES_2_001,12215,16.28
WI_1,HOBBIES_2_001,12216,13.84
WI_1,HOBBIES_2_001,12217,13.84
WI_1,HOBBIES_2_001,12218,16.28
WI_1,HOBBIES_2_001,12219,16.28
WI_1,HOBBIES_2_001,12220,16.28
WI_1,HOBBIES_2_001,12221,16.28
WI_1,HOBBIES_2_001,12222,16.28
WI_1,HOBBIES_2_001,12223,16.28
WI_1,HOBBIES_2_001,12224,16.28
WI_1,HOBBIES_2_001,12225,16.28
WI_1,HOBBIES_2_001,12226,16.28
WI_1,HOBBIES_2_001,12227,16.28
WI_1,HOBBIES_2_001,12228,16.28
WI_1,HOBBIES_2_001,12229,16.28
WI_1,HOBBIES_2_001,12230,16.28
WI_1,HOBBIES_2_001,12231,16.28
WI_1,HOBBIES_2_001,12232,16.28
WI_1,HOBBIES_2_001,12233,16.28
WI_1,HOBBIES_2_001,12234,16.28
WI_1,HOBBIES_2_001,12235,13.84
WI_1,HOBBIES_2_001,12236,13.84
WI_1,HOBBIES_2_001,12237,16.28
WI_1,HOBBIES_2_001,12238,16.28
WI_1,HOBBIES_2_001,12239,16.28
WI_1,HOBBIES_2_001,12240,16.28
WI_1,HOBBIES_2_001,12241,13.84
WI_1,HOBBIES_2_001,12242,16.28
WI_1,HOBBIES_2_001,12243,13.84
WI_1,HOBBIES_2_001,12244,16.28
WI_1,HOBBIES_2_001,12245,16.28
WI_1,HOBBIES_2_001,12246,16.28
WI_1,HOBBIES_2_001,12247,16.28
WI_1,HOBBIES_2_001,12248,16.28
WI_1,HOBBIES_2_001,12249,16.28
WI_1,HOBBIES_2_001,12250,16.28
WI_1,HOBBIES_2_001,12251,16.28
WI_1,HOBBIES_2_001,12252,16.28
WI_1,HOBBIES_2_001,12301,16.28
WI_1,HOBBIES_2_001,12302,16.28
WI_1,HOBBIES_2_001,12303,16.28
WI_1,HOBBIES_2_001,12304,16.28
WI_1,HOBBIES_2_001,12305,13.84
WI_1,HOBBIES_2_001,12306,16.28
WI_1,HOBBIES_2_001,12307,16.28
WI_1,HOBBIES_2_001,12308,16.28
WI_1,HOBBIES_2_001,12309,16.28
WI_1,HOBBIES_2_001,12310,16.28
WI_1,HOBBIES_2_001,12311,13.84
WI_1,HOBBIES_2_001,12312,13.84
WI_1,HOBBIES_2_001,12313,16.28
WI_1,HOBBIES_2_001,12314,16.28
WI_1,HOBBIES_2_001,12315,16.28
WI_1,HOBBIES_2_001,12316,16.28
WI_1,HOBBIES_2_001,12317,16.28
WI_1,HOBBIES_2_001,12318,16.28
WI_1,HOBBIES_2_001,12319,16.28
WI_1,HOBBIES_2_001,12320,16.28
WI_1,HOBBIES_2_001,12321,16.28
WI_1,HOBBIES_2_001,12322,13.84
WI_1,HOBBIES_2_001,12323,16.28
WI_1,HOBBIES_2_001,12324,16.28
WI_1,HOBBIES_2_001,12325,16.28
WI_1,HOBBIES_2_001,12326,16.28
WI_1,HOBBIES_2_001,12327,16.28
WI_1,HOBBIES_2_001,12328,16.28
WI_1,HOBBIES_2_001,12329,16.28
WI_1,HOBBIES_2_001,12330,13.84
WI_1,HOBBIES_2_001,12331,16.28
WI_1,HOBBIES_2_001,12332,16.28
WI_1,HOBBIES_2_001,12333,16.28
WI_1,HOBBIES_2_001,12334,16.28
WI_1,HOBBIES_2_001,12335,16.28
WI_1,HOBBIES_2_001,12336,16.28
WI_1,HOBBIES_2_001,12337,13.84
WI_1,HOBBIES_2_001,12338,16.28
WI_1,HOBBIES_2_001,12339,16.28
WI_1,HOBBIES_2_001,12340,16.28
WI_1,HOBBIES_2_001,12341,16.28
WI_1,HOBBIES_2_001,12342,16.28
WI_1,HOBBIES_2_001,12343,16.28
WI_1,HOBBIES_2_001,12344,16.28
WI_1,HOBBIES_2_001,12345,16.28
WI_1,HOBBIES_2_001,12346,16.28
WI_1,HOBBIES_2_001,12347,16.28
WI_1,HOBBIES_2_001,12348,16.28
WI_1,HOBBIES_2_001,12349,16.28
WI_1,HOBBIES_2_001,12350,13.84
WI_1,HOBBIES_2_001,12351,16.28
WI_1,HOBBIES_2_001,12352,16.28
WI_1,HOBBIES_2_002,12152,20.15
WI_1,HOBBIES_2_002,12201,20.15
WI_1,HOBBIES_2_002,12202,20.15
WI_1,HOBBIES_2_002,12203,20.15
WI_1,HOBBIES_2_002,12204,17.13
WI_1,HOBBIES_2_002,12205,20.15
WI_1,HOBBIES_2_002,12206,20.15
WI_1,HOBBIES_2_002,12207,20.15
WI_1,HOBBIES_2_002,12208,20.15
WI_1,HOBBIES_2_002,12209,20.15
WI_1,HOBBIES_2_002,12210,20.15
WI_1,HOBBIES_2_002,12211,20.15
WI_1,HOBBIES_2_002,12212,20.15
WI_1,HOBBIES_2_002,12213,17.13
WI_1,HOBBIES_2_002,12214,20.15
WI_1,HOBBIES_2_002,12215,17.13
WI_1,HOBBIES_2_002,12216,20.15
WI_1,HOBBIES_2_002,12217,20.15
WI_1,HOBBIES_2_002,12218,20.15
WI_1,HOBBIES_2_002,12219,20.15
WI_1,HOBBIES_2_002,12220,20.15
WI_1,HOBBIES_2_002,12221,20.15
WI_1,HOBBIES_2_002,12222,20.15
WI_1,HOBBIES_2_002,12223,20.15
WI_1,HOBBIES_2_002,12224,20.15
WI_1,HOBBIES_2_002,12225,17.13
WI_1,HOBBIES_2_002,12226,17.13
WI_1,HOBBIES_2_002,12227,20.15
WI_1,HOBBIES_2_002,12228,20.15
WI_1,HOBBIES_2_002,12229,20.15
WI_1,HOBBIES_2_002,12230,20.15
WI_1,HOBBIES_2_002,12231,20.15
WI_1,HOBBIES_2_002,12232,20.15
WI_1,HOBBIES_2_002,12233,20.15
WI_1,HOBBIES_2_002,12234,20.15
WI_1,HOBBIES_2_002,12235,20.15
WI_1,HOBBIES_2_002,12236,17.13
WI_1,HOBBIES_2_002,12237,20.15
WI_1,HOBBIES_2_002,12238,20.15
WI_1,HOBBIES_2_002,12239,20.15
WI_1,HOBBIES_2_002,12240,17.13
WI_1,HOBBIES_2_002,12241,20.15
WI_1,HOBBIES_2_002,12242,20.15
WI_1,HOBBIES_2_002,12243,17.13
WI_1,HOBBIES_2_002,12244,20.15
WI_1,HOBBIES_2_002,12245,20.15
WI_1,HOBBIES_2_002,12246,20.15
WI_1,HOBBIES_2_002,12247,20.15
WI_1,HOBBIES_2_002,12248,20.15
WI_1,HOBBIES_2_002,12249,20.15
WI_1,HOBBIES_2_002,12250,20.15
WI_1,HOBBIES_2_002,12251,20.15
WI_1,HOBBIES_2_002,12252,20.15
WI_1,HOBBIES_2_002,12301,17.13
WI_1,HOBBIES_2_002,12302,20.15
WI_1,HOBBIES_2_002,12303,20.15
WI_1,HOBBIES_2_002,12304,20.15
WI_1,HOBBIES_2_002,12305,20.15
WI_1,HOBBIES_2_002,12306,20.15
WI_1,HOBBIES_2_002,12307,17.13
WI_1,HOBBIES_2_002,12308,17.13
WI_1,HOBBIES_2_002,12309,20.15
WI_1,HOBBIES_2_002,12310,20.15
WI_1,HOBBIES_2_002,12311,20.15
WI_1,HOBBIES_2_002,12312,20.15
WI_1,HOBBIES_2_002,12313,20.15
WI_1,HOBBIES_2_002,12314,20.15
WI_1,HOBBIES_2_002,12315,20.15
WI_1,HOBBIES_2_002,12316,17.13
WI_1,HOBBIES_2_002,12317,20.15
WI_1,HOBBIES_2_002,12318,20.15
WI_1,HOBBIES_2_002,12319,17.13
WI_1,HOBBIES_2_002,12320,20.15
WI_1,HOBBIES_2_002,12321,17.13
WI_1,HOBBIES_2_002,12322,17.13
WI_1,HOBBIES_2_002,12323,20.15
WI_1,HOBBIES_2_002,12324,20.15
WI_1,HOBBIES_2_002,12325,20.15
WI_1,HOBBIES_2_002,12326,20.15
WI_1,HOBBIES_2_002,12327,20.15
WI_1,HOBBIES_2_002,12328,20.15
WI_1,HOBBIES_2_002,12329,20.15
WI_1,HOBBIES_2_002,12330,17.13
WI_1,HOBBIES_2_002,12331,20.15
WI_1,HOBBIES_2_002,12332,20.15
WI_1,HOBBIES_2_002,12333,20.15
WI_1,HOBBIES_2_002,12334,17.13
WI_1,HOBBIES_2_002,12335,17.13
WI_1,HOBBIES_2_002,12336,20.15
WI_1,HOBBIES_2_002,12337,20.15
WI_1,HOBBIES_2_002,12338,20.15
WI_1,HOBBIES_2_002,12339,20.15
WI_1,HOBBIES_2_002,12340,20.15
WI_1,HOBBIES_2_002,12341,20.15
WI_1,HOBBIES_2_002,12342,20.15
WI_1,HOBBIES_2_002,12343,20.15
WI_1,HOBBIES_2_002,12344,20.15
WI_1,HOBBIES_2_002,12345,20.15
WI_1,HOBBIES_2_002,12346,20.15
WI_1,HOBBIES_2_002,12347,20.15
WI_1,HOBBIES_2_002,12348,20.15
WI_1,HOBBIES_2_002,12349,20.15
WI_1,HOBBIES_2_002,12350,20.15
WI_1,HOBBIES_2_002,12351,20.15
WI_1,HOBBIES_2_002,12352,20.15
WI_1,HOBBIES_2_003,12152,24.03
WI_1,HOBBIES_2_003,12201,24.03
WI_1,HOBBIES_2_003,12202,20.43
WI_1,HOBBIES_2_003,12203,24.03
WI_1,HOBBIES_2_003,12204,24.03
WI_1,HOBBIES_2_003,12205,24.03
WI_1,HOBBIES_2_003,12206,24.03
WI_1,HOBBIES_2_003,12207,24.03
WI_1,HOBBIES_2_003,12208,24.03
WI_1,HOBBIES_2_003,12209,20.43
WI_1,HOBBIES_2_003,12210,24.03
WI_1,HOBBIES_2_003,12211,24.03
WI_1,HOBBIES_2_003,12212,24.03
WI_1,HOBBIES_2_003,12213,24.03
WI_1,HOBBIES_2_003,12214,24.03
WI_1,HOBBIES_2_003,12215,24.03
WI_1,HOBBIES_2_003,12216,24.03
WI_1,HOBBIES_2_003,12217,24.03
WI_1,HOBBIES_2_003,12218,24.03
WI_1,HOBBIES_2_003,12219,24.03
WI_1,HOBBIES_2_003,12220,24.03
WI_1,HOBBIES_2_003,12221,20.43
WI_1,HOBBIES_2_003,12222,20.43
WI_1,HOBBIES_2_003,12223,24.03
WI_1,HOBBIES_2_003,12224,24.03
WI_1,HOBBIES_2_003,12225,24.03
WI_1,HOBBIES_2_003,12226,24.03
WI_1,HOBBIES_2_003,12227,24.03
WI_1,HOBBIES_2_003,12228,24.03
WI_1,HOBBIES_2_003,12229,24.03
WI_1,HOBBIES_2_003,12230,24.03
WI_1,HOBBIES_2_003,12231,24.03
WI_1,HOBBIES_2_003,12232,24.03
WI_1,HOBBIES_2_003,12233,24.03
WI_1,HOBBIES_2_003,12234,24.03
WI_1,HOBBIES_2_003,12235,24.03
WI_1,HOBBIES_2_003,12236,24.03
WI_1,HOBBIES_2_003,12237,24.03
WI_1,HOBBIES_2_003,12238,24.03
WI_1,HOBBIES_2_003,12239,24.03
WI_1,HOBBIES_2_003,12240,24.03
WI_1,HOBBIES_2_003,12241,20.43
WI_1,HOBBIES_2_003,12242,24.03
WI_1,HOBBIES_2_003,12243,24.03
WI_1,HOBBIES_2_003,12244,24.03
WI_1,HOBBIES_2_003,12245,20.43
WI_1,HOBBIES_2_003,12246,24.03
WI_1,HOBBIES_2_003,12247,24.03
WI_1,HOBBIES_2_003,12248,24.03
WI_1,HOBBIES_2_003,12249,20.43
WI_1,HOBBIES_2_003,12250,24.03
WI_1,HOBBIES_2_003,12251,24.03
WI_1,HOBBIES_2_003,12252,24.03
WI_1,HOBBIES_2_003,12301,24.03
WI_1,HOBBIES_2_003,12302,24.03
WI_1,HOBBIES_2_003,12303,20.43
WI_1,HOBBIES_2_003,12304,24.03
WI_1,HOBBIES_2_003,12305,24.03
WI_1,HOBBIES_2_003,12306,24.03
WI_1,HOBBIES_2_003,12307,24.03
WI_1,HOBBIES_2_003,12308,24.03
WI_1,HOBBIES_2_003,12309,24.03
WI_1,HOBBIES_2_003,12310,24.03
WI_1,HOBBIES_2_003,12311,20.43
WI_1,HOBBIES_2_003,12312,24.03
WI_1,HOBBIES_2_003,12313,24.03
WI_1,HOBBIES_2_003,12314,24.03
WI_1,HOBBIES_2_003,12315,24.03
WI_1,HOBBIES_2_003,12316,24.03
WI_1,HOBBIES_2_003,12317,20.43
WI_1,HOBBIES_2_003,12318,24.03
WI_1,HOBBIES_2_003,12319,24.03
WI_1,HOBBIES_2_003,12320,24.03
WI_1,HOBBIES_2_003,12321,24.03
WI_1,HOBBIES_2_003,12322,24.03
WI_1,HOBBIES_2_003,12323,24.03
WI_1,HOBBIES_2_003,12324,24.03
WI_1,HOBBIES_2_003,12325,24.03
WI_1,HOBBIES_2_003,12326,24.03
WI_1,HOBBIES_2_003,12327,24.03
WI_1,HOBBIES_2_003,12328,24.03
WI_1,HOBBIES_2_003,12329,24.03
WI_1,HOBBIES_2_003,12330,24.03
WI_1,HOBBIES_2_003,12331,24.03
WI_1,HOBBIES_2_003,12332,24.03
WI_1,HOBBIES_2_003,12333,24.03
WI_1,HOBBIES_2_003,12334,24.03
WI_1,HOBBIES_2_003,12335,24.03
WI_1,HOBBIES_2_003,12336,24.03
WI_1,HOBBIES_2_003,12337,24.03
WI_1,HOBBIES_2_003,12338,24.03
WI_1,HOBBIES_2_003,12339,20.43
WI_1,HOBBIES_2_003,12340,24.03
WI_1,HOBBIES_2_003,12341,24.03
WI_1,HOBBIES_2_003,12342,20.43
WI_1,HOBBIES_2_003,12343,24.03
WI_1,HOBBIES_2_003,12344,24.03
WI_1,HOBBIES_2_003,12345,24.03
WI_1,HOBBIES_2_003,12346,24.03
WI_1,HOBBIES_2_003,12347,24.03
WI_1,HOBBIES_2_003,12348,20.43
WI_1,HOBBIES_2_003,12349,24.03
WI_1,HOBBIES_2_003,12350,24.03
WI_1,HOBBIES_2_003,12351,24.03
WI_1,HOBBIES_2_003,12352,24.03
WI_1,HOBBIES_2_004,12152,27.9
WI_1,HOBBIES_2_004,12201,27.9
WI_1,HOBBIES_2_004,12202,27.9
WI_1,HOBBIES_2_004,12203,27.9
WI_1,HOBBIES_2_004,12204,27.9
WI_1,HOBBIES_2_004,12205,23.71
WI_1,HOBBIES_2_004,12206,27.9
WI_1,HOBBIES_2_004,12207,23.71
WI_1,HOBBIES_2_004,12208,27.9
WI_1,HOBBIES_2_004,12209,27.9
WI_1,HOBBIES_2_004,12210,27.9
WI_1,HOBBIES_2_004,12211,23.71
WI_1,HOBBIES_2_004,12212,27.9
WI_1,HOBBIES_2_004,12213,27.9
WI_1,HOBBIES_2_004,12214,27.9
WI_1,HOBBIES_2_004,12215,27.9
WI_1,HOBBIES_2_004,12216,27.9
WI_1,HOBBIES_2_004,12217,27.9
WI_1,HOBBIES_2_004,12218,27.9
WI_1,HOBBIES_2_004,12219,27.9
WI_1,HOBBIES_2_004,12220,27.9
WI_1,HOBBIES_2_004,12221,27.9
WI_1,HOBBIES_2_004,12222,27.9
WI_1,HOBBIES_2_004,12223,27.9
WI_1,HOBBIES_2_004,12224,27.9
WI_1,HOBBIES_2_004,12225,27.9
WI_1,HOBBIES_2_004,12226,23.71
WI_1,HOBBIES_2_004,12227,27.9
WI_1,HOBBIES_2_004,12228,27.9
WI_1,HOBBIES_2_004,12229,27.9
WI_1,HOBBIES_2_004,12230,27.9
WI_1,HOBBIES_2_004,12231,27.9
WI_1,HOBBIES_2_004,12232,23.71
WI_1,HOBBIES_2_004,12233,27.9
WI_1,HOBBIES_2_004,12234,27.9
WI_1,HOBBIES_2_004,12235,27.9
WI_1,HOBBIES_2_004,12236,27.9
WI_1,HOBBIES_2_004,12237,27.9
WI_1,HOBBIES_2_004,12238,27.9
WI_1,HOBBIES_2_004,12239,27.9
WI_1,HOBBIES_2_004,12240,27.9
WI_1,HOBBIES_2_004,12241,27.9
WI_1,HOBBIES_2_004,12242,27.9
WI_1,HOBBIES_2_004,12243,27.9
WI_1,HOBBIES_2_004,12244,27.9
WI_1,HOBBIES_2_004,12245,27.9
WI_1,HOBBIES_2_004,12246,23.71
WI_1,HOBBIES_2_004,12247,27.9
WI_1,HOBBIES_2_004,12248,27.9
WI_1,HOBBIES_2_004,12249,27.9
WI_1,HOBBIES_2_004,12250,23.71
WI_1,HOBBIES_2_004,12251,27.9
WI_1,HOBBIES_2_004,12252,27.9
WI_1,HOBBIES_2_004,12301,27.9
WI_1,HOBBIES_2_004,12302,23.71
WI_1,HOBBIES_2_004,12303,27.9
WI_1,HOBBIES_2_004,12304,23.71
WI_1,HOBBIES_2_004,12305,27.9
WI_1,HOBBIES_2_004,12306,27.9
WI_1,HOBBIES_2_004,12307,27.9
WI_1,HOBBIES_2_004,12308,27.9
WI_1,HOBBIES_2_004,12309,27.9
WI_1,HOBBIES_2_004,12310,27.9
WI_1,HOBBIES_2_004,12311,27.9
WI_1,HOBBIES_2_004,12312,23.71
WI_1,HOBBIES_2_004,12313,27.9
WI_1,HOBBIES_2_004,12314,27.9
WI_1,HOBBIES_2_004,12315,27.9
WI_1,HOBBIES_2_004,12316,27.9
WI_1,HOBBIES_2_004,12317,27.9
WI_1,HOBBIES_2_004,12318,27.9
WI_1,HOBBIES_2_004,12319,27.9
WI_1,HOBBIES_2_004,12320,23.71
WI_1,HOBBIES_2_004,12321,23.71
WI_1,HOBBIES_2_004,12322,27.9
WI_1,HOBBIES_2_004,12323,27.9
WI_1,HOBBIES_2_004,12324,23.71
WI_1,HOBBIES_2_004,12325,27.9
WI_1,HOBBIES_2_004,12326,27.9
WI_1,HOBBIES_2_004,12327,27.9
WI_1,HOBBIES_2_004,12328,27.9
WI_1,HOBBIES_2_004,12329,27.9
WI_1,HOBBIES_2_004,12330,27.9
WI_1,HOBBIES_2_004,12331,27.9
WI_1,HOBBIES_2_004,12332,27.9
WI_1,HOBBIES_2_004,12333,23.71
WI_1,HOBBIES_2_004,12334,27.9
WI_1,HOBBIES_2_004,12335,27.9
WI_1,HOBBIES_2_004,12336,27.9
WI_1,HOBBIES_2_004,12337,27.9
WI_1,HOBBIES_2_004,12338,23.71
WI_1,HOBBIES_2_004,12339,27.9
WI_1,HOBBIES_2_004,12340,27.9
WI_1,HOBBIES_2_004,12341,27.9
WI_1,HOBBIES_2_004,12342,23.71
WI_1,HOBBIES_2_004,12343,23.71
WI_1,HOBBIES_2_004,12344,27.9
WI_1,HOBBIES_2_004,12345,27.9
WI_1,HOBBIES_2_004,12346,23.71
WI_1,HOBBIES_2_004,12347,27.9
WI_1,HOBBIES_2_004,12348,27.9
WI_1,HOBBIES_2_004,12349,23.71
WI_1,HOBBIES_2_004,12350,27.9
WI_1,HOBBIES_2_004,12351,27.9
WI_1,HOBBIES_2_004,12352,27.9
WI_1,HOUSEHOLD_1_001,12152,10.49
WI_1,HOUSEHOLD_1_001,12201,10.49
WI_1,HOUSEHOLD_1_001,12202,10.49
WI_1,HOUSEHOLD_1_001,12203,10.49
WI_1,HOUSEHOLD_1_001,12204,10.49
WI_1,HOUSEHOLD_1_001,12205,10.49
WI_1,HOUSEHOLD_1_001,12206,10.49
WI_1,HOUSEHOLD_1_001,12207,10.49
WI_1,HOUSEHOLD_1_001,12208,10.49
WI_1,HOUSEHOLD_1_001,12209,10.49
WI_1,HOUSEHOLD_1_001,12210,10.49
WI_1,HOUSEHOLD_1_001,12211,10.49
WI_1,HOUSEHOLD_1_001,12212,10.49
WI_1,HOUSEHOLD_1_001,12213,10.49
WI_1,HOUSEHOLD_1_001,12214,10.49
WI_1,HOUSEHOLD_1_001,12215,8.92
WI_1,HOUSEHOLD_1_001,12216,10.49
WI_1,HOUSEHOLD_1_001,12217,10.49
WI_1,HOUSEHOLD_1_001,12218,10.49
WI_1,HOUSEHOLD_1_001,12219,10.49
WI_1,HOUSEHOLD_1_001,12220,10.49
WI_1,HOUSEHOLD_1_001,12221,10.49
WI_1,HOUSEHOLD_1_001,12222,10.49
WI_1,HOUSEHOLD_1_001,12223,8.92
WI_1,HOUSEHOLD_1_001,12224,10.49
WI_1,HOUSEHOLD_1_001,12225,10.49
WI_1,HOUSEHOLD_1_001,12226,10.49
WI_1,HOUSEHOLD_1_001,12227,8.92
WI_1,HOUSEHOLD_1_001,12228,10.49
WI_1,HOUSEHOLD_1_001,12229,10.49
WI_1,HOUSEHOLD_1_001,12230,10.49
WI_1,HOUSEHOLD_1_001,12231,10.49
WI_1,HOUSEHOLD_1_001,12232,10.49
WI_1,HOUSEHOLD_1_001,12233,10.49
WI_1,HOUSEHOLD_1_001,12234,10.49
WI_1,HOUSEHOLD_1_001,12235,10.49
WI_1,HOUSEHOLD_1_001,12236,10.49
WI_1,HOUSEHOLD_1_001,12237,8.92
WI_1,HOUSEHOLD_1_001,12238,10.49
WI_1,HOUSEHOLD_1_001,12239,8.92
WI_1,HOUSEHOLD_1_001,12240,10.49
WI_1,HOUSEHOLD_1_001,12241,10.49
WI_1,HOUSEHOLD_1_001,12242,10.49
WI_1,HOUSEHOLD_1_001,12243,10.49
WI_1,HOUSEHOLD_1_001,12244,10.49
WI_1,HOUSEHOLD_1_001,12245,10.49
WI_1,HOUSEHOLD_1_001,12246,10.49
WI_1,HOUSEHOLD_1_001,12247,8.92
WI_1,HOUSEHOLD_1_001,12248,10.49
WI_1,HOUSEHOLD_1_001,12249,10.49
WI_1,HOUSEHOLD_1_001,12250,10.49
WI_1,HOUSEHOLD_1_001,12251,8.92
WI_1,HOUSEHOLD_1_001,12252,10.49
WI_1,HOUSEHOLD_1_001,12301,10.49
WI_1,HOUSEHOLD_1_001,12302,10.49
WI_1,HOUSEHOLD_1_001,12303,10.49
WI_1,HOUSEHOLD_1_001,12304,10.49
WI_1,HOUSEHOLD_1_001,12305,10.49
WI_1,HOUSEHOLD_1_001,12306,10.49
WI_1,HOUSEHOLD_1_001,12307,10.49
WI_1,HOUSEHOLD_1_001,12308,10.49
WI_1,HOUSEHOLD_1_001,12309,8.92
WI_1,HOUSEHOLD_1_001,12310,10.49
WI_1,HOUSEHOLD_1_001,12311,8.92
WI_1,HOUSEHOLD_1_001,12312,10.49
WI_1,HOUSEHOLD_1_001,12313,10.49
WI_1,HOUSEHOLD_1_001,12314,8.92
WI_1,HOUSEHOLD_1_001,12315,8.92
WI_1,HOUSEHOLD_1_001,12316,10.49
WI_1,HOUSEHOLD_1_001,12317,10.49
WI_1,HOUSEHOLD_1_001,12318,10.49
WI_1,HOUSEHOLD_1_001,12319,10.49
WI_1,HOUSEHOLD_1_001,12320,8.92
WI_1,HOUSEHOLD_1_001,12321,10.49
WI_1,HOUSEHOLD_1_001,12322,10.49
WI_1,HOUSEHOLD_1_001,12323,10.49
WI_1,HOUSEHOLD_1_001,12324,10.49
WI_1,HOUSEHOLD_1_001,12325,10.49
WI_1,HOUSEHOLD_1_001,12326,10.49
WI_1,HOUSEHOLD_1_001,12327,10.49
WI_1,HOUSEHOLD_1_001,12328,10.49
WI_1,HOUSEHOLD_1_001,12329,10.49
WI_1,HOUSEHOLD_1_001,12330,8.92
WI_1,HOUSEHOLD_1_001,12331,10.49
WI_1,HOUSEHOLD_1_001,12332,10.49
WI_1,HOUSEHOLD_1_001,12333,10.49
WI_1,HOUSEHOLD_1_001,12334,8.92
WI_1,HOUSEHOLD_1_001,12335,10.49
WI_1,HOUSEHOLD_1_001,12336,10.49
WI_1,HOUSEHOLD_1_001,12337,10.49
WI_1,HOUSEHOLD_1_001,12338,10.49
WI_1,HOUSEHOLD_1_001,12339,10.49
WI_1,HOUSEHOLD_1_001,12340,10.49
WI_1,HOUSEHOLD_1_001,12341,10.49
WI_1,HOUSEHOLD_1_001,12342,10.49
WI_1,HOUSEHOLD_1_001,12343,10.49
WI_1,HOUSEHOLD_1_001,12344,8.92
WI_1,HOUSEHOLD_1_001,12345,10.49
WI_1,HOUSEHOLD_1_001,12346,10.49
WI_1,HOUSEHOLD_1_001,12347,10.49
WI_1,HOUSEHOLD_1_001,12348,10.49
WI_1,HOUSEHOLD_1_001,12349,10.49
WI_1,HOUSEHOLD_1_001,12350,10.49
WI_1,HOUSEHOLD_1_001,12351,8.92
WI_1,HOUSEHOLD_1_001,12352,10.49
WI_1,HOUSEHOLD_1_002,12152,12.99
WI_1,HOUSEHOLD_1_002,12201,12.99
WI_1,HOUSEHOLD_1_002,12202,12.99
WI_1,HOUSEHOLD_1_002,12203,12.99
WI_1,HOUSEHOLD_1_002,12204,12.99
WI_1,HOUSEHOLD_1_002,12205,12.99
WI_1,HOUSEHOLD_1_002,12206,12.99
WI_1,HOUSEHOLD_1_002,12207,12.99
WI_1,HOUSEHOLD_1_002,12208,12.99
WI_1,HOUSEHOLD_1_002,12209,12.99
WI_1,HOUSEHOLD_1_002,12210,12.99
WI_1,HOUSEHOLD_1_002,12211,12.99
WI_1,HOUSEHOLD_1_002,12212,12.99
WI_1,HOUSEHOLD_1_002,12213,11.04
WI_1,HOUSEHOLD_1_002,12214,12.99
WI_1,HOUSEHOLD_1_002,12215,11.04
WI_1,HOUSEHOLD_1_002,12216,12.99
WI_1,HOUSEHOLD_1_002,12217,12.99
WI_1,HOUSEHOLD_1_002,12218,12.99
WI_1,HOUSEHOLD_1_002,12219,12.99
WI_1,HOUSEHOLD_1_002,12220,12.99
WI_1,HOUSEHOLD_1_002,12221,11.04
WI_1,HOUSEHOLD_1_002,12222,12.99
WI_1,HOUSEHOLD_1_002,12223,11.04
WI_1,HOUSEHOLD_1_002,12224,11.04
WI_1,HOUSEHOLD_1_002,12225,11.04
WI_1,HOUSEHOLD_1_002,12226,12.99
WI_1,HOUSEHOLD_1_002,12227,12.99
WI_1,HOUSEHOLD_1_002,12228,12.99
WI_1,HOUSEHOLD_1_002,12229,12.99
WI_1,HOUSEHOLD_1_002,12230,12.99
WI_1,HOUSEHOLD_1_002,12231,12.99
WI_1,HOUSEHOLD_1_002,12232,12.99
WI_1,HOUSEHOLD_1_002,12233,12.99
WI_1,HOUSEHOLD_1_002,12234,12.99
WI_1,HOUSEHOLD_1_002,12235,11.04
WI_1,HOUSEHOLD_1_002,12236,11.04
WI_1,HOUSEHOLD_1_002,12237,12.99
WI_1,HOUSEHOLD_1_002,12238,12.99
WI_1,HOUSEHOLD_1_002,12239,12.99
WI_1,HOUSEHOLD_1_002,12240,12.99
WI_1,HOUSEHOLD_1_002,12241,12.99
WI_1,HOUSEHOLD_1_002,12242,12.99
WI_1,HOUSEHOLD_1_002,12243,12.99
WI_1,HOUSEHOLD_1_002,12244,12.99
WI_1,HOUSEHOLD_1_002,12245,12.99
WI_1,HOUSEHOLD_1_002,12246,12.99
WI_1,HOUSEHOLD_1_002,12247,12.99
WI_1,HOUSEHOLD_1_002,12248,12.99
WI_1,HOUSEHOLD_1_002,12249,12.99
WI_1,HOUSEHOLD_1_002,12250,12.99
WI_1,HOUSEHOLD_1_002,12251,12.99
WI_1,HOUSEHOLD_1_002,12252,11.04
WI_1,HOUSEHOLD_1_002,12301,12.99
WI_1,HOUSEHOLD_1_002,12302,11.04
WI_1,HOUSEHOLD_1_002,12303,12.99
WI_1,HOUSEHOLD_1_002,12304,12.99
WI_1,HOUSEHOLD_1_002,12305,12.99
WI_1,HOUSEHOLD_1_002,12306,12.99
WI_1,HOUSEHOLD_1_002,12307,12.99
WI_1,HOUSEHOLD_1_002,12308,12.99
WI_1,HOUSEHOLD_1_002,12309,12.99
WI_1,HOUSEHOLD_1_002,12310,11.04
WI_1,HOUSEHOLD_1_002,12311,11.04
WI_1,HOUSEHOLD_1_002,12312,11.04
WI_1,HOUSEHOLD_1_002,12313,12.99
WI_1,HOUSEHOLD_1_002,12314,12.99
WI_1,HOUSEHOLD_1_002,12315,12.99
WI_1,HOUSEHOLD_1_002,12316,12.99
WI_1,HOUSEHOLD_1_002,12317,12.99
WI_1,HOUSEHOLD_1_002,12318,12.99
WI_1,HOUSEHOLD_1_002,12319,12.99
WI_1,HOUSEHOLD_1_002,12320,12.99
WI_1,HOUSEHOLD_1_002,12321,12.99
WI_1,HOUSEHOLD_1_002,12322,11.04
WI_1,HOUSEHOLD_1_002,12323,11.04
WI_1,HOUSEHOLD_1_002,12324,12.99
WI_1,HOUSEHOLD_1_002,12325,12.99
WI_1,HOUSEHOLD_1_002,12326,11.04
WI_1,HOUSEHOLD_1_002,12327,12.99
WI_1,HOUSEHOLD_1_002,12328,12.99
WI_1,HOUSEHOLD_1_002,12329,11.04
WI_1,HOUSEHOLD_1_002,12330,12.99
WI_1,HOUSEHOLD_1_002,12331,12.99
WI_1,HOUSEHOLD_1_002,12332,11.04
WI_1,HOUSEHOLD_1_002,12333,12.99
WI_1,HOUSEHOLD_1_002,12334,12.99
WI_1,HOUSEHOLD_1_002,12335,12.99
WI_1,HOUSEHOLD_1_002,12336,12.99
WI_1,HOUSEHOLD_1_002,12337,12.99
WI_1,HOUSEHOLD_1_002,12338,12.99
WI_1,HOUSEHOLD_1_002,12339,12.99
WI_1,HOUSEHOLD_1_002,12340,12.99
WI_1,HOUSEHOLD_1_002,12341,12.99
WI_1,HOUSEHOLD_1_002,12342,12.99
WI_1,HOUSEHOLD_1_002,12343,12.99
WI_1,HOUSEHOLD_1_002,12344,12.99
WI_1,HOUSEHOLD_1_002,12345,12.99
WI_1,HOUSEHOLD_1_002,12346,12.99
WI_1,HOUSEHOLD_1_002,12347,12.99
WI_1,HOUSEHOLD_1_002,12348,12.99
WI_1,HOUSEHOLD_1_002,12349,12.99
WI_1,HOUSEHOLD_1_002,12350,12.99
WI_1,HOUSEHOLD_1_002,12351,12.99
WI_1,HOUSEHOLD_1_002,12352,12.99
WI_1,HOUSEHOLD_1_003,12152,15.48
WI_1,HOUSEHOLD_1_003,12201,15.48
WI_1,HOUSEHOLD_1_003,12202,15.48
WI_1,HOUSEHOLD_1_003,12203,15.48
WI_1,HOUSEHOLD_1_003,12204,13.16
WI_1,HOUSEHOLD_1_003,12205,15.48
WI_1,HOUSEHOLD_1_003,12206,15.48
WI_1,HOUSEHOLD_1_003,12207,13.16
WI_1,HOUSEHOLD_1_003,12208,15.48
WI_1,HOUSEHOLD_1_003,12209,15.48
WI_1,HOUSEHOLD_1_003,12210,15.48
WI_1,HOUSEHOLD_1_003,12211,15.48
WI_1,HOUSEHOLD_1_003,12212,15.48
WI_1,HOUSEHOLD_1_003,12213,15.48
WI_1,HOUSEHOLD_1_003,12214,15.48
WI_1,HOUSEHOLD_1_003,12215,15.48
WI_1,HOUSEHOLD_1_003,12216,15.48
WI_1,HOUSEHOLD_1_003,12217,15.48
WI_1,HOUSEHOLD_1_003,12218,13.16
WI_1,HOUSEHOLD_1_003,12219,15.48
WI_1,HOUSEHOLD_1_003,12220,15.48
WI_1,HOUSEHOLD_1_003,12221,15.48
WI_1,HOUSEHOLD_1_003,12222,15.48
WI_1,HOUSEHOLD_1_003,12223,15.48
WI_1,HOUSEHOLD_1_003,12224,15.48
WI_1,HOUSEHOLD_1_003,12225,15.48
WI_1,HOUSEHOLD_1_003,12226,15.48
WI_1,HOUSEHOLD_1_003,12227,15.48
WI_1,HOUSEHOLD_1_003,12228,15.48
WI_1,HOUSEHOLD_1_003,12229,15.48
WI_1,HOUSEHOLD_1_003,12230,15.48
WI_1,HOUSEHOLD_1_003,12231,15.48
WI_1,HOUSEHOLD_1_003,12232,15.48
WI_1,HOUSEHOLD_1_003,12233,15.48
WI_1,HOUSEHOLD_1_003,12234,15.48
WI_1,HOUSEHOLD_1_003,12235,15.48
WI_1,HOUSEHOLD_1_003,12236,15.48
WI_1,HOUSEHOLD_1_003,12237,15.48
WI_1,HOUSEHOLD_1_003,12238,15.48
WI_1,HOUSEHOLD_1_003,12239,13.16
WI_1,HOUSEHOLD_1_003,12240,15.48
WI_1,HOUSEHOLD_1_003,12241,15.48
WI_1,HOUSEHOLD_1_003,12242,15.48
WI_1,HOUSEHOLD_1_003,12243,15.48
WI_1,HOUSEHOLD_1_003,12244,15.48
WI_1,HOUSEHOLD_1_003,12245,15.48
WI_1,HOUSEHOLD_1_003,12246,15.48
WI_1,HOUSEHOLD_1_003,12247,13.16
WI_1,HOUSEHOLD_1_003,12248,15.48
WI_1,HOUSEHOLD_1_003,12249,13.16
WI_1,HOUSEHOLD_1_003,12250,15.48
WI_1,HOUSEHOLD_1_003,12251,15.48
WI_1,HOUSEHOLD_1_003,12252,15.48
WI_1,HOUSEHOLD_1_003,12301,15.48
WI_1,HOUSEHOLD_1_003,12302,15.48
WI_1,HOUSEHOLD_1_003,12303,15.48
WI_1,HOUSEHOLD_1_003,12304,15.48
WI_1,HOUSEHOLD_1_003,12305,13.16
WI_1,HOUSEHOLD_1_003,12306,15.48
WI_1,HOUSEHOLD_1_003,12307,15.48
WI_1,HOUSEHOLD_1_003,12308,13.16
WI_1,HOUSEHOLD_1_003,12309,15.48
WI_1,HOUSEHOLD_1_003,12310,15.48
WI_1,HOUSEHOLD_1_003,12311,15.48
WI_1,HOUSEHOLD_1_003,12312,15.48
WI_1,HOUSEHOLD_1_003,12313,15.48
WI_1,HOUSEHOLD_1_003,12314,15.48
WI_1,HOUSEHOLD_1_003,12315,13.16
WI_1,HOUSEHOLD_1_003,12316,15.48
WI_1,HOUSEHOLD_1_003,12317,15.48
WI_1,HOUSEHOLD_1_003,12318,15.48
WI_1,HOUSEHOLD_1_003,12319,15.48
WI_1,HOUSEHOLD_1_003,12320,15.48
WI_1,HOUSEHOLD_1_003,12321,15.48
WI_1,HOUSEHOLD_1_003,12322,15.48
WI_1,HOUSEHOLD_1_003,12323,15.48
WI_1,HOUSEHOLD_1_003,12324,15.48
WI_1,HOUSEHOLD_1_003,12325,15.48
WI_1,HOUSEHOLD_1_003,12326,13.16
WI_1,HOUSEHOLD_1_003,12327,15.48
WI_1,HOUSEHOLD_1_003,12328,15.48
WI_1,HOUSEHOLD_1_003,12329,15.48
WI_1,HOUSEHOLD_1_003,12330,15.48
WI_1,HOUSEHOLD_1_003,12331,15.48
WI_1,HOUSEHOLD_1_003,12332,15.48
WI_1,HOUSEHOLD_1_003,12333,15.48
WI_1,HOUSEHOLD_1_003,12334,15.48
WI_1,HOUSEHOLD_1_003,12335,15.48
WI_1,HOUSEHOLD_1_003,12336,15.48
WI_1,HOUSEHOLD_1_003,12337,13.16
WI_1,HOUSEHOLD_1_003,12338,13.16
WI_1,HOUSEHOLD_1_003,12339,13.16
WI_1,HOUSEHOLD_1_003,12340,15.48
WI_1,HOUSEHOLD_1_003,12341,13.16
WI_1,HOUSEHOLD_1_003,12342,15.48
WI_1,HOUSEHOLD_1_003,12343,15.48
WI_1,HOUSEHOLD_1_003,12344,15.48
WI_1,HOUSEHOLD_1_003,12345,15.48
WI_1,HOUSEHOLD_1_003,12346,15.48
WI_1,HOUSEHOLD_1_003,12347,15.48
WI_1,HOUSEHOLD_1_003,12348,15.48
WI_1,HOUSEHOLD_1_003,12349,13.16
WI_1,HOUSEHOLD_1_003,12350,15.48
WI_1,HOUSEHOLD_1_003,12351,15.48
WI_1,HOUSEHOLD_1_003,12352,15.48
WI_1,HOUSEHOLD_1_004,12152,17.98
WI_1,HOUSEHOLD_1_004,12201,17.98
WI_1,HOUSEHOLD_1_004,12202,17.98
WI_1,HOUSEHOLD_1_004,12203,15.28
WI_1,HOUSEHOLD_1_004,12204,17.98
WI_1,HOUSEHOLD_1_004,12205,15.28
WI_1,HOUSEHOLD_1_004,12206,17.98
WI_1,HOUSEHOLD_1_004,12207,17.98
WI_1,HOUSEHOLD_1_004,12208,17.98
WI_1,HOUSEHOLD_1_004,12209,17.98
WI_1,HOUSEHOLD_1_004,12210,17.98
WI_1,HOUSEHOLD_1_004,12211,17.98
WI_1,HOUSEHOLD_1_004,12212,17.98
WI_1,HOUSEHOLD_1_004,12213,17.98
WI_1,HOUSEHOLD_1_004,12214,17.98
WI_1,HOUSEHOLD_1_004,12215,17.98
WI_1,HOUSEHOLD_1_004,12216,15.28
WI_1,HOUSEHOLD_1_004,12217,17.98
WI_1,HOUSEHOLD_1_004,12218,17.98
WI_1,HOUSEHOLD_1_004,12219,15.28
WI_1,HOUSEHOLD_1_004,12220,15.28
WI_1,HOUSEHOLD_1_004,12221,17.98
WI_1,HOUSEHOLD_1_004,12222,17.98
WI_1,HOUSEHOLD_1_004,12223,17.98
WI_1,HOUSEHOLD_1_004,12224,17.98
WI_1,HOUSEHOLD_1_004,12225,17.98
WI_1,HOUSEHOLD_1_004,12226,17.98
WI_1,HOUSEHOLD_1_004,12227,17.98
WI_1,HOUSEHOLD_1_004,12228,17.98
WI_1,HOUSEHOLD_1_004,12229,17.98
WI_1,HOUSEHOLD_1_004,12230,17.98
WI_1,HOUSEHOLD_1_004,12231,17.98
WI_1,HOUSEHOLD_1_004,12232,17.98
WI_1,HOUSEHOLD_1_004,12233,17.98
WI_1,HOUSEHOLD_1_004,12234,15.28
WI_1,HOUSEHOLD_1_004,12235,15.28
WI_1,HOUSEHOLD_1_004,12236,17.98
WI_1,HOUSEHOLD_1_004,12237,17.98
WI_1,HOUSEHOLD_1_004,12238,17.98
WI_1,HOUSEHOLD_1_004,12239,17.98
WI_1,HOUSEHOLD_1_004,12240,15.28
WI_1,HOUSEHOLD_1_004,12241,15.28
WI_1,HOUSEHOLD_1_004,12242,17.98
WI_1,HOUSEHOLD_1_004,12243,17.98
WI_1,HOUSEHOLD_1_004,12244,17.98
WI_1,HOUSEHOLD_1_004,12245,17.98
WI_1,HOUSEHOLD_1_004,12246,17.98
WI_1,HOUSEHOLD_1_004,12247,17.98
WI_1,HOUSEHOLD_1_004,12248,17.98
WI_1,HOUSEHOLD_1_004,12249,17.98
WI_1,HOUSEHOLD_1_004,12250,17.98
WI_1,HOUSEHOLD_1_004,12251,17.98
WI_1,HOUSEHOLD_1_004,12252,15.28
WI_1,HOUSEHOLD_1_004,12301,15.28
WI_1,HOUSEHOLD_1_004,12302,15.28
WI_1,HOUSEHOLD_1_004,12303,15.28
WI_1,HOUSEHOLD_1_004,12304,17.98
WI_1,HOUSEHOLD_1_004,12305,17.98
WI_1,HOUSEHOLD_1_004,12306,17.98
WI_1,HOUSEHOLD_1_004,12307,17.98
WI_1,HOUSEHOLD_1_004,12308,17.98
WI_1,HOUSEHOLD_1_004,12309,17.98
WI_1,HOUSEHOLD_1_004,12310,17.98
WI_1,HOUSEHOLD_1_004,12311,17.98
WI_1,HOUSEHOLD_1_004,12312,17.98
WI_1,HOUSEHOLD_1_004,12313,17.98
WI_1,HOUSEHOLD_1_004,12314,17.98
WI_1,HOUSEHOLD_1_004,12315,17.98
WI_1,HOUSEHOLD_1_004,12316,17.98
WI_1,HOUSEHOLD_1_004,12317,17.98
WI_1,HOUSEHOLD_1_004,12318,15.28
WI_1,HOUSEHOLD_1_004,12319,15.28
WI_1,HOUSEHOLD_1_004,12320,17.98
WI_1,HOUSEHOLD_1_004,12321,17.98
WI_1,HOUSEHOLD_1_004,12322,17.98
WI_1,HOUSEHOLD_1_004,12323,15.28
WI_1,HOUSEHOLD_1_004,12324,17.98
WI_1,HOUSEHOLD_1_004,12325,17.98
WI_1,HOUSEHOLD_1_004,12326,17.98
WI_1,HOUSEHOLD_1_004,12327,17.98
WI_1,HOUSEHOLD_1_004,12328,17.98
WI_1,HOUSEHOLD_1_004,12329,17.98
WI_1,HOUSEHOLD_1_004,12330,17.98
WI_1,HOUSEHOLD_1_004,12331,17.98
WI_1,HOUSEHOLD_1_004,12332,15.28
WI_1,HOUSEHOLD_1_004,12333,17.98
WI_1,HOUSEHOLD_1_004,12334,17.98
WI_1,HOUSEHOLD_1_004,12335,17.98
WI_1,HOUSEHOLD_1_004,12336,17.98
WI_1,HOUSEHOLD_1_004,12337,17.98
WI_1,HOUSEHOLD_1_004,12338,17.98
WI_1,HOUSEHOLD_1_004,12339,17.98
WI_1,HOUSEHOLD_1_004,12340,15.28
WI_1,HOUSEHOLD_1_004,12341,17.98
WI_1,HOUSEHOLD_1_004,12342,17.98
WI_1,HOUSEHOLD_1_004,12343,17.98
WI_1,HOUSEHOLD_1_004,12344,17.98
WI_1,HOUSEHOLD_1_004,12345,17.98
WI_1,HOUSEHOLD_1_004,12346,17.98
WI_1,HOUSEHOLD_1_004,12347,17.98
WI_1,HOUSEHOLD_1_004,12348,17.98
WI_1,HOUSEHOLD_1_004,12349,17.98
WI_1,HOUSEHOLD_1_004,12350,17.98
WI_1,HOUSEHOLD_1_004,12351,17.98
WI_1,HOUSEHOLD_1_004,12352,17.98
WI_1,HOUSEHOLD_2_001,12152,10.49
WI_1,HOUSEHOLD_2_001,12201,10.49
WI_1,HOUSEHOLD_2_001,12202,10.49
WI_1,HOUSEHOLD_2_001,12203,10.49
WI_1,HOUSEHOLD_2_001,12204,10.49
WI_1,HOUSEHOLD_2_001,12205,10.49
WI_1,HOUSEHOLD_2_001,12206,8.92
WI_1,HOUSEHOLD_2_001,12207,10.49
WI_1,HOUSEHOLD_2_001,12208,10.49
WI_1,HOUSEHOLD_2_001,12209,10.49
WI_1,HOUSEHOLD_2_001,12210,10.49
WI_1,HOUSEHOLD_2_001,12211,8.92
WI_1,HOUSEHOLD_2_001,12212,10.49
WI_1,HOUSEHOLD_2_001,12213,8.92
WI_1,HOUSEHOLD_2_001,12214,10.49
WI_1,HOUSEHOLD_2_001,12215,10.49
WI_1,HOUSEHOLD_2_001,12216,10.49
WI_1,HOUSEHOLD_2_001,12217,8.92
WI_1,HOUSEHOLD_2_001,12218,10.49
WI_1,HOUSEHOLD_2_001,12219,10.49
WI_1,HOUSEHOLD_2_001,12220,10.49
WI_1,HOUSEHOLD_2_001,12221,10.49
WI_1,HOUSEHOLD_2_001,12222,8.92
WI_1,HOUSEHOLD_2_001,12223,10.49
WI_1,HOUSEHOLD_2_001,12224,10.49
WI_1,HOUSEHOLD_2_001,12225,10.49
WI_1,HOUSEHOLD_2_001,12226,8.92
WI_1,HOUSEHOLD_2_001,12227,10.49
WI_1,HOUSEHOLD_2_001,12228,10.49
WI_1,HOUSEHOLD_2_001,12229,10.49
WI_1,HOUSEHOLD_2_001,12230,10.49
WI_1,HOUSEHOLD_2_001,12231,10.49
WI_1,HOUSEHOLD_2_001,12232,10.49
WI_1,HOUSEHOLD_2_001,12233,10.49
WI_1,HOUSEHOLD_2_001,12234,10.49
WI_1,HOUSEHOLD_2_001,12235,10.49
WI_1,HOUSEHOLD_2_001,12236,8.92
WI_1,HOUSEHOLD_2_001,12237,8.92
WI_1,HOUSEHOLD_2_001,12238,10.49
WI_1,HOUSEHOLD_2_001,12239,8.92
WI_1,HOUSEHOLD_2_001,12240,8.92
WI_1,HOUSEHOLD_2_001,12241,8.92
WI_1,HOUSEHOLD_2_001,12242,10.49
WI_1,HOUSEHOLD_2_001,12243,10.49
WI_1,HOUSEHOLD_2_001,12244,10.49
WI_1,HOUSEHOLD_2_001,12245,10.49
WI_1,HOUSEHOLD_2_001,12246,10.49
WI_1,HOUSEHOLD_2_001,12247,10.49
WI_1,HOUSEHOLD_2_001,12248,10.49
WI_1,HOUSEHOLD_2_001,12249,10.49
WI_1,HOUSEHOLD_2_001,12250,8.92
WI_1,HOUSEHOLD_2_001,12251,8.92
WI_1,HOUSEHOLD_2_001,12252,8.92
WI_1,HOUSEHOLD_2_001,12301,10.49
WI_1,HOUSEHOLD_2_001,12302,10.49
WI_1,HOUSEHOLD_2_001,12303,10.49
WI_1,HOUSEHOLD_2_001,12304,10.49
WI_1,HOUSEHOLD_2_001,12305,10.49
WI_1,HOUSEHOLD_2_001,12306,10.49
WI_1,HOUSEHOLD_2_001,12307,10.49
WI_1,HOUSEHOLD_2_001,12308,10.49
WI_1,HOUSEHOLD_2_001,12309,10.49
WI_1,HOUSEHOLD_2_001,12310,8.92
WI_1,HOUSEHOLD_2_001,12311,10.49
WI_1,HOUSEHOLD_2_001,12312,10.49
WI_1,HOUSEHOLD_2_001,12313,8.92
WI_1,HOUSEHOLD_2_001,12314,10.49
WI_1,HOUSEHOLD_2_001,12315,10.49
WI_1,HOUSEHOLD_2_001,12316,10.49
WI_1,HOUSEHOLD_2_001,12317,10.49
WI_1,HOUSEHOLD_2_001,12318,8.92
WI_1,HOUSEHOLD_2_001,12319,10.49
WI_1,HOUSEHOLD_2_001,12320,10.49
WI_1,HOUSEHOLD_2_001,12321,10.49
WI_1,HOUSEHOLD_2_001,12322,8.92
WI_1,HOUSEHOLD_2_001,12323,10.49
WI_1,HOUSEHOLD_2_001,12324,10.49
WI_1,HOUSEHOLD_2_001,12325,10.49
WI_1,HOUSEHOLD_2_001,12326,10.49
WI_1,HOUSEHOLD_2_001,12327,10.49
WI_1,HOUSEHOLD_2_001,12328,10.49
WI_1,HOUSEHOLD_2_001,12329,10.49
WI_1,HOUSEHOLD_2_001,12330,10.49
WI_1,HOUSEHOLD_2_001,12331,10.49
WI_1,HOUSEHOLD_2_001,12332,8.92
WI_1,HOUSEHOLD_2_001,12333,10.49
WI_1,HOUSEHOLD_2_001,12334,10.49
WI_1,HOUSEHOLD_2_001,12335,10.49
WI_1,HOUSEHOLD_2_001,12336,10.49
WI_1,HOUSEHOLD_2_001,12337,10.49
WI_1,HOUSEHOLD_2_001,12338,10.49
WI_1,HOUSEHOLD_2_001,12339,10.49
WI_1,HOUSEHOLD_2_001,12340,10.49
WI_1,HOUSEHOLD_2_001,12341,10.49
WI_1,HOUSEHOLD_2_001,12342,10.49
WI_1,HOUSEHOLD_2_001,12343,10.49
WI_1,HOUSEHOLD_2_001,12344,10.49
WI_1,HOUSEHOLD_2_001,12345,10.49
WI_1,HOUSEHOLD_2_001,12346,10.49
WI_1,HOUSEHOLD_2_001,12347,8.92
WI_1,HOUSEHOLD_2_001,12348,10.49
WI_1,HOUSEHOLD_2_001,12349,10.49
WI_1,HOUSEHOLD_2_001,12350,10.49
WI_1,HOUSEHOLD_2_001,12351,8.92
WI_1,HOUSEHOLD_2_001,12352,10.49
WI_1,HOUSEHOLD_2_002,12152,12.99
WI_1,HOUSEHOLD_2_002,12201,12.99
WI_1,HOUSEHOLD_2_002,12202,12.99
WI_1,HOUSEHOLD_2_002,12203,12.99
WI_1,HOUSEHOLD_2_002,12204,12.99
WI_1,HOUSEHOLD_2_002,12205,11.04
WI_1,HOUSEHOLD_2_002,12206,12.99
WI_1,HOUSEHOLD_2_002,12207,11.04
WI_1,HOUSEHOLD_2_002,12208,12.99
WI_1,HOUSEHOLD_2_002,12209,12.99
WI_1,HOUSEHOLD_2_002,12210,12.99
WI_1,HOUSEHOLD_2_002,12211,12.99
WI_1,HOUSEHOLD_2_002,12212,11.04
WI_1,HOUSEHOLD_2_002,12213,12.99
WI_1,HOUSEHOLD_2_002,12214,11.04
WI_1,HOUSEHOLD_2_002,12215,11.04
WI_1,HOUSEHOLD_2_002,12216,12.99
WI_1,HOUSEHOLD_2_002,12217,11.04
WI_1,HOUSEHOLD_2_002,12218,12.99
WI_1,HOUSEHOLD_2_002,12219,12.99
WI_1,HOUSEHOLD_2_002,12220,11.04
WI_1,HOUSEHOLD_2_002,12221,11.04
WI_1,HOUSEHOLD_2_002,12222,12.99
WI_1,HOUSEHOLD_2_002,12223,12.99
WI_1,HOUSEHOLD_2_002,12224,12.99
WI_1,HOUSEHOLD_2_002,12225,12.99
WI_1,HOUSEHOLD_2_002,12226,12.99
WI_1,HOUSEHOLD_2_002,12227,12.99
WI_1,HOUSEHOLD_2_002,12228,12.99
WI_1,HOUSEHOLD_2_002,12229,12.99
WI_1,HOUSEHOLD_2_002,12230,12.99
WI_1,HOUSEHOLD_2_002,12231,12.99
WI_1,HOUSEHOLD_2_002,12232,12.99
WI_1,HOUSEHOLD_2_002,12233,12.99
WI_1,HOUSEHOLD_2_002,12234,12.99
WI_1,HOUSEHOLD_2_002,12235,12.99
WI_1,HOUSEHOLD_2_002,12236,12.99
WI_1,HOUSEHOLD_2_002,12237,12.99
WI_1,HOUSEHOLD_2_002,12238,11.04
WI_1,HOUSEHOLD_2_002,12239,12.99
WI_1,HOUSEHOLD_2_002,12240,12.99
WI_1,HOUSEHOLD_2_002,12241,12.99
WI_1,HOUSEHOLD_2_002,12242,11.04
WI_1,HOUSEHOLD_2_002,12243,12.99
WI_1,HOUSEHOLD_2_002,12244,11.04
WI_1,HOUSEHOLD_2_002,12245,12.99
WI_1,HOUSEHOLD_2_002,12246,12.99
WI_1,HOUSEHOLD_2_002,12247,11.04
WI_1,HOUSEHOLD_2_002,12248,12.99
WI_1,HOUSEHOLD_2_002,12249,12.99
WI_1,HOUSEHOLD_2_002,12250,12.99
WI_1,HOUSEHOLD_2_002,12251,12.99
WI_1,HOUSEHOLD_2_002,12252,12.99
WI_1,HOUSEHOLD_2_002,12301,12.99
WI_1,HOUSEHOLD_2_002,12302,12.99
WI_1,HOUSEHOLD_2_002,12303,12.99
WI_1,HOUSEHOLD_2_002,12304,12.99
WI_1,HOUSEHOLD_2_002,12305,11.04
WI_1,HOUSEHOLD_2_002,12306,12.99
WI_1,HOUSEHOLD_2_002,12307,12.99
WI_1,HOUSEHOLD_2_002,12308,12.99
WI_1,HOUSEHOLD_2_002,12309,12.99
WI_1,HOUSEHOLD_2_002,12310,12.99
WI_1,HOUSEHOLD_2_002,12311,12.99
WI_1,HOUSEHOLD_2_002,12312,12.99
WI_1,HOUSEHOLD_2_002,12313,12.99
WI_1,HOUSEHOLD_2_002,12314,12.99
WI_1,HOUSEHOLD_2_002,12315,12.99
WI_1,HOUSEHOLD_2_002,12316,12.99
WI_1,HOUSEHOLD_2_002,12317,12.99
WI_1,HOUSEHOLD_2_002,12318,12.99
WI_1,HOUSEHOLD_2_002,12319,12.99
WI_1,HOUSEHOLD_2_002,12320,11.04
WI_1,HOUSEHOLD_2_002,12321,12.99
WI_1,HOUSEHOLD_2_002,12322,12.99
WI_1,HOUSEHOLD_2_002,12323,12.99
WI_1,HOUSEHOLD_2_002,12324,12.99
WI_1,HOUSEHOLD_2_002,12325,12.99
WI_1,HOUSEHOLD_2_002,12326,11.04
WI_1,HOUSEHOLD_2_002,12327,12.99
WI_1,HOUSEHOLD_2_002,12328,12.99
WI_1,HOUSEHOLD_2_002,12329,12.99
WI_1,HOUSEHOLD_2_002,12330,12.99
WI_1,HOUSEHOLD_2_002,12331,12.99
WI_1,HOUSEHOLD_2_002,12332,12.99
WI_1,HOUSEHOLD_2_002,12333,12.99
WI_1,HOUSEHOLD_2_002,12334,12.99
WI_1,HOUSEHOLD_2_002,12335,11.04
WI_1,HOUSEHOLD_2_002,12336,12.99
WI_1,HOUSEHOLD_2_002,12337,12.99
WI_1,HOUSEHOLD_2_002,12338,12.99
WI_1,HOUSEHOLD_2_002,12339,12.99
WI_1,HOUSEHOLD_2_002,12340,12.99
WI_1,HOUSEHOLD_2_002,12341,12.99
WI_1,HOUSEHOLD_2_002,12342,12.99
WI_1,HOUSEHOLD_2_002,12343,11.04
WI_1,HOUSEHOLD_2_002,12344,12.99
WI_1,HOUSEHOLD_2_002,12345,11.04
WI_1,HOUSEHOLD_2_002,12346,12.99
WI_1,HOUSEHOLD_2_002,12347,11.04
WI_1,HOUSEHOLD_2_002,12348,12.99
WI_1,HOUSEHOLD_2_002,12349,11.04
WI_1,HOUSEHOLD_2_002,12350,12.99
WI_1,HOUSEHOLD_2_002,12351,12.99
WI_1,HOUSEHOLD_2_002,12352,12.99
WI_1,HOUSEHOLD_2_003,12152,15.48
WI_1,HOUSEHOLD_2_003,12201,15.48
WI_1,HOUSEHOLD_2_003,12202,15.48
WI_1,HOUSEHOLD_2_003,12203,13.16
WI_1,HOUSEHOLD_2_003,12204,15.48
WI_1,HOUSEHOLD_2_003,12205,15.48
WI_1,HOUSEHOLD_2_003,12206,15.48
WI_1,HOUSEHOLD_2_003,12207,15.48
WI_1,HOUSEHOLD_2_003,12208,15.48
WI_1,HOUSEHOLD_2_003,12209,15.48
WI_1,HOUSEHOLD_2_003,12210,15.48
WI_1,HOUSEHOLD_2_003,12211,15.48
WI_1,HOUSEHOLD_2_003,12212,13.16
WI_1,HOUSEHOLD_2_003,12213,15.48
WI_1,HOUSEHOLD_2_003,12214,13.16
WI_1,HOUSEHOLD_2_003,12215,15.48
WI_1,HOUSEHOLD_2_003,12216,15.48
WI_1,HOUSEHOLD_2_003,12217,15.48
WI_1,HOUSEHOLD_2_003,12218,15.48
WI_1,HOUSEHOLD_2_003,12219,15.48
WI_1,HOUSEHOLD_2_003,12220,15.48
WI_1,HOUSEHOLD_2_003,12221,15.48
WI_1,HOUSEHOLD_2_003,12222,13.16
WI_1,HOUSEHOLD_2_003,12223,15.48
WI_1,HOUSEHOLD_2_003,12224,15.48
WI_1,HOUSEHOLD_2_003,12225,15.48
WI_1,HOUSEHOLD_2_003,12226,15.48
WI_1,HOUSEHOLD_2_003,12227,15.48
WI_1,HOUSEHOLD_2_003,12228,15.48
WI_1,HOUSEHOLD_2_003,12229,15.48
WI_1,HOUSEHOLD_2_003,12230,15.48
WI_1,HOUSEHOLD_2_003,12231,15.48
WI_1,HOUSEHOLD_2_003,12232,15.48
WI_1,HOUSEHOLD_2_003,12233,15.48
WI_1,HOUSEHOLD_2_003,12234,15.48
WI_1,HOUSEHOLD_2_003,12235,15.48
WI_1,HOUSEHOLD_2_003,12236,15.48
WI_1,HOUSEHOLD_2_003,12237,15.48
WI_1,HOUSEHOLD_2_003,12238,15.48
WI_1,HOUSEHOLD_2_003,12239,15.48
WI_1,HOUSEHOLD_2_003,12240,15.48
WI_1,HOUSEHOLD_2_003,12241,15.48
WI_1,HOUSEHOLD_2_003,12242,13.16
WI_1,HOUSEHOLD_2_003,12243,15.48
WI_1,HOUSEHOLD_2_003,12244,15.48
WI_1,HOUSEHOLD_2_003,12245,15.48
WI_1,HOUSEHOLD_2_003,12246,15.48
WI_1,HOUSEHOLD_2_003,12247,15.48
WI_1,HOUSEHOLD_2_003,12248,15.48
WI_1,HOUSEHOLD_2_003,12249,15.48
WI_1,HOUSEHOLD_2_003,12250,15.48
WI_1,HOUSEHOLD_2_003,12251,15.48
WI_1,HOUSEHOLD_2_003,12252,15.48
WI_1,HOUSEHOLD_2_003,12301,15.48
WI_1,HOUSEHOLD_2_003,12302,15.48
WI_1,HOUSEHOLD_2_003,12303,15.48
WI_1,HOUSEHOLD_2_003,12304,15.48
WI_1,HOUSEHOLD_2_003,12305,15.48
WI_1,HOUSEHOLD_2_003,12306,15.48
WI_1,HOUSEHOLD_2_003,12307,15.48
WI_1,HOUSEHOLD_2_003,12308,15.48
WI_1,HOUSEHOLD_2_003,12309,13.16
WI_1,HOUSEHOLD_2_003,12310,15.48
WI_1,HOUSEHOLD_2_003,12311,15.48
WI_1,HOUSEHOLD_2_003,12312,15.48
WI_1,HOUSEHOLD_2_003,12313,15.48
WI_1,HOUSEHOLD_2_003,12314,15.48
WI_1,HOUSEHOLD_2_003,12315,15.48
WI_1,HOUSEHOLD_2_003,12316,15.48
WI_1,HOUSEHOLD_2_003,12317,13.16
WI_1,HOUSEHOLD_2_003,12318,15.48
WI_1,HOUSEHOLD_2_003,12319,13.16
WI_1,HOUSEHOLD_2_003,12320,15.48
WI_1,HOUSEHOLD_2_003,12321,15.48
WI_1,HOUSEHOLD_2_003,12322,15.48
WI_1,HOUSEHOLD_2_003,12323,13.16
WI_1,HOUSEHOLD_2_003,12324,15.48
WI_1,HOUSEHOLD_2_003,12325,15.48
WI_1,HOUSEHOLD_2_003,12326,15.48
WI_1,HOUSEHOLD_2_003,12327,15.48
WI_1,HOUSEHOLD_2_003,12328,15.48
WI_1,HOUSEHOLD_2_003,12329,15.48
WI_1,HOUSEHOLD_2_003,12330,15.48
WI_1,HOUSEHOLD_2_003,12331,15.48
WI_1,HOUSEHOLD_2_003,12332,15.48
WI_1,HOUSEHOLD_2_003,12333,15.48
WI_1,HOUSEHOLD_2_003,12334,15.48
WI_1,HOUSEHOLD_2_003,12335,15.48
WI_1,HOUSEHOLD_2_003,12336,13.16
WI_1,HOUSEHOLD_2_003,12337,15.48
WI_1,HOUSEHOLD_2_003,12338,15.48
WI_1,HOUSEHOLD_2_003,12339,13.16
WI_1,HOUSEHOLD_2_003,12340,15.48
WI_1,HOUSEHOLD_2_003,12341,15.48
WI_1,HOUSEHOLD_2_003,12342,15.48
WI_1,HOUSEHOLD_2_003,12343,15.48
WI_1,HOUSEHOLD_2_003,12344,15.48
WI_1,HOUSEHOLD_2_003,12345,15.48
WI_1,HOUSEHOLD_2_003,12346,15.48
WI_1,HOUSEHOLD_2_003,12347,13.16
WI_1,HOUSEHOLD_2_003,12348,15.48
WI_1,HOUSEHOLD_2_003,12349,15.48
WI_1,HOUSEHOLD_2_003,12350,15.48
WI_1,HOUSEHOLD_2_003,12351,15.48
WI_1,HOUSEHOLD_2_003,12352,15.48
WI_1,HOUSEHOLD_2_004,12152,17.98
WI_1,HOUSEHOLD_2_004,12201,17.98
WI_1,HOUSEHOLD_2_004,12202,17.98
WI_1,HOUSEHOLD_2_004,12203,17.98
WI_1,HOUSEHOLD_2_004,12204,17.98
WI_1,HOUSEHOLD_2_004,12205,17.98
WI_1,HOUSEHOLD_2_004,12206,17.98
WI_1,HOUSEHOLD_2_004,12207,15.28
WI_1,HOUSEHOLD_2_004,12208,17.98
WI_1,HOUSEHOLD_2_004,12209,17.98
WI_1,HOUSEHOLD_2_004,12210,17.98
WI_1,HOUSEHOLD_2_004,12211,17.98
WI_1,HOUSEHOLD_2_004,12212,17.98
WI_1,HOUSEHOLD_2_004,12213,17.98
WI_1,HOUSEHOLD_2_004,12214,17.98
WI_1,HOUSEHOLD_2_004,12215,17.98
WI_1,HOUSEHOLD_2_004,12216,17.98
WI_1,HOUSEHOLD_2_004,12217,17.98
WI_1,HOUSEHOLD_2_004,12218,17.98
WI_1,HOUSEHOLD_2_004,12219,17.98
WI_1,HOUSEHOLD_2_004,12220,17.98
WI_1,HOUSEHOLD_2_004,12221,17.98
WI_1,HOUSEHOLD_2_004,12222,17.98
WI_1,HOUSEHOLD_2_004,12223,17.98
WI_1,HOUSEHOLD_2_004,12224,17.98
WI_1,HOUSEHOLD_2_004,12225,17.98
WI_1,HOUSEHOLD_2_004,12226,17.98
WI_1,HOUSEHOLD_2_004,12227,17.98
WI_1,HOUSEHOLD_2_004,12228,17.98
WI_1,HOUSEHOLD_2_004,12229,17.98
WI_1,HOUSEHOLD_2_004,12230,17.98
WI_1,HOUSEHOLD_2_004,12231,17.98
WI_1,HOUSEHOLD_2_004,12232,17.98
WI_1,HOUSEHOLD_2_004,12233,17.98
WI_1,HOUSEHOLD_2_004,12234,15.28
WI_1,HOUSEHOLD_2_004,12235,17.98
WI_1,HOUSEHOLD_2_004,12236,17.98
WI_1,HOUSEHOLD_2_004,12237,17.98
WI_1,HOUSEHOLD_2_004,12238,17.98
WI_1,HOUSEHOLD_2_004,12239,17.98
WI_1,HOUSEHOLD_2_004,12240,17.98
WI_1,HOUSEHOLD_2_004,12241,17.98
WI_1,HOUSEHOLD_2_004,12242,17.98
WI_1,HOUSEHOLD_2_004,12243,17.98
WI_1,HOUSEHOLD_2_004,12244,17.98
WI_1,HOUSEHOLD_2_004,12245,17.98
WI_1,HOUSEHOLD_2_004,12246,17.98
WI_1,HOUSEHOLD_2_004,12247,17.98
WI_1,HOUSEHOLD_2_004,12248,17.98
WI_1,HOUSEHOLD_2_004,12249,17.98
WI_1,HOUSEHOLD_2_004,12250,17.98
WI_1,HOUSEHOLD_2_004,12251,17.98
WI_1,HOUSEHOLD_2_004,12252,17.98
WI_1,HOUSEHOLD_2_004,12301,17.98
WI_1,HOUSEHOLD_2_004,12302,17.98
WI_1,HOUSEHOLD_2_004,12303,17.98
WI_1,HOUSEHOLD_2_004,12304,17.98
WI_1,HOUSEHOLD_2_004,12305,17.98
WI_1,HOUSEHOLD_2_004,12306,17.98
WI_1,HOUSEHOLD_2_004,12307,17.98
WI_1,HOUSEHOLD_2_004,12308,17.98
WI_1,HOUSEHOLD_2_004,12309,17.98
WI_1,HOUSEHOLD_2_004,12310,17.98
WI_1,HOUSEHOLD_2_004,12311,17.98
WI_1,HOUSEHOLD_2_004,12312,17.98
WI_1,HOUSEHOLD_2_004,12313,17.98
WI_1,HOUSEHOLD_2_004,12314,17.98
WI_1,HOUSEHOLD_2_004,12315,17.98
WI_1,HOUSEHOLD_2_004,12316,17.98
WI_1,HOUSEHOLD_2_004,12317,15.28
WI_1,HOUSEHOLD_2_004,12318,17.98
WI_1,HOUSEHOLD_2_004,12319,15.28
WI_1,HOUSEHOLD_2_004,12320,17.98
WI_1,HOUSEHOLD_2_004,12321,17.98
WI_1,HOUSEHOLD_2_004,12322,17.98
WI_1,HOUSEHOLD_2_004,12323,17.98
WI_1,HOUSEHOLD_2_004,12324,17.98
WI_1,HOUSEHOLD_2_004,12325,15.28
WI_1,HOUSEHOLD_2_004,12326,17.98
WI_1,HOUSEHOLD_2_004,12327,17.98
WI_1,HOUSEHOLD_2_004,12328,15.28
WI_1,HOUSEHOLD_2_004,12329,17.98
WI_1,HOUSEHOLD_2_004,12330,17.98
WI_1,HOUSEHOLD_2_004,12331,17.98
WI_1,HOUSEHOLD_2_004,12332,17.98
WI_1,HOUSEHOLD_2_004,12333,17.98
WI_1,HOUSEHOLD_2_004,12334,15.28
WI_1,HOUSEHOLD_2_004,12335,17.98
WI_1,HOUSEHOLD_2_004,12336,15.28
WI_1,HOUSEHOLD_2_004,12337,17.98
WI_1,HOUSEHOLD_2_004,12338,17.98
WI_1,HOUSEHOLD_2_004,12339,17.98
WI_1,HOUSEHOLD_2_004,12340,17.98
WI_1,HOUSEHOLD_2_004,12341,17.98
WI_1,HOUSEHOLD_2_004,12342,17.98
WI_1,HOUSEHOLD_2_004,12343,17.98
WI_1,HOUSEHOLD_2_004,12344,17.98
WI_1,HOUSEHOLD_2_004,12345,17.98
WI_1,HOUSEHOLD_2_004,12346,17.98
WI_1,HOUSEHOLD_2_004,12347,17.98
WI_1,HOUSEHOLD_2_004,12348,17.98
WI_1,HOUSEHOLD_2_004,12349,15.28
WI_1,HOUSEHOLD_2_004,12350,17.98
WI_1,HOUSEHOLD_2_004,12351,17.98
WI_1,HOUSEHOLD_2_004,12352,17.98
WI_2,FOODS_1_001,12152,3.68
WI_2,FOODS_1_001,12201,3.13
WI_2,FOODS_1_001,12202,3.68
WI_2,FOODS_1_001,12203,3.68
WI_2,FOODS_1_001,12204,3.68
WI_2,FOODS_1_001,12205,3.68
WI_2,FOODS_1_001,12206,3.68
WI_2,FOODS_1_001,12207,3.68
WI_2,FOODS_1_001,12208,3.68
WI_2,FOODS_1_001,12209,3.13
WI_2,FOODS_1_001,12210,3.68
WI_2,FOODS_1_001,12211,3.13
WI_2,FOODS_1_001,12212,3.68
WI_2,FOODS_1_001,12213,3.68
WI_2,FOODS_1_001,12214,3.68
WI_2,FOODS_1_001,12215,3.13
WI_2,FOODS_1_001,12216,3.68
WI_2,FOODS_1_001,12217,3.68
WI_2,FOODS_1_001,12218,3.68
WI_2,FOODS_1_001,12219,3.68
WI_2,FOODS_1_001,12220,3.68
WI_2,FOODS_1_001,12221,3.13
WI_2,FOODS_1_001,12222,3.68
WI_2,FOODS_1_001,12223,3.68
WI_2,FOODS_1_001,12224,3.68
WI_2,FOODS_1_001,12225,3.68
WI_2,FOODS_1_001,12226,3.68
WI_2,FOODS_1_001,12227,3.68
WI_2,FOODS_1_001,12228,3.68
WI_2,FOODS_1_001,12229,3.68
WI_2,FOODS_1_001,12230,3.68
WI_2,FOODS_1_001,12231,3.13
WI_2,FOODS_1_001,12232,3.68
WI_2,FOODS_1_001,12233,3.68
WI_2,FOODS_1_001,12234,3.68
WI_2,FOODS_1_001,12235,3.13
WI_2,FOODS_1_001,12236,3.13
WI_2,FOODS_1_001,12237,3.68
WI_2,FOODS_1_001,12238,3.68
WI_2,FOODS_1_001,12239,3.68
WI_2,FOODS_1_001,12240,3.68
WI_2,FOODS_1_001,12241,3.68
WI_2,FOODS_1_001,12242,3.68
WI_2,FOODS_1_001,12243,3.68
WI_2,FOODS_1_001,12244,3.13
WI_2,FOODS_1_001,12245,3.68
WI_2,FOODS_1_001,12246,3.68
WI_2,FOODS_1_001,12247,3.68
WI_2,FOODS_1_001,12248,3.13
WI_2,FOODS_1_001,12249,3.68
WI_2,FOODS_1_001,12250,3.68
WI_2,FOODS_1_001,12251,3.68
WI_2,FOODS_1_001,12252,3.68
WI_2,FOODS_1_001,12301,3.68
WI_2,FOODS_1_001,12302,3.68
WI_2,FOODS_1_001,12303,3.68
WI_2,FOODS_1_001,12304,3.68
WI_2,FOODS_1_001,12305,3.68
WI_2,FOODS_1_001,12306,3.68
WI_2,FOODS_1_001,12307,3.13
WI_2,FOODS_1_001,12308,3.68
WI_2,FOODS_1_001,12309,3.68
WI_2,FOODS_1_001,12310,3.13
WI_2,FOODS_1_001,12311,3.68
WI_2,FOODS_1_001,12312,3.68
WI_2,FOODS_1_001,12313,3.68
WI_2,FOODS_1_001,12314,3.68
WI_2,FOODS_1_001,12315,3.68
WI_2,FOODS_1_001,12316,3.68
WI_2,FOODS_1_001,12317,3.13
WI_2,FOODS_1_001,12318,3.68
WI_2,FOODS_1_001,12319,3.68
WI_2,FOODS_1_001,12320,3.68
WI_2,FOODS_1_001,12321,3.68
WI_2,FOODS_1_001,12322,3.68
WI_2,FOODS_1_001,12323,3.68
WI_2,FOODS_1_001,12324,3.68
WI_2,FOODS_1_001,12325,3.13
WI_2,FOODS_1_001,12326,3.68
WI_2,FOODS_1_001,12327,3.68
WI_2,FOODS_1_001,12328,3.68
WI_2,FOODS_1_001,12329,3.68
WI_2,FOODS_1_001,12330,3.68
WI_2,FOODS_1_001,12331,3.68
WI_2,FOODS_1_001,12332,3.68
WI_2,FOODS_1_001,12333,3.68
WI_2,FOODS_1_001,12334,3.68
WI_2,FOODS_1_001,12335,3.68
WI_2,FOODS_1_001,12336,3.13
WI_2,FOODS_1_001,12337,3.68
WI_2,FOODS_1_001,12338,3.68
WI_2,FOODS_1_001,12339,3.68
WI_2,FOODS_1_001,12340,3.68
WI_2,FOODS_1_001,12341,3.68
WI_2,FOODS_1_001,12342,3.68
WI_2,FOODS_1_001,12343,3.68
WI_2,FOODS_1_001,12344,3.68
WI_2,FOODS_1_001,12345,3.68
WI_2,FOODS_1_001,12346,3.68
WI_2,FOODS_1_001,12347,3.68
WI_2,FOODS_1_001,12348,3.68
WI_2,FOODS_1_001,12349,3.68
WI_2,FOODS_1_001,12350,3.68
WI_2,FOODS_1_001,12351,3.13
WI_2,FOODS_1_001,12352,3.13
WI_2,FOODS_1_002,12152,4.55
WI_2,FOODS_1_002,12201,4.55
WI_2,FOODS_1_002,12202,4.55
WI_2,FOODS_1_002,12203,4.55
WI_2,FOODS_1_002,12204,4.55
WI_2,FOODS_1_002,12205,4.55
WI_2,FOODS_1_002,12206,4.55
WI_2,FOODS_1_002,12207,4.55
WI_2,FOODS_1_002,12208,4.55
WI_2,FOODS_1_002,12209,4.55
WI_2,FOODS_1_002,12210,4.55
WI_2,FOODS_1_002,12211,4.55
WI_2,FOODS_1_002,12212,4.55
WI_2,FOODS_1_002,12213,3.87
WI_2,FOODS_1_002,12214,4.55
WI_2,FOODS_1_002,12215,4.55
WI_2,FOODS_1_002,12216,3.87
WI_2,FOODS_1_002,12217,4.55
WI_2,FOODS_1_002,12218,4.55
WI_2,FOODS_1_002,12219,4.55
WI_2,FOODS_1_002,12220,3.87
WI_2,FOODS_1_002,12221,4.55
WI_2,FOODS_1_002,12222,4.55
WI_2,FOODS_1_002,12223,4.55
WI_2,FOODS_1_002,12224,4.55
WI_2,FOODS_1_002,12225,4.55
WI_2,FOODS_1_002,12226,4.55
WI_2,FOODS_1_002,12227,4.55
WI_2,FOODS_1_002,12228,4.55
WI_2,FOODS_1_002,12229,4.55
WI_2,FOODS_1_002,12230,4.55
WI_2,FOODS_1_002,12231,4.55
WI_2,FOODS_1_002,12232,4.55
WI_2,FOODS_1_002,12233,4.55
WI_2,FOODS_1_002,12234,4.55
WI_2,FOODS_1_002,12235,4.55
WI_2,FOODS_1_002,12236,4.55
WI_2,FOODS_1_002,12237,4.55
WI_2,FOODS_1_002,12238,4.55
WI_2,FOODS_1_002,12239,4.55
WI_2,FOODS_1_002,12240,4.55
WI_2,FOODS_1_002,12241,4.55
WI_2,FOODS_1_002,12242,4.55
WI_2,FOODS_1_002,12243,4.55
WI_2,FOODS_1_002,12244,4.55
WI_2,FOODS_1_002,12245,4.55
WI_2,FOODS_1_002,12246,4.55
WI_2,FOODS_1_002,12247,4.55
WI_2,FOODS_1_002,12248,4.55
WI_2,FOODS_1_002,12249,4.55
WI_2,FOODS_1_002,12250,4.55
WI_2,FOODS_1_002,12251,4.55
WI_2,FOODS_1_002,12252,4.55
WI_2,FOODS_1_002,12301,4.55
WI_2,FOODS_1_002,12302,4.55
WI_2,FOODS_1_002,12303,4.55
WI_2,FOODS_1_002,12304,4.55
WI_2,FOODS_1_002,12305,3.87
WI_2,FOODS_1_002,12306,4.55
WI_2,FOODS_1_002,12307,4.55
WI_2,FOODS_1_002,12308,3.87
WI_2,FOODS_1_002,12309,4.55
WI_2,FOODS_1_002,12310,4.55
WI_2,FOODS_1_002,12311,3.87
WI_2,FOODS_1_002,12312,4.55
WI_2,FOODS_1_002,12313,4.55
WI_2,FOODS_1_002,12314,4.55
WI_2,FOODS_1_002,12315,4.55
WI_2,FOODS_1_002,12316,4.55
WI_2,FOODS_1_002,12317,4.55
WI_2,FOODS_1_002,12318,4.55
WI_2,FOODS_1_002,12319,3.87
WI_2,FOODS_1_002,12320,4.55
WI_2,FOODS_1_002,12321,4.55
WI_2,FOODS_1_002,12322,3.87
WI_2,FOODS_1_002,12323,4.55
WI_2,FOODS_1_002,12324,4.55
WI_2,FOODS_1_002,12325,4.55
WI_2,FOODS_1_002,12326,4.55
WI_2,FOODS_1_002,12327,4.55
WI_2,FOODS_1_002,12328,4.55
WI_2,FOODS_1_002,12329,4.55
WI_2,FOODS_1_002,12330,3.87
WI_2,FOODS_1_002,12331,4.55
WI_2,FOODS_1_002,12332,4.55
WI_2,FOODS_1_002,12333,4.55
WI_2,FOODS_1_002,12334,4.55
WI_2,FOODS_1_002,12335,3.87
WI_2,FOODS_1_002,12336,4.55
WI_2,FOODS_1_002,12337,3.87
WI_2,FOODS_1_002,12338,3.87
WI_2,FOODS_1_002,12339,4.55
WI_2,FOODS_1_002,12340,4.55
WI_2,FOODS_1_002,12341,3.87
WI_2,FOODS_1_002,12342,4.55
WI_2,FOODS_1_002,12343,3.87
WI_2,FOODS_1_002,12344,4.55
WI_2,FOODS_1_002,12345,3.87
WI_2,FOODS_1_002,12346,4.55
WI_2,FOODS_1_002,12347,4.55
WI_2,FOODS_1_002,12348,4.55
WI_2,FOODS_1_002,12349,4.55
WI_2,FOODS_1_002,12350,4.55
WI_2,FOODS_1_002,12351,3.87
WI_2,FOODS_1_002,12352,3.87
WI_2,FOODS_1_003,12152,5.42
WI_2,FOODS_1_003,12201,5.42
WI_2,FOODS_1_003,12202,5.42
WI_2,FOODS_1_003,12203,5.42
WI_2,FOODS_1_003,12204,5.42
WI_2,FOODS_1_003,12205,4.61
WI_2,FOODS_1_003,12206,5.42
WI_2,FOODS_1_003,12207,5.42
WI_2,FOODS_1_003,12208,5.42
WI_2,FOODS_1_003,12209,5.42
WI_2,FOODS_1_003,12210,5.42
WI_2,FOODS_1_003,12211,5.42
WI_2,FOODS_1_003,12212,5.42
WI_2,FOODS_1_003,12213,5.42
WI_2,FOODS_1_003,12214,5.42
WI_2,FOODS_1_003,12215,5.42
WI_2,FOODS_1_003,12216,5.42
WI_2,FOODS_1_003,12217,5.42
WI_2,FOODS_1_003,12218,4.61
WI_2,FOODS_1_003,12219,5.42
WI_2,FOODS_1_003,12220,4.61
WI_2,FOODS_1_003,12221,5.42
WI_2,FOODS_1_003,12222,5.42
WI_2,FOODS_1_003,12223,5.42
WI_2,FOODS_1_003,12224,4.61
WI_2,FOODS_1_003,12225,5.42
WI_2,FOODS_1_003,12226,5.42
WI_2,FOODS_1_003,12227,5.42
WI_2,FOODS_1_003,12228,5.42
WI_2,FOODS_1_003,12229,5.42
WI_2,FOODS_1_003,12230,5.42
WI_2,FOODS_1_003,12231,5.42
WI_2,FOODS_1_003,12232,4.61
WI_2,FOODS_1_003,12233,5.42
WI_2,FOODS_1_003,12234,4.61
WI_2,FOODS_1_003,12235,5.42
WI_2,FOODS_1_003,12236,4.61
WI_2,FOODS_1_003,12237,5.42
WI_2,FOODS_1_003,12238,5.42
WI_2,FOODS_1_003,12239,5.42
WI_2,FOODS_1_003,12240,5.42
WI_2,FOODS_1_003,12241,4.61
WI_2,FOODS_1_003,12242,5.42
WI_2,FOODS_1_003,12243,5.42
WI_2,FOODS_1_003,12244,5.42
WI_2,FOODS_1_003,12245,5.42
WI_2,FOODS_1_003,12246,5.42
WI_2,FOODS_1_003,12247,5.42
WI_2,FOODS_1_003,12248,5.42
WI_2,FOODS_1_003,12249,5.42
WI_2,FOODS_1_003,12250,5.42
WI_2,FOODS_1_003,12251,5.42
WI_2,FOODS_1_003,12252,5.42
WI_2,FOODS_1_003,12301,4.61
WI_2,FOODS_1_003,12302,5.42
WI_2,FOODS_1_003,12303,5.42
WI_2,FOODS_1_003,12304,5.42
WI_2,FOODS_1_003,12305,5.42
WI_2,FOODS_1_003,12306,5.42
WI_2,FOODS_1_003,12307,5.42
WI_2,FOODS_1_003,12308,5.42
WI_2,FOODS_1_003,12309,5.42
WI_2,FOODS_1_003,12310,5.42
WI_2,FOODS_1_003,12311,5.42
WI_2,FOODS_1_003,12312,4.61
WI_2,FOODS_1_003,12313,5.42
WI_2,FOODS_1_003,12314,5.42
WI_2,FOODS_1_003,12315,5.42
WI_2,FOODS_1_003,12316,5.42
WI_2,FOODS_1_003,12317,5.42
WI_2,FOODS_1_003,12318,5.42
WI_2,FOODS_1_003,12319,5.42
WI_2,FOODS_1_003,12320,5.42
WI_2,FOODS_1_003,12321,5.42
WI_2,FOODS_1_003,12322,5.42
WI_2,FOODS_1_003,12323,5.42
WI_2,FOODS_1_003,12324,5.42
WI_2,FOODS_1_003,12325,5.42
WI_2,FOODS_1_003,12326,5.42
WI_2,FOODS_1_003,12327,5.42
WI_2,FOODS_1_003,12328,5.42
WI_2,FOODS_1_003,12329,5.42
WI_2,FOODS_1_003,12330,5.42
WI_2,FOODS_1_003,12331,5.42
WI_2,FOODS_1_003,12332,5.42
WI_2,FOODS_1_003,12333,5.42
WI_2,FOODS_1_003,12334,5.42
WI_2,FOODS_1_003,12335,4.61
WI_2,FOODS_1_003,12336,5.42
WI_2,FOODS_1_003,12337,5.42
WI_2,FOODS_1_003,12338,5.42
WI_2,FOODS_1_003,12339,5.42
WI_2,FOODS_1_003,12340,5.42
WI_2,FOODS_1_003,12341,4.61
WI_2,FOODS_1_003,12342,5.42
WI_2,FOODS_1_003,12343,5.42
WI_2,FOODS_1_003,12344,5.42
WI_2,FOODS_1_003,12345,5.42
WI_2,FOODS_1_003,12346,5.42
WI_2,FOODS_1_003,12347,5.42
WI_2,FOODS_1_003,12348,4.61
WI_2,FOODS_1_003,12349,5.42
WI_2,FOODS_1_003,12350,5.42
WI_2,FOODS_1_003,12351,5.42
WI_2,FOODS_1_003,12352,5.42
WI_2,FOODS_1_004,12152,6.3
WI_2,FOODS_1_004,12201,6.3
WI_2,FOODS_1_004,12202,6.3
WI_2,FOODS_1_004,12203,6.3
WI_2,FOODS_1_004,12204,6.3
WI_2,FOODS_1_004,12205,6.3
WI_2,FOODS_1_004,12206,6.3
WI_2,FOODS_1_004,12207,5.35
WI_2,FOODS_1_004,12208,6.3
WI_2,FOODS_1_004,12209,5.35
WI_2,FOODS_1_004,12210,6.3
WI_2,FOODS_1_004,12211,6.3
WI_2,FOODS_1_004,12212,6.3
WI_2,FOODS_1_004,12213,6.3
WI_2,FOODS_1_004,12214,6.3
WI_2,FOODS_1_004,12215,6.3
WI_2,FOODS_1_004,12216,6.3
WI_2,FOODS_1_004,12217,5.35
WI_2,FOODS_1_004,12218,6.3
WI_2,FOODS_1_004,12219,6.3
WI_2,FOODS_1_004,12220,6.3
WI_2,FOODS_1_004,12221,6.3
WI_2,FOODS_1_004,12222,6.3
WI_2,FOODS_1_004,12223,6.3
WI_2,FOODS_1_004,12224,6.3
WI_2,FOODS_1_004,12225,6.3
WI_2,FOODS_1_004,12226,5.35
WI_2,FOODS_1_004,12227,6.3
WI_2,FOODS_1_004,12228,6.3
WI_2,FOODS_1_004,12229,6.3
WI_2,FOODS_1_004,12230,6.3
WI_2,FOODS_1_004,12231,5.35
WI_2,FOODS_1_004,12232,6.3
WI_2,FOODS_1_004,12233,6.3
WI_2,FOODS_1_004,12234,6.3
WI_2,FOODS_1_004,12235,6.3
WI_2,FOODS_1_004,12236,6.3
WI_2,FOODS_1_004,12237,5.35
WI_2,FOODS_1_004,12238,6.3
WI_2,FOODS_1_004,12239,6.3
WI_2,FOODS_1_004,12240,6.3
WI_2,FOODS_1_004,12241,5.35
WI_2,FOODS_1_004,12242,6.3
WI_2,FOODS_1_004,12243,6.3
WI_2,FOODS_1_004,12244,6.3
WI_2,FOODS_1_004,12245,5.35
WI_2,FOODS_1_004,12246,6.3
WI_2,FOODS_1_004,12247,5.35
WI_2,FOODS_1_004,12248,6.3
WI_2,FOODS_1_004,12249,5.35
WI_2,FOODS_1_004,12250,6.3
WI_2,FOODS_1_004,12251,5.35
WI_2,FOODS_1_004,12252,6.3
WI_2,FOODS_1_004,12301,5.35
WI_2,FOODS_1_004,12302,6.3
WI_2,FOODS_1_004,12303,6.3
WI_2,FOODS_1_004,12304,6.3
WI_2,FOODS_1_004,12305,6.3
WI_2,FOODS_1_004,12306,5.35
WI_2,FOODS_1_004,12307,6.3
WI_2,FOODS_1_004,12308,6.3
WI_2,FOODS_1_004,12309,5.35
WI_2,FOODS_1_004,12310,6.3
WI_2,FOODS_1_004,12311,5.35
WI_2,FOODS_1_004,12312,6.3
WI_2,FOODS_1_004,12313,6.3
WI_2,FOODS_1_004,12314,6.3
WI_2,FOODS_1_004,12315,6.3
WI_2,FOODS_1_004,12316,5.35
WI_2,FOODS_1_004,12317,6.3
WI_2,FOODS_1_004,12318,5.35
WI_2,FOODS_1_004,12319,6.3
WI_2,FOODS_1_004,12320,5.35
WI_2,FOODS_1_004,12321,6.3
WI_2,FOODS_1_004,12322,6.3
WI_2,FOODS_1_004,12323,6.3
WI_2,FOODS_1_004,12324,6.3
WI_2,FOODS_1_004,12325,6.3
WI_2,FOODS_1_004,12326,6.3
WI_2,FOODS_1_004,12327,6.3
WI_2,FOODS_1_004,12328,6.3
WI_2,FOODS_1_004,12329,6.3
WI_2,FOODS_1_004,12330,6.3
WI_2,FOODS_1_004,12331,6.3
WI_2,FOODS_1_004,12332,5.35
WI_2,FOODS_1_004,12333,6.3
WI_2,FOODS_1_004,12334,5.35
WI_2,FOODS_1_004,12335,6.3
WI_2,FOODS_1_004,12336,6.3
WI_2,FOODS_1_004,12337,6.3
WI_2,FOODS_1_004,12338,6.3
WI_2,FOODS_1_004,12339,5.35
WI_2,FOODS_1_004,12340,6.3
WI_2,FOODS_1_004,12341,6.3
WI_2,FOODS_1_004,12342,5.35
WI_2,FOODS_1_004,12343,6.3
WI_2,FOODS_1_004,12344,6.3
WI_2,FOODS_1_004,12345,6.3
WI_2,FOODS_1_004,12346,5.35
WI_2,FOODS_1_004,12347,6.3
WI_2,FOODS_1_004,12348,6.3
WI_2,FOODS_1_004,12349,6.3
WI_2,FOODS_1_004,12350,6.3
WI_2,FOODS_1_004,12351,5.35
WI_2,FOODS_1_004,12352,6.3
WI_2,FOODS_2_001,12152,3.68
WI_2,FOODS_2_001,12201,3.13
WI_2,FOODS_2_001,12202,3.68
WI_2,FOODS_2_001,12203,3.68
WI_2,FOODS_2_001,12204,3.68
WI_2,FOODS_2_001,12205,3.68
WI_2,FOODS_2_001,12206,3.68
WI_2,FOODS_2_001,12207,3.68
WI_2,FOODS_2_001,12208,3.68
WI_2,FOODS_2_001,12209,3.68
WI_2,FOODS_2_001,12210,3.68
WI_2,FOODS_2_001,12211,3.68
WI_2,FOODS_2_001,12212,3.68
WI_2,FOODS_2_001,12213,3.13
WI_2,FOODS_2_001,12214,3.68
WI_2,FOODS_2_001,12215,3.13
WI_2,FOODS_2_001,12216,3.13
WI_2,FOODS_2_001,12217,3.68
WI_2,FOODS_2_001,12218,3.68
WI_2,FOODS_2_001,12219,3.68
WI_2,FOODS_2_001,12220,3.68
WI_2,FOODS_2_001,12221,3.68
WI_2,FOODS_2_001,12222,3.68
WI_2,FOODS_2_001,12223,3.68
WI_2,FOODS_2_001,12224,3.68
WI_2,FOODS_2_001,12225,3.68
WI_2,FOODS_2_001,12226,3.68
WI_2,FOODS_2_001,12227,3.68
WI_2,FOODS_2_001,12228,3.68
WI_2,FOODS_2_001,12229,3.13
WI_2,FOODS_2_001,12230,3.68
WI_2,FOODS_2_001,12231,3.68
WI_2,FOODS_2_001,12232,3.68
WI_2,FOODS_2_001,12233,3.68
WI_2,FOODS_2_001,12234,3.68
WI_2,FOODS_2_001,12235,3.68
WI_2,FOODS_2_001,12236,3.68
WI_2,FOODS_2_001,12237,3.68
WI_2,FOODS_2_001,12238,3.68
WI_2,FOODS_2_001,12239,3.68
WI_2,FOODS_2_001,12240,3.68
WI_2,FOODS_2_001,12241,3.68
WI_2,FOODS_2_001,12242,3.68
WI_2,FOODS_2_001,12243,3.68
WI_2,FOODS_2_001,12244,3.68
WI_2,FOODS_2_001,12245,3.68
WI_2,FOODS_2_001,12246,3.13
WI_2,FOODS_2_001,12247,3.68
WI_2,FOODS_2_001,12248,3.68
WI_2,FOODS_2_001,12249,3.68
WI_2,FOODS_2_001,12250,3.68
WI_2,FOODS_2_001,12251,3.13
WI_2,FOODS_2_001,12252,3.68
WI_2,FOODS_2_001,12301,3.68
WI_2,FOODS_2_001,12302,3.68
WI_2,FOODS_2_001,12303,3.68
WI_2,FOODS_2_001,12304,3.68
WI_2,FOODS_2_001,12305,3.68
WI_2,FOODS_2_001,12306,3.68
WI_2,FOODS_2_001,12307,3.13
WI_2,FOODS_2_001,12308,3.13
WI_2,FOODS_2_001,12309,3.68
WI_2,FOODS_2_001,12310,3.68
WI_2,FOODS_2_001,12311,3.68
WI_2,FOODS_2_001,12312,3.13
WI_2,FOODS_2_001,12313,3.68
WI_2,FOODS_2_001,12314,3.68
WI_2,FOODS_2_001,12315,3.68
WI_2,FOODS_2_001,12316,3.68
WI_2,FOODS_2_001,12317,3.68
WI_2,FOODS_2_001,12318,3.68
WI_2,FOODS_2_001,12319,3.13
WI_2,FOODS_2_001,12320,3.68
WI_2,FOODS_2_001,12321,3.68
WI_2,FOODS_2_001,12322,3.68
WI_2,FOODS_2_001,12323,3.68
WI_2,FOODS_2_001,12324,3.68
WI_2,FOODS_2_001,12325,3.68
WI_2,FOODS_2_001,12326,3.68
WI_2,FOODS_2_001,12327,3.68
WI_2,FOODS_2_001,12328,3.68
WI_2,FOODS_2_001,12329,3.68
WI_2,FOODS_2_001,12330,3.68
WI_2,FOODS_2_001,12331,3.68
WI_2,FOODS_2_001,12332,3.68
WI_2,FOODS_2_001,12333,3.68
WI_2,FOODS_2_001,12334,3.68
WI_2,FOODS_2_001,12335,3.68
WI_2,FOODS_2_001,12336,3.13
WI_2,FOODS_2_001,12337,3.13
WI_2,FOODS_2_001,12338,3.68
WI_2,FOODS_2_001,12339,3.68
WI_2,FOODS_2_001,12340,3.68
WI_2,FOODS_2_001,12341,3.13
WI_2,FOODS_2_001,12342,3.68
WI_2,FOODS_2_001,12343,3.68
WI_2,FOODS_2_001,12344,3.68
WI_2,FOODS_2_001,12345,3.13
WI_2,FOODS_2_001,12346,3.68
WI_2,FOODS_2_001,12347,3.68
WI_2,FOODS_2_001,12348,3.68
WI_2,FOODS_2_001,12349,3.68
WI_2,FOODS_2_001,12350,3.68
WI_2,FOODS_2_001,12351,3.68
WI_2,FOODS_2_001,12352,3.13
WI_2,FOODS_2_002,12152,3.87
WI_2,FOODS_2_002,12201,3.87
WI_2,FOODS_2_002,12202,4.55
WI_2,FOODS_2_002,12203,4.55
WI_2,FOODS_2_002,12204,4.55
WI_2,FOODS_2_002,12205,4.55
WI_2,FOODS_2_002,12206,4.55
WI_2,FOODS_2_002,12207,4.55
WI_2,FOODS_2_002,12208,4.55
WI_2,FOODS_2_002,12209,3.87
WI_2,FOODS_2_002,12210,4.55
WI_2,FOODS_2_002,12211,4.55
WI_2,FOODS_2_002,12212,4.55
WI_2,FOODS_2_002,12213,4.55
WI_2,FOODS_2_002,12214,3.87
WI_2,FOODS_2_002,12215,4.55
WI_2,FOODS_2_002,12216,4.55
WI_2,FOODS_2_002,12217,4.55
WI_2,FOODS_2_002,12218,4.55
WI_2,FOODS_2_002,12219,4.55
WI_2,FOODS_2_002,12220,4.55
WI_2,FOODS_2_002,12221,4.55
WI_2,FOODS_2_002,12222,4.55
WI_2,FOODS_2_002,12223,4.55
WI_2,FOODS_2_002,12224,4.55
WI_2,FOODS_2_002,12225,3.87
WI_2,FOODS_2_002,12226,4.55
WI_2,FOODS_2_002,12227,4.55
WI_2,FOODS_2_002,12228,4.55
WI_2,FOODS_2_002,12229,4.55
WI_2,FOODS_2_002,12230,4.55
WI_2,FOODS_2_002,12231,4.55
WI_2,FOODS_2_002,12232,4.55
WI_2,FOODS_2_002,12233,4.55
WI_2,FOODS_2_002,12234,4.55
WI_2,FOODS_2_002,12235,4.55
WI_2,FOODS_2_002,12236,4.55
WI_2,FOODS_2_002,12237,4.55
WI_2,FOODS_2_002,12238,4.55
WI_2,FOODS_2_002,12239,4.55
WI_2,FOODS_2_002,12240,4.55
WI_2,FOODS_2_002,12241,4.55
WI_2,FOODS_2_002,12242,4.55
WI_2,FOODS_2_002,12243,4.55
WI_2,FOODS_2_002,12244,3.87
WI_2,FOODS_2_002,12245,3.87
WI_2,FOODS_2_002,12246,4.55
WI_2,FOODS_2_002,12247,4.55
WI_2,FOODS_2_002,12248,4.55
WI_2,FOODS_2_002,12249,4.55
WI_2,FOODS_2_002,12250,4.55
WI_2,FOODS_2_002,12251,4.55
WI_2,FOODS_2_002,12252,4.55
WI_2,FOODS_2_002,12301,4.55
WI_2,FOODS_2_002,12302,4.55
WI_2,FOODS_2_002,12303,4.55
WI_2,FOODS_2_002,12304,4.55
WI_2,FOODS_2_002,12305,4.55
WI_2,FOODS_2_002,12306,4.55
WI_2,FOODS_2_002,12307,4.55
WI_2,FOODS_2_002,12308,4.55
WI_2,FOODS_2_002,12309,4.55
WI_2,FOODS_2_002,12310,4.55
WI_2,FOODS_2_002,12311,4.55
WI_2,FOODS_2_002,12312,4.55
WI_2,FOODS_2_002,12313,4.55
WI_2,FOODS_2_002,12314,4.55
WI_2,FOODS_2_002,12315,4.55
WI_2,FOODS_2_002,12316,4.55
WI_2,FOODS_2_002,12317,4.55
WI_2,FOODS_2_002,12318,4.55
WI_2,FOODS_2_002,12319,4.55
WI_2,FOODS_2_002,12320,4.55
WI_2,FOODS_2_002,12321,4.55
WI_2,FOODS_2_002,12322,4.55
WI_2,FOODS_2_002,12323,4.55
WI_2,FOODS_2_002,12324,4.55
WI_2,FOODS_2_002,12325,4.55
WI_2,FOODS_2_002,12326,4.55
WI_2,FOODS_2_002,12327,4.55
WI_2,FOODS_2_002,12328,3.87
WI_2,FOODS_2_002,12329,4.55
WI_2,FOODS_2_002,12330,4.55
WI_2,FOODS_2_002,12331,4.55
WI_2,FOODS_2_002,12332,3.87
WI_2,FOODS_2_002,12333,4.55
WI_2,FOODS_2_002,12334,4.55
WI_2,FOODS_2_002,12335,4.55
WI_2,FOODS_2_002,12336,3.87
WI_2,FOODS_2_002,12337,4.55
WI_2,FOODS_2_002,12338,4.55
WI_2,FOODS_2_002,12339,3.87
WI_2,FOODS_2_002,12340,4.55
WI_2,FOODS_2_002,12341,4.55
WI_2,FOODS_2_002,12342,4.55
WI_2,FOODS_2_002,12343,4.55
WI_2,FOODS_2_002,12344,4.55
WI_2,FOODS_2_002,12345,3.87
WI_2,FOODS_2_002,12346,4.55
WI_2,FOODS_2_002,12347,4.55
WI_2,FOODS_2_002,12348,4.55
WI_2,FOODS_2_002,12349,4.55
WI_2,FOODS_2_002,12350,4.55
WI_2,FOODS_2_002,12351,4.55
WI_2,FOODS_2_002,12352,4.55
WI_2,FOODS_2_003,12152,4.61
WI_2,FOODS_2_003,12201,5.42
WI_2,FOODS_2_003,12202,5.42
WI_2,FOODS_2_003,12203,5.42
WI_2,FOODS_2_003,12204,5.42
WI_2,FOODS_2_003,12205,5.42
WI_2,FOODS_2_003,12206,4.61
WI_2,FOODS_2_003,12207,5.42
WI_2,FOODS_2_003,12208,5.42
WI_2,FOODS_2_003,12209,4.61
WI_2,FOODS_2_003,12210,5.42
WI_2,FOODS_2_003,12211,5.42
WI_2,FOODS_2_003,12212,5.42
WI_2,FOODS_2_003,12213,4.61
WI_2,FOODS_2_003,12214,5.42
WI_2,FOODS_2_003,12215,5.42
WI_2,FOODS_2_003,12216,5.42
WI_2,FOODS_2_003,12217,5.42
WI_2,FOODS_2_003,12218,5.42
WI_2,FOODS_2_003,12219,5.42
WI_2,FOODS_2_003,12220,4.61
WI_2,FOODS_2_003,12221,5.42
WI_2,FOODS_2_003,12222,5.42
WI_2,FOODS_2_003,12223,5.42
WI_2,FOODS_2_003,12224,5.42
WI_2,FOODS_2_003,12225,5.42
WI_2,FOODS_2_003,12226,5.42
WI_2,FOODS_2_003,12227,5.42
WI_2,FOODS_2_003,12228,5.42
WI_2,FOODS_2_003,12229,5.42
WI_2,FOODS_2_003,12230,5.42
WI_2,FOODS_2_003,12231,4.61
WI_2,FOODS_2_003,12232,4.61
WI_2,FOODS_2_003,12233,4.61
WI_2,FOODS_2_003,12234,5.42
WI_2,FOODS_2_003,12235,4.61
WI_2,FOODS_2_003,12236,5.42
WI_2,FOODS_2_003,12237,5.42
WI_2,FOODS_2_003,12238,4.61
WI_2,FOODS_2_003,12239,5.42
WI_2,FOODS_2_003,12240,5.42
WI_2,FOODS_2_003,12241,5.42
WI_2,FOODS_2_003,12242,5.42
WI_2,FOODS_2_003,12243,5.42
WI_2,FOODS_2_003,12244,4.61
WI_2,FOODS_2_003,12245,5.42
WI_2,FOODS_2_003,12246,5.42
WI_2,FOODS_2_003,12247,5.42
WI_2,FOODS_2_003,12248,5.42
WI_2,FOODS_2_003,12249,5.42
WI_2,FOODS_2_003,12250,5.42
WI_2,FOODS_2_003,12251,5.42
WI_2,FOODS_2_003,12252,4.61
WI_2,FOODS_2_003,12301,5.42
WI_2,FOODS_2_003,12302,5.42
WI_2,FOODS_2_003,12303,5.42
WI_2,FOODS_2_003,12304,5.42
WI_2,FOODS_2_003,12305,5.42
WI_2,FOODS_2_003,12306,5.42
WI_2,FOODS_2_003,12307,5.42
WI_2,FOODS_2_003,12308,4.61
WI_2,FOODS_2_003,12309,5.42
WI_2,FOODS_2_003,12310,5.42
WI_2,FOODS_2_003,12311,5.42
WI_2,FOODS_2_003,12312,5.42
WI_2,FOODS_2_003,12313,5.42
WI_2,FOODS_2_003,12314,5.42
WI_2,FOODS_2_003,12315,5.42
WI_2,FOODS_2_003,12316,5.42
WI_2,FOODS_2_003,12317,5.42
WI_2,FOODS_2_003,12318,5.42
WI_2,FOODS_2_003,12319,5.42
WI_2,FOODS_2_003,12320,5.42
WI_2,FOODS_2_003,12321,5.42
WI_2,FOODS_2_003,12322,5.42
WI_2,FOODS_2_003,12323,5.42
WI_2,FOODS_2_003,12324,5.42
WI_2,FOODS_2_003,12325,5.42
WI_2,FOODS_2_003,12326,5.42
WI_2,FOODS_2_003,12327,5.42
WI_2,FOODS_2_003,12328,5.42
WI_2,FOODS_2_003,12329,5.42
WI_2,FOODS_2_003,12330,5.42
WI_2,FOODS_2_003,12331,5.42
WI_2,FOODS_2_003,12332,5.42
WI_2,FOODS_2_003,12333,5.42
WI_2,FOODS_2_003,12334,5.42
WI_2,FOODS_2_003,12335,5.42
WI_2,FOODS_2_003,12336,5.42
WI_2,FOODS_2_003,12337,5.42
WI_2,FOODS_2_003,12338,5.42
WI_2,FOODS_2_003,12339,5.42
WI_2,FOODS_2_003,12340,5.42
WI_2,FOODS_2_003,12341,5.42
WI_2,FOODS_2_003,12342,5.42
WI_2,FOODS_2_003,12343,5.42
WI_2,FOODS_2_003,12344,5.42
WI_2,FOODS_2_003,12345,4.61
WI_2,FOODS_2_003,12346,5.42
WI_2,FOODS_2_003,12347,5.42
WI_2,FOODS_2_003,12348,5.42
WI_2,FOODS_2_003,12349,5.42
WI_2,FOODS_2_003,12350,5.42
WI_2,FOODS_2_003,12351,5.42
WI_2,FOODS_2_003,12352,5.42
WI_2,FOODS_2_004,12152,5.35
WI_2,FOODS_2_004,12201,6.3
WI_2,FOODS_2_004,12202,5.35
WI_2,FOODS_2_004,12203,6.3
WI_2,FOODS_2_004,12204,5.35
WI_2,FOODS_2_004,12205,6.3
WI_2,FOODS_2_004,12206,6.3
WI_2,FOODS_2_004,12207,6.3
WI_2,FOODS_2_004,12208,6.3
WI_2,FOODS_2_004,12209,6.3
WI_2,FOODS_2_004,12210,6.3
WI_2,FOODS_2_004,12211,6.3
WI_2,FOODS_2_004,12212,6.3
WI_2,FOODS_2_004,12213,6.3
WI_2,FOODS_2_004,12214,6.3
WI_2,FOODS_2_004,12215,6.3
WI_2,FOODS_2_004,12216,6.3
WI_2,FOODS_2_004,12217,6.3
WI_2,FOODS_2_004,12218,6.3
WI_2,FOODS_2_004,12219,6.3
WI_2,FOODS_2_004,12220,6.3
WI_2,FOODS_2_004,12221,6.3
WI_2,FOODS_2_004,12222,5.35
WI_2,FOODS_2_004,12223,6.3
WI_2,FOODS_2_004,12224,6.3
WI_2,FOODS_2_004,12225,6.3
WI_2,FOODS_2_004,12226,6.3
WI_2,FOODS_2_004,12227,6.3
WI_2,FOODS_2_004,12228,6.3
WI_2,FOODS_2_004,12229,6.3
WI_2,FOODS_2_004,12230,6.3
WI_2,FOODS_2_004,12231,6.3
WI_2,FOODS_2_004,12232,6.3
WI_2,FOODS_2_004,12233,6.3
WI_2,FOODS_2_004,12234,6.3
WI_2,FOODS_2_004,12235,5.35
WI_2,FOODS_2_004,12236,6.3
WI_2,FOODS_2_004,12237,6.3
WI_2,FOODS_2_004,12238,5.35
WI_2,FOODS_2_004,12239,6.3
WI_2,FOODS_2_004,12240,5.35
WI_2,FOODS_2_004,12241,6.3
WI_2,FOODS_2_004,12242,6.3
WI_2,FOODS_2_004,12243,6.3
WI_2,FOODS_2_004,12244,6.3
WI_2,FOODS_2_004,12245,6.3
WI_2,FOODS_2_004,12246,6.3
WI_2,FOODS_2_004,12247,6.3
WI_2,FOODS_2_004,12248,6.3
WI_2,FOODS_2_004,12249,6.3
WI_2,FOODS_2_004,12250,6.3
WI_2,FOODS_2_004,12251,6.3
WI_2,FOODS_2_004,12252,5.35
WI_2,FOODS_2_004,12301,6.3
WI_2,FOODS_2_004,12302,6.3
WI_2,FOODS_2_004,12303,6.3
WI_2,FOODS_2_004,12304,6.3
WI_2,FOODS_2_004,12305,6.3
WI_2,FOODS_2_004,12306,6.3
WI_2,FOODS_2_004,12307,6.3
WI_2,FOODS_2_004,12308,6.3
WI_2,FOODS_2_004,12309,6.3
WI_2,FOODS_2_004,12310,5.35
WI_2,FOODS_2_004,12311,5.35
WI_2,FOODS_2_004,12312,6.3
WI_2,FOODS_2_004,12313,6.3
WI_2,FOODS_2_004,12314,6.3
WI_2,FOODS_2_004,12315,6.3
WI_2,FOODS_2_004,12316,6.3
WI_2,FOODS_2_004,12317,6.3
WI_2,FOODS_2_004,12318,6.3
WI_2,FOODS_2_004,12319,6.3
WI_2,FOODS_2_004,12320,6.3
WI_2,FOODS_2_004,12321,6.3
WI_2,FOODS_2_004,12322,6.3
WI_2,FOODS_2_004,12323,6.3
WI_2,FOODS_2_004,12324,6.3
WI_2,FOODS_2_004,12325,6.3
WI_2,FOODS_2_004,12326,6.3
WI_2,FOODS_2_004,12327,6.3
WI_2,FOODS_2_004,12328,5.35
WI_2,FOODS_2_004,12329,5.35
WI_2,FOODS_2_004,12330,6.3
WI_2,FOODS_2_004,12331,6.3
WI_2,FOODS_2_004,12332,6.3
WI_2,FOODS_2_004,12333,5.35
WI_2,FOODS_2_004,12334,6.3
WI_2,FOODS_2_004,12335,6.3
WI_2,FOODS_2_004,12336,6.3
WI_2,FOODS_2_004,12337,6.3
WI_2,FOODS_2_004,12338,5.35
WI_2,FOODS_2_004,12339,6.3
WI_2,FOODS_2_004,12340,6.3
WI_2,FOODS_2_004,12341,6.3
WI_2,FOODS_2_004,12342,6.3
WI_2,FOODS_2_004,12343,5.35
WI_2,FOODS_2_004,12344,6.3
WI_2,FOODS_2_004,12345,6.3
WI_2,FOODS_2_004,12346,5.35
WI_2,FOODS_2_004,12347,6.3
WI_2,FOODS_2_004,12348,6.3
WI_2,FOODS_2_004,12349,6.3
WI_2,FOODS_2_004,12350,6.3
WI_2,FOODS_2_004,12351,6.3
WI_2,FOODS_2_004,12352,6.3
WI_2,FOODS_3_001,12152,3.68
WI_2,FOODS_3_001,12201,3.68
WI_2,FOODS_3_001,12202,3.13
WI_2,FOODS_3_001,12203,3.68
WI_2,FOODS_3_001,12204,3.68
WI_2,FOODS_3_001,12205,3.68
WI_2,FOODS_3_001,12206,3.68
WI_2,FOODS_3_001,12207,3.68
WI_2,FOODS_3_001,12208,3.13
WI_2,FOODS_3_001,12209,3.68
WI_2,FOODS_3_001,12210,3.68
WI_2,FOODS_3_001,12211,3.68
WI_2,FOODS_3_001,12212,3.13
WI_2,FOODS_3_001,12213,3.13
WI_2,FOODS_3_001,12214,3.68
WI_2,FOODS_3_001,12215,3.68
WI_2,FOODS_3_001,12216,3.68
WI_2,FOODS_3_001,12217,3.68
WI_2,FOODS_3_001,12218,3.68
WI_2,FOODS_3_001,12219,3.68
WI_2,FOODS_3_001,12220,3.68
WI_2,FOODS_3_001,12221,3.68
WI_2,FOODS_3_001,12222,3.68
WI_2,FOODS_3_001,12223,3.68
WI_2,FOODS_3_001,12224,3.68
WI_2,FOODS_3_001,12225,3.68
WI_2,FOODS_3_001,12226,3.68
WI_2,FOODS_3_001,12227,3.68
WI_2,FOODS_3_001,12228,3.68
WI_2,FOODS_3_001,12229,3.68
WI_2,FOODS_3_001,12230,3.68
WI_2,FOODS_3_001,12231,3.68
WI_2,FOODS_3_001,12232,3.68
WI_2,FOODS_3_001,12233,3.68
WI_2,FOODS_3_001,12234,3.68
WI_2,FOODS_3_001,12235,3.68
WI_2,FOODS_3_001,12236,3.68
WI_2,FOODS_3_001,12237,3.68
WI_2,FOODS_3_001,12238,3.68
WI_2,FOODS_3_001,12239,3.68
WI_2,FOODS_3_001,12240,3.68
WI_2,FOODS_3_001,12241,3.68
WI_2,FOODS_3_001,12242,3.68
WI_2,FOODS_3_001,12243,3.68
WI_2,FOODS_3_001,12244,3.13
WI_2,FOODS_3_001,12245,3.68
WI_2,FOODS_3_001,12246,3.68
WI_2,FOODS_3_001,12247,3.68
WI_2,FOODS_3_001,12248,3.13
WI_2,FOODS_3_001,12249,3.13
WI_2,FOODS_3_001,12250,3.68
WI_2,FOODS_3_001,12251,3.68
WI_2,FOODS_3_001,12252,3.68
WI_2,FOODS_3_001,12301,3.68
WI_2,FOODS_3_001,12302,3.13
WI_2,FOODS_3_001,12303,3.68
WI_2,FOODS_3_001,12304,3.13
WI_2,FOODS_3_001,12305,3.68
WI_2,FOODS_3_001,12306,3.68
WI_2,FOODS_3_001,12307,3.68
WI_2,FOODS_3_001,12308,3.68
WI_2,FOODS_3_001,12309,3.68
WI_2,FOODS_3_001,12310,3.68
WI_2,FOODS_3_001,12311,3.68
WI_2,FOODS_3_001,12312,3.68
WI_2,FOODS_3_001,12313,3.68
WI_2,FOODS_3_001,12314,3.68
WI_2,FOODS_3_001,12315,3.68
WI_2,FOODS_3_001,12316,3.68
WI_2,FOODS_3_001,12317,3.68
WI_2,FOODS_3_001,12318,3.68
WI_2,FOODS_3_001,12319,3.68
WI_2,FOODS_3_001,12320,3.68
WI_2,FOODS_3_001,12321,3.68
WI_2,FOODS_3_001,12322,3.68
WI_2,FOODS_3_001,12323,3.68
WI_2,FOODS_3_001,12324,3.68
WI_2,FOODS_3_001,12325,3.68
WI_2,FOODS_3_001,12326,3.68
WI_2,FOODS_3_001,12327,3.68
WI_2,FOODS_3_001,12328,3.68
WI_2,FOODS_3_001,12329,3.68
WI_2,FOODS_3_001,12330,3.68
WI_2,FOODS_3_001,12331,3.68
WI_2,FOODS_3_001,12332,3.68
WI_2,FOODS_3_001,12333,3.68
WI_2,FOODS_3_001,12334,3.68
WI_2,FOODS_3_001,12335,3.68
WI_2,FOODS_3_001,12336,3.68
WI_2,FOODS_3_001,12337,3.13
WI_2,FOODS_3_001,12338,3.68
WI_2,FOODS_3_001,12339,3.68
WI_2,FOODS_3_001,12340,3.68
WI_2,FOODS_3_001,12341,3.68
WI_2,FOODS_3_001,12342,3.68
WI_2,FOODS_3_001,12343,3.13
WI_2,FOODS_3_001,12344,3.68
WI_2,FOODS_3_001,12345,3.13
WI_2,FOODS_3_001,12346,3.68
WI_2,FOODS_3_001,12347,3.68
WI_2,FOODS_3_001,12348,3.68
WI_2,FOODS_3_001,12349,3.68
WI_2,FOODS_3_001,12350,3.68
WI_2,FOODS_3_001,12351,3.68
WI_2,FOODS_3_001,12352,3.68
WI_2,FOODS_3_002,12152,4.55
WI_2,FOODS_3_002,12201,4.55
WI_2,FOODS_3_002,12202,4.55
WI_2,FOODS_3_002,12203,4.55
WI_2,FOODS_3_002,12204,3.87
WI_2,FOODS_3_002,12205,3.87
WI_2,FOODS_3_002,12206,4.55
WI_2,FOODS_3_002,12207,4.55
WI_2,FOODS_3_002,12208,4.55
WI_2,FOODS_3_002,12209,4.55
WI_2,FOODS_3_002,12210,4.55
WI_2,FOODS_3_002,12211,4.55
WI_2,FOODS_3_002,12212,4.55
WI_2,FOODS_3_002,12213,4.55
WI_2,FOODS_3_002,12214,4.55
WI_2,FOODS_3_002,12215,4.55
WI_2,FOODS_3_002,12216,3.87
WI_2,FOODS_3_002,12217,4.55
WI_2,FOODS_3_002,12218,4.55
WI_2,FOODS_3_002,12219,4.55
WI_2,FOODS_3_002,12220,4.55
WI_2,FOODS_3_002,12221,4.55
WI_2,FOODS_3_002,12222,3.87
WI_2,FOODS_3_002,12223,4.55
WI_2,FOODS_3_002,12224,3.87
WI_2,FOODS_3_002,12225,4.55
WI_2,FOODS_3_002,12226,4.55
WI_2,FOODS_3_002,12227,4.55
WI_2,FOODS_3_002,12228,4.55
WI_2,FOODS_3_002,12229,4.55
WI_2,FOODS_3_002,12230,4.55
WI_2,FOODS_3_002,12231,4.55
WI_2,FOODS_3_002,12232,4.55
WI_2,FOODS_3_002,12233,4.55
WI_2,FOODS_3_002,12234,4.55
WI_2,FOODS_3_002,12235,4.55
WI_2,FOODS_3_002,12236,3.87
WI_2,FOODS_3_002,12237,3.87
WI_2,FOODS_3_002,12238,4.55
WI_2,FOODS_3_002,12239,4.55
WI_2,FOODS_3_002,12240,4.55
WI_2,FOODS_3_002,12241,4.55
WI_2,FOODS_3_002,12242,3.87
WI_2,FOODS_3_002,12243,4.55
WI_2,FOODS_3_002,12244,4.55
WI_2,FOODS_3_002,12245,4.55
WI_2,FOODS_3_002,12246,4.55
WI_2,FOODS_3_002,12247,4.55
WI_2,FOODS_3_002,12248,3.87
WI_2,FOODS_3_002,12249,4.55
WI_2,FOODS_3_002,12250,4.55
WI_2,FOODS_3_002,12251,4.55
WI_2,FOODS_3_002,12252,4.55
WI_2,FOODS_3_002,12301,4.55
WI_2,FOODS_3_002,12302,4.55
WI_2,FOODS_3_002,12303,4.55
WI_2,FOODS_3_002,12304,3.87
WI_2,FOODS_3_002,12305,4.55
WI_2,FOODS_3_002,12306,3.87
WI_2,FOODS_3_002,12307,4.55
WI_2,FOODS_3_002,12308,4.55
WI_2,FOODS_3_002,12309,4.55
WI_2,FOODS_3_002,12310,3.87
WI_2,FOODS_3_002,12311,4.55
WI_2,FOODS_3_002,12312,4.55
WI_2,FOODS_3_002,12313,3.87
WI_2,FOODS_3_002,12314,4.55
WI_2,FOODS_3_002,12315,3.87
WI_2,FOODS_3_002,12316,4.55
WI_2,FOODS_3_002,12317,3.87
WI_2,FOODS_3_002,12318,4.55
WI_2,FOODS_3_002,12319,3.87
WI_2,FOODS_3_002,12320,4.55
WI_2,FOODS_3_002,12321,4.55
WI_2,FOODS_3_002,12322,4.55
WI_2,FOODS_3_002,12323,4.55
WI_2,FOODS_3_002,12324,3.87
WI_2,FOODS_3_002,12325,4.55
WI_2,FOODS_3_002,12326,3.87
WI_2,FOODS_3_002,12327,4.55
WI_2,FOODS_3_002,12328,3.87
WI_2,FOODS_3_002,12329,4.55
WI_2,FOODS_3_002,12330,4.55
WI_2,FOODS_3_002,12331,4.55
WI_2,FOODS_3_002,12332,4.55
WI_2,FOODS_3_002,12333,4.55
WI_2,FOODS_3_002,12334,4.55
WI_2,FOODS_3_002,12335,4.55
WI_2,FOODS_3_002,12336,4.55
WI_2,FOODS_3_002,12337,4.55
WI_2,FOODS_3_002,12338,4.55
WI_2,FOODS_3_002,12339,4.55
WI_2,FOODS_3_002,12340,4.55
WI_2,FOODS_3_002,12341,4.55
WI_2,FOODS_3_002,12342,4.55
WI_2,FOODS_3_002,12343,4.55
WI_2,FOODS_3_002,12344,4.55
WI_2,FOODS_3_002,12345,4.55
WI_2,FOODS_3_002,12346,4.55
WI_2,FOODS_3_002,12347,4.55
WI_2,FOODS_3_002,12348,4.55
WI_2,FOODS_3_002,12349,4.55
WI_2,FOODS_3_002,12350,3.87
WI_2,FOODS_3_002,12351,3.87
WI_2,FOODS_3_002,12352,3.87
WI_2,FOODS_3_003,12152,5.42
WI_2,FOODS_3_003,12201,5.42
WI_2,FOODS_3_003,12202,5.42
WI_2,FOODS_3_003,12203,5.42
WI_2,FOODS_3_003,12204,5.42
WI_2,FOODS_3_003,12205,5.42
WI_2,FOODS_3_003,12206,5.42
WI_2,FOODS_3_003,12207,5.42
WI_2,FOODS_3_003,12208,4.61
WI_2,FOODS_3_003,12209,4.61
WI_2,FOODS_3_003,12210,4.61
WI_2,FOODS_3_003,12211,5.42
WI_2,FOODS_3_003,12212,5.42
WI_2,FOODS_3_003,12213,4.61
WI_2,FOODS_3_003,12214,4.61
WI_2,FOODS_3_003,12215,5.42
WI_2,FOODS_3_003,12216,5.42
WI_2,FOODS_3_003,12217,5.42
WI_2,FOODS_3_003,12218,5.42
WI_2,FOODS_3_003,12219,5.42
WI_2,FOODS_3_003,12220,5.42
WI_2,FOODS_3_003,12221,4.61
WI_2,FOODS_3_003,12222,5.42
WI_2,FOODS_3_003,12223,5.42
WI_2,FOODS_3_003,12224,5.42
WI_2,FOODS_3_003,12225,5.42
WI_2,FOODS_3_003,12226,5.42
WI_2,FOODS_3_003,12227,5.42
WI_2,FOODS_3_003,12228,4.61
WI_2,FOODS_3_003,12229,5.42
WI_2,FOODS_3_003,12230,4.61
WI_2,FOODS_3_003,12231,5.42
WI_2,FOODS_3_003,12232,5.42
WI_2,FOODS_3_003,12233,5.42
WI_2,FOODS_3_003,12234,5.42
WI_2,FOODS_3_003,12235,5.42
WI_2,FOODS_3_003,12236,5.42
WI_2,FOODS_3_003,12237,5.42
WI_2,FOODS_3_003,12238,5.42
WI_2,FOODS_3_003,12239,5.42
WI_2,FOODS_3_003,12240,5.42
WI_2,FOODS_3_003,12241,5.42
WI_2,FOODS_3_003,12242,5.42
WI_2,FOODS_3_003,12243,5.42
WI_2,FOODS_3_003,12244,5.42
WI_2,FOODS_3_003,12245,5.42
WI_2,FOODS_3_003,12246,5.42
WI_2,FOODS_3_003,12247,5.42
WI_2,FOODS_3_003,12248,4.61
WI_2,FOODS_3_003,12249,4.61
WI_2,FOODS_3_003,12250,5.42
WI_2,FOODS_3_003,12251,5.42
WI_2,FOODS_3_003,12252,5.42
WI_2,FOODS_3_003,12301,5.42
WI_2,FOODS_3_003,12302,5.42
WI_2,FOODS_3_003,12303,4.61
WI_2,FOODS_3_003,12304,4.61
WI_2,FOODS_3_003,12305,5.42
WI_2,FOODS_3_003,12306,5.42
WI_2,FOODS_3_003,12307,5.42
WI_2,FOODS_3_003,12308,4.61
WI_2,FOODS_3_003,12309,4.61
WI_2,FOODS_3_003,12310,5.42
WI_2,FOODS_3_003,12311,5.42
WI_2,FOODS_3_003,12312,5.42
WI_2,FOODS_3_003,12313,5.42
WI_2,FOODS_3_003,12314,5.42
WI_2,FOODS_3_003,12315,5.42
WI_2,FOODS_3_003,12316,4.61
WI_2,FOODS_3_003,12317,5.42
WI_2,FOODS_3_003,12318,4.61
WI_2,FOODS_3_003,12319,5.42
WI_2,FOODS_3_003,12320,5.42
WI_2,FOODS_3_003,12321,5.42
WI_2,FOODS_3_003,12322,4.61
WI_2,FOODS_3_003,12323,5.42
WI_2,FOODS_3_003,12324,5.42
WI_2,FOODS_3_003,12325,5.42
WI_2,FOODS_3_003,12326,5.42
WI_2,FOODS_3_003,12327,4.61
WI_2,FOODS_3_003,12328,5.42
WI_2,FOODS_3_003,12329,5.42
WI_2,FOODS_3_003,12330,5.42
WI_2,FOODS_3_003,12331,4.61
WI_2,FOODS_3_003,12332,5.42
WI_2,FOODS_3_003,12333,5.42
WI_2,FOODS_3_003,12334,5.42
WI_2,FOODS_3_003,12335,5.42
WI_2,FOODS_3_003,12336,5.42
WI_2,FOODS_3_003,12337,5.42
WI_2,FOODS_3_003,12338,5.42
WI_2,FOODS_3_003,12339,5.42
WI_2,FOODS_3_003,12340,5.42
WI_2,FOODS_3_003,12341,5.42
WI_2,FOODS_3_003,12342,4.61
WI_2,FOODS_3_003,12343,5.42
WI_2,FOODS_3_003,12344,5.42
WI_2,FOODS_3_003,12345,5.42
WI_2,FOODS_3_003,12346,4.61
WI_2,FOODS_3_003,12347,5.42
WI_2,FOODS_3_003,12348,5.42
WI_2,FOODS_3_003,12349,5.42
WI_2,FOODS_3_003,12350,5.42
WI_2,FOODS_3_003,12351,5.42
WI_2,FOODS_3_003,12352,5.42
WI_2,FOODS_3_004,12152,6.3
WI_2,FOODS_3_004,12201,6.3
WI_2,FOODS_3_004,12202,6.3
WI_2,FOODS_3_004,12203,5.35
WI_2,FOODS_3_004,12204,6.3
WI_2,FOODS_3_004,12205,5.35
WI_2,FOODS_3_004,12206,6.3
WI_2,FOODS_3_004,12207,6.3
WI_2,FOODS_3_004,12208,6.3
WI_2,FOODS_3_004,12209,6.3
WI_2,FOODS_3_004,12210,5.35
WI_2,FOODS_3_004,12211,6.3
WI_2,FOODS_3_004,12212,6.3
WI_2,FOODS_3_004,12213,6.3
WI_2,FOODS_3_004,12214,6.3
WI_2,FOODS_3_004,12215,6.3
WI_2,FOODS_3_004,12216,5.35
WI_2,FOODS_3_004,12217,6.3
WI_2,FOODS_3_004,12218,6.3
WI_2,FOODS_3_004,12219,6.3
WI_2,FOODS_3_004,12220,6.3
WI_2,FOODS_3_004,12221,6.3
WI_2,FOODS_3_004,12222,5.35
WI_2,FOODS_3_004,12223,5.35
WI_2,FOODS_3_004,12224,6.3
WI_2,FOODS_3_004,12225,5.35
WI_2,FOODS_3_004,12226,6.3
WI_2,FOODS_3_004,12227,6.3
WI_2,FOODS_3_004,12228,6.3
WI_2,FOODS_3_004,12229,6.3
WI_2,FOODS_3_004,12230,6.3
WI_2,FOODS_3_004,12231,6.3
WI_2,FOODS_3_004,12232,6.3
WI_2,FOODS_3_004,12233,6.3
WI_2,FOODS_3_004,12234,6.3
WI_2,FOODS_3_004,12235,5.35
WI_2,FOODS_3_004,12236,6.3
WI_2,FOODS_3_004,12237,6.3
WI_2,FOODS_3_004,12238,6.3
WI_2,FOODS_3_004,12239,6.3
WI_2,FOODS_3_004,12240,6.3
WI_2,FOODS_3_004,12241,6.3
WI_2,FOODS_3_004,12242,6.3
WI_2,FOODS_3_004,12243,5.35
WI_2,FOODS_3_004,12244,5.35
WI_2,FOODS_3_004,12245,6.3
WI_2,FOODS_3_004,12246,6.3
WI_2,FOODS_3_004,12247,6.3
WI_2,FOODS_3_004,12248,6.3
WI_2,FOODS_3_004,12249,6.3
WI_2,FOODS_3_004,12250,5.35
WI_2,FOODS_3_004,12251,6.3
WI_2,FOODS_3_004,12252,5.35
WI_2,FOODS_3_004,12301,6.3
WI_2,FOODS_3_004,12302,6.3
WI_2,FOODS_3_004,12303,6.3
WI_2,FOODS_3_004,12304,6.3
WI_2,FOODS_3_004,12305,6.3
WI_2,FOODS_3_004,12306,5.35
WI_2,FOODS_3_004,12307,6.3
WI_2,FOODS_3_004,12308,6.3
WI_2,FOODS_3_004,12309,6.3
WI_2,FOODS_3_004,12310,6.3
WI_2,FOODS_3_004,12311,6.3
WI_2,FOODS_3_004,12312,6.3
WI_2,FOODS_3_004,12313,6.3
WI_2,FOODS_3_004,12314,6.3
WI_2,FOODS_3_004,12315,6.3
WI_2,FOODS_3_004,12316,6.3
WI_2,FOODS_3_004,12317,5.35
WI_2,FOODS_3_004,12318,6.3
WI_2,FOODS_3_004,12319,6.3
WI_2,FOODS_3_004,12320,6.3
WI_2,FOODS_3_004,12321,6.3
WI_2,FOODS_3_004,12322,6.3
WI_2,FOODS_3_004,12323,5.35
WI_2,FOODS_3_004,12324,6.3
WI_2,FOODS_3_004,12325,6.3
WI_2,FOODS_3_004,12326,5.35
WI_2,FOODS_3_004,12327,6.3
WI_2,FOODS_3_004,12328,5.35
WI_2,FOODS_3_004,12329,6.3
WI_2,FOODS_3_004,12330,6.3
WI_2,FOODS_3_004,12331,6.3
WI_2,FOODS_3_004,12332,6.3
WI_2,FOODS_3_004,12333,6.3
WI_2,FOODS_3_004,12334,6.3
WI_2,FOODS_3_004,12335,6.3
WI_2,FOODS_3_004,12336,5.35
WI_2,FOODS_3_004,12337,6.3
WI_2,FOODS_3_004,12338,6.3
WI_2,FOODS_3_004,12339,6.3
WI_2,FOODS_3_004,12340,6.3
WI_2,FOODS_3_004,12341,6.3
WI_2,FOODS_3_004,12342,6.3
WI_2,FOODS_3_004,12343,6.3
WI_2,FOODS_3_004,12344,5.35
WI_2,FOODS_3_004,12345,6.3
WI_2,FOODS_3_004,12346,6.3
WI_2,FOODS_3_004,12347,6.3
WI_2,FOODS_3_004,12348,6.3
WI_2,FOODS_3_004,12349,6.3
WI_2,FOODS_3_004,12350,6.3
WI_2,FOODS_3_004,12351,6.3
WI_2,FOODS_3_004,12352,5.35
WI_2,HOBBIES_1_001,12152,16.28
WI_2,HOBBIES_1_001,12201,16.28
WI_2,HOBBIES_1_001,12202,16.28
WI_2,HOBBIES_1_001,12203,16.28
WI_2,HOBBIES_1_001,12204,16.28
WI_2,HOBBIES_1_001,12205,16.28
WI_2,HOBBIES_1_001,12206,16.28
WI_2,HOBBIES_1_001,12207,16.28
WI_2,HOBBIES_1_001,12208,16.28
WI_2,HOBBIES_1_001,12209,16.28
WI_2,HOBBIES_1_001,12210,16.28
WI_2,HOBBIES_1_001,12211,13.84
WI_2,HOBBIES_1_001,12212,16.28
WI_2,HOBBIES_1_001,12213,16.28
WI_2,HOBBIES_1_001,12214,16.28
WI_2,HOBBIES_1_001,12215,16.28
WI_2,HOBBIES_1_001,12216,16.28
WI_2,HOBBIES_1_001,12217,16.28
WI_2,HOBBIES_1_001,12218,16.28
WI_2,HOBBIES_1_001,12219,16.28
WI_2,HOBBIES_1_001,12220,16.28
WI_2,HOBBIES_1_001,12221,16.28
WI_2,HOBBIES_1_001,12222,16.28
WI_2,HOBBIES_1_001,12223,16.28
WI_2,HOBBIES_1_001,12224,16.28
WI_2,HOBBIES_1_001,12225,16.28
WI_2,HOBBIES_1_001,12226,16.28
WI_2,HOBBIES_1_001,12227,16.28
WI_2,HOBBIES_1_001,12228,16.28
WI_2,HOBBIES_1_001,12229,16.28
WI_2,HOBBIES_1_001,12230,16.28
WI_2,HOBBIES_1_001,12231,16.28
WI_2,HOBBIES_1_001,12232,16.28
WI_2,HOBBIES_1_001,12233,16.28
WI_2,HOBBIES_1_001,12234,16.28
WI_2,HOBBIES_1_001,12235,13.84
WI_2,HOBBIES_1_001,12236,16.28
WI_2,HOBBIES_1_001,12237,16.28
WI_2,HOBBIES_1_001,12238,16.28
WI_2,HOBBIES_1_001,12239,16.28
WI_2,HOBBIES_1_001,12240,13.84
WI_2,HOBBIES_1_001,12241,13.84
WI_2,HOBBIES_1_001,12242,16.28
WI_2,HOBBIES_1_001,12243,13.84
WI_2,HOBBIES_1_001,12244,16.28
WI_2,HOBBIES_1_001,12245,16.28
WI_2,HOBBIES_1_001,12246,16.28
WI_2,HOBBIES_1_001,12247,13.84
WI_2,HOBBIES_1_001,12248,16.28
WI_2,HOBBIES_1_001,12249,16.28
WI_2,HOBBIES_1_001,12250,13.84
WI_2,HOBBIES_1_001,12251,16.28
WI_2,HOBBIES_1_001,12252,16.28
WI_2,HOBBIES_1_001,12301,16.28
WI_2,HOBBIES_1_001,12302,16.28
WI_2,HOBBIES_1_001,12303,16.28
WI_2,HOBBIES_1_001,12304,16.28
WI_2,HOBBIES_1_001,12305,16.28
WI_2,HOBBIES_1_001,12306,16.28
WI_2,HOBBIES_1_001,12307,16.28
WI_2,HOBBIES_1_001,12308,16.28
WI_2,HOBBIES_1_001,12309,16.28
WI_2,HOBBIES_1_001,12310,13.84
WI_2,HOBBIES_1_001,12311,16.28
WI_2,HOBBIES_1_001,12312,16.28
WI_2,HOBBIES_1_001,12313,16.28
WI_2,HOBBIES_1_001,12314,16.28
WI_2,HOBBIES_1_001,12315,16.28
WI_2,HOBBIES_1_001,12316,16.28
WI_2,HOBBIES_1_001,12317,16.28
WI_2,HOBBIES_1_001,12318,16.28
WI_2,HOBBIES_1_001,12319,16.28
WI_2,HOBBIES_1_001,12320,16.28
WI_2,HOBBIES_1_001,12321,16.28
WI_2,HOBBIES_1_001,12322,16.28
WI_2,HOBBIES_1_001,12323,16.28
WI_2,HOBBIES_1_001,12324,16.28
WI_2,HOBBIES_1_001,12325,16.28
WI_2,HOBBIES_1_001,12326,16.28
WI_2,HOBBIES_1_001,12327,16.28
WI_2,HOBBIES_1_001,12328,13.84
WI_2,HOBBIES_1_001,12329,16.28
WI_2,HOBBIES_1_001,12330,13.84
WI_2,HOBBIES_1_001,12331,16.28
WI_2,HOBBIES_1_001,12332,16.28
WI_2,HOBBIES_1_001,12333,16.28
WI_2,HOBBIES_1_001,12334,16.28
WI_2,HOBBIES_1_001,12335,16.28
WI_2,HOBBIES_1_001,12336,16.28
WI_2,HOBBIES_1_001,12337,16.28
WI_2,HOBBIES_1_001,12338,16.28
WI_2,HOBBIES_1_001,12339,16.28
WI_2,HOBBIES_1_001,12340,16.28
WI_2,HOBBIES_1_001,12341,16.28
WI_2,HOBBIES_1_001,12342,16.28
WI_2,HOBBIES_1_001,12343,16.28
WI_2,HOBBIES_1_001,12344,16.28
WI_2,HOBBIES_1_001,12345,16.28
WI_2,HOBBIES_1_001,12346,16.28
WI_2,HOBBIES_1_001,12347,13.84
WI_2,HOBBIES_1_001,12348,16.28
WI_2,HOBBIES_1_001,12349,13.84
WI_2,HOBBIES_1_001,12350,13.84
WI_2,HOBBIES_1_001,12351,16.28
WI_2,HOBBIES_1_001,12352,13.84
WI_2,HOBBIES_1_002,12152,20.15
WI_2,HOBBIES_1_002,12201,17.13
WI_2,HOBBIES_1_002,12202,20.15
WI_2,HOBBIES_1_002,12203,17.13
WI_2,HOBBIES_1_002,12204,17.13
WI_2,HOBBIES_1_002,12205,20.15
WI_2,HOBBIES_1_002,12206,20.15
WI_2,HOBBIES_1_002,12207,20.15
WI_2,HOBBIES_1_002,12208,20.15
WI_2,HOBBIES_1_002,12209,20.15
WI_2,HOBBIES_1_002,12210,20.15
WI_2,HOBBIES_1_002,12211,20.15
WI_2,HOBBIES_1_002,12212,17.13
WI_2,HOBBIES_1_002,12213,20.15
WI_2,HOBBIES_1_002,12214,17.13
WI_2,HOBBIES_1_002,12215,20.15
WI_2,HOBBIES_1_002,12216,20.15
WI_2,HOBBIES_1_002,12217,20.15
WI_2,HOBBIES_1_002,12218,20.15
WI_2,HOBBIES_1_002,12219,20.15
WI_2,HOBBIES_1_002,12220,20.15
WI_2,HOBBIES_1_002,12221,20.15
WI_2,HOBBIES_1_002,12222,20.15
WI_2,HOBBIES_1_002,12223,20.15
WI_2,HOBBIES_1_002,12224,20.15
WI_2,HOBBIES_1_002,12225,20.15
WI_2,HOBBIES_1_002,12226,20.15
WI_2,HOBBIES_1_002,12227,20.15
WI_2,HOBBIES_1_002,12228,20.15
WI_2,HOBBIES_1_002,12229,20.15
WI_2,HOBBIES_1_002,12230,20.15
WI_2,HOBBIES_1_002,12231,20.15
WI_2,HOBBIES_1_002,12232,20.15
WI_2,HOBBIES_1_002,12233,20.15
WI_2,HOBBIES_1_002,12234,20.15
WI_2,HOBBIES_1_002,12235,20.15
WI_2,HOBBIES_1_002,12236,17.13
WI_2,HOBBIES_1_002,12237,20.15
WI_2,HOBBIES_1_002,12238,17.13
WI_2,HOBBIES_1_002,12239,20.15
WI_2,HOBBIES_1_002,12240,20.15
WI_2,HOBBIES_1_002,12241,20.15
WI_2,HOBBIES_1_002,12242,20.15
WI_2,HOBBIES_1_002,12243,17.13
WI_2,HOBBIES_1_002,12244,20.15
WI_2,HOBBIES_1_002,12245,20.15
WI_2,HOBBIES_1_002,12246,20.15
WI_2,HOBBIES_1_002,12247,20.15
WI_2,HOBBIES_1_002,12248,20.15
WI_2,HOBBIES_1_002,12249,20.15
WI_2,HOBBIES_1_002,12250,20.15
WI_2,HOBBIES_1_002,12251,20.15
WI_2,HOBBIES_1_002,12252,20.15
WI_2,HOBBIES_1_002,12301,20.15
WI_2,HOBBIES_1_002,12302,20.15
WI_2,HOBBIES_1_002,12303,20.15
WI_2,HOBBIES_1_002,12304,20.15
WI_2,HOBBIES_1_002,12305,20.15
WI_2,HOBBIES_1_002,12306,20.15
WI_2,HOBBIES_1_002,12307,20.15
WI_2,HOBBIES_1_002,12308,20.15
WI_2,HOBBIES_1_002,12309,20.15
WI_2,HOBBIES_1_002,12310,20.15
WI_2,HOBBIES_1_002,12311,20.15
WI_2,HOBBIES_1_002,12312,20.15
WI_2,HOBBIES_1_002,12313,20.15
WI_2,HOBBIES_1_002,12314,20.15
WI_2,HOBBIES_1_002,12315,20.15
WI_2,HOBBIES_1_002,12316,17.13
WI_2,HOBBIES_1_002,12317,20.15
WI_2,HOBBIES_1_002,12318,20.15
WI_2,HOBBIES_1_002,12319,20.15
WI_2,HOBBIES_1_002,12320,20.15
WI_2,HOBBIES_1_002,12321,20.15
WI_2,HOBBIES_1_002,12322,17.13
WI_2,HOBBIES_1_002,12323,20.15
WI_2,HOBBIES_1_002,12324,20.15
WI_2,HOBBIES_1_002,12325,20.15
WI_2,HOBBIES_1_002,12326,20.15
WI_2,HOBBIES_1_002,12327,20.15
WI_2,HOBBIES_1_002,12328,17.13
WI_2,HOBBIES_1_002,12329,20.15
WI_2,HOBBIES_1_002,12330,20.15
WI_2,HOBBIES_1_002,12331,20.15
WI_2,HOBBIES_1_002,12332,20.15
WI_2,HOBBIES_1_002,12333,20.15
WI_2,HOBBIES_1_002,12334,20.15
WI_2,HOBBIES_1_002,12335,20.15
WI_2,HOBBIES_1_002,12336,20.15
WI_2,HOBBIES_1_002,12337,20.15
WI_2,HOBBIES_1_002,12338,20.15
WI_2,HOBBIES_1_002,12339,20.15
WI_2,HOBBIES_1_002,12340,17.13
WI_2,HOBBIES_1_002,12341,20.15
WI_2,HOBBIES_1_002,12342,20.15
WI_2,HOBBIES_1_002,12343,20.15
WI_2,HOBBIES_1_002,12344,20.15
WI_2,HOBBIES_1_002,12345,20.15
WI_2,HOBBIES_1_002,12346,20.15
WI_2,HOBBIES_1_002,12347,20.15
WI_2,HOBBIES_1_002,12348,20.15
WI_2,HOBBIES_1_002,12349,20.15
WI_2,HOBBIES_1_002,12350,20.15
WI_2,HOBBIES_1_002,12351,20.15
WI_2,HOBBIES_1_002,12352,20.15
WI_2,HOBBIES_1_003,12152,20.43
WI_2,HOBBIES_1_003,12201,24.03
WI_2,HOBBIES_1_003,12202,24.03
WI_2,HOBBIES_1_003,12203,24.03
WI_2,HOBBIES_1_003,12204,24.03
WI_2,HOBBIES_1_003,12205,24.03
WI_2,HOBBIES_1_003,12206,24.03
WI_2,HOBBIES_1_003,12207,24.03
WI_2,HOBBIES_1_003,12208,24.03
WI_2,HOBBIES_1_003,12209,24.03
WI_2,HOBBIES_1_003,12210,24.03
WI_2,HOBBIES_1_003,12211,24.03
WI_2,HOBBIES_1_003,12212,24.03
WI_2,HOBBIES_1_003,12213,24.03
WI_2,HOBBIES_1_003,12214,20.43
WI_2,HOBBIES_1_003,12215,24.03
WI_2,HOBBIES_1_003,12216,24.03
WI_2,HOBBIES_1_003,12217,24.03
WI_2,HOBBIES_1_003,12218,24.03
WI_2,HOBBIES_1_003,12219,24.03
WI_2,HOBBIES_1_003,12220,24.03
WI_2,HOBBIES_1_003,12221,20.43
WI_2,HOBBIES_1_003,12222,24.03
WI_2,HOBBIES_1_003,12223,24.03
WI_2,HOBBIES_1_003,12224,24.03
WI_2,HOBBIES_1_003,12225,24.03
WI_2,HOBBIES_1_003,12226,24.03
WI_2,HOBBIES_1_003,12227,20.43
WI_2,HOBBIES_1_003,12228,24.03
WI_2,HOBBIES_1_003,12229,24.03
WI_2,HOBBIES_1_003,12230,24.03
WI_2,HOBBIES_1_003,12231,24.03
WI_2,HOBBIES_1_003,12232,24.03
WI_2,HOBBIES_1_003,12233,24.03
WI_2,HOBBIES_1_003,12234,24.03
WI_2,HOBBIES_1_003,12235,20.43
WI_2,HOBBIES_1_003,12236,24.03
WI_2,HOBBIES_1_003,12237,24.03
WI_2,HOBBIES_1_003,12238,24.03
WI_2,HOBBIES_1_003,12239,24.03
WI_2,HOBBIES_1_003,12240,24.03
WI_2,HOBBIES_1_003,12241,20.43
WI_2,HOBBIES_1_003,12242,24.03
WI_2,HOBBIES_1_003,12243,24.03
WI_2,HOBBIES_1_003,12244,24.03
WI_2,HOBBIES_1_003,12245,24.03
WI_2,HOBBIES_1_003,12246,20.43
WI_2,HOBBIES_1_003,12247,24.03
WI_2,HOBBIES_1_003,12248,24.03
WI_2,HOBBIES_1_003,12249,24.03
WI_2,HOBBIES_1_003,12250,24.03
WI_2,HOBBIES_1_003,12251,24.03
WI_2,HOBBIES_1_003,12252,24.03
WI_2,HOBBIES_1_003,12301,24.03
WI_2,HOBBIES_1_003,12302,20.43
WI_2,HOBBIES_1_003,12303,24.03
WI_2,HOBBIES_1_003,12304,20.43
WI_2,HOBBIES_1_003,12305,24.03
WI_2,HOBBIES_1_003,12306,20.43
WI_2,HOBBIES_1_003,12307,24.03
WI_2,HOBBIES_1_003,12308,24.03
WI_2,HOBBIES_1_003,12309,20.43
WI_2,HOBBIES_1_003,12310,24.03
WI_2,HOBBIES_1_003,12311,24.03
WI_2,HOBBIES_1_003,12312,24.03
WI_2,HOBBIES_1_003,12313,24.03
WI_2,HOBBIES_1_003,12314,20.43
WI_2,HOBBIES_1_003,12315,24.03
WI_2,HOBBIES_1_003,12316,24.03
WI_2,HOBBIES_1_003,12317,24.03
WI_2,HOBBIES_1_003,12318,24.03
WI_2,HOBBIES_1_003,12319,24.03
WI_2,HOBBIES_1_003,12320,24.03
WI_2,HOBBIES_1_003,12321,24.03
WI_2,HOBBIES_1_003,12322,24.03
WI_2,HOBBIES_1_003,12323,24.03
WI_2,HOBBIES_1_003,12324,24.03
WI_2,HOBBIES_1_003,12325,24.03
WI_2,HOBBIES_1_003,12326,24.03
WI_2,HOBBIES_1_003,12327,20.43
WI_2,HOBBIES_1_003,12328,24.03
WI_2,HOBBIES_1_003,12329,24.03
WI_2,HOBBIES_1_003,12330,20.43
WI_2,HOBBIES_1_003,12331,24.03
WI_2,HOBBIES_1_003,12332,20.43
WI_2,HOBBIES_1_003,12333,24.03
WI_2,HOBBIES_1_003,12334,24.03
WI_2,HOBBIES_1_003,12335,20.43
WI_2,HOBBIES_1_003,12336,20.43
WI_2,HOBBIES_1_003,12337,24.03
WI_2,HOBBIES_1_003,12338,24.03
WI_2,HOBBIES_1_003,12339,24.03
WI_2,HOBBIES_1_003,12340,24.03
WI_2,HOBBIES_1_003,12341,24.03
WI_2,HOBBIES_1_003,12342,24.03
WI_2,HOBBIES_1_003,12343,24.03
WI_2,HOBBIES_1_003,12344,24.03
WI_2,HOBBIES_1_003,12345,24.03
WI_2,HOBBIES_1_003,12346,24.03
WI_2,HOBBIES_1_003,12347,24.03
WI_2,HOBBIES_1_003,12348,24.03
WI_2,HOBBIES_1_003,12349,24.03
WI_2,HOBBIES_1_003,12350,24.03
WI_2,HOBBIES_1_003,12351,24.03
WI_2,HOBBIES_1_003,12352,24.03
WI_2,HOBBIES_1_004,12152,27.9
WI_2,HOBBIES_1_004,12201,27.9
WI_2,HOBBIES_1_004,12202,27.9
WI_2,HOBBIES_1_004,12203,27.9
WI_2,HOBBIES_1_004,12204,27.9
WI_2,HOBBIES_1_004,12205,27.9
WI_2,HOBBIES_1_004,12206,27.9
WI_2,HOBBIES_1_004,12207,27.9
WI_2,HOBBIES_1_004,12208,27.9
WI_2,HOBBIES_1_004,12209,27.9
WI_2,HOBBIES_1_004,12210,27.9
WI_2,HOBBIES_1_004,12211,27.9
WI_2,HOBBIES_1_004,12212,27.9
WI_2,HOBBIES_1_004,12213,23.71
WI_2,HOBBIES_1_004,12214,23.71
WI_2,HOBBIES_1_004,12215,27.9
WI_2,HOBBIES_1_004,12216,27.9
WI_2,HOBBIES_1_004,12217,27.9
WI_2,HOBBIES_1_004,12218,27.9
WI_2,HOBBIES_1_004,12219,27.9
WI_2,HOBBIES_1_004,12220,27.9
WI_2,HOBBIES_1_004,12221,27.9
WI_2,HOBBIES_1_004,12222,27.9
WI_2,HOBBIES_1_004,12223,27.9
WI_2,HOBBIES_1_004,12224,27.9
WI_2,HOBBIES_1_004,12225,27.9
WI_2,HOBBIES_1_004,12226,27.9
WI_2,HOBBIES_1_004,12227,27.9
WI_2,HOBBIES_1_004,12228,27.9
WI_2,HOBBIES_1_004,12229,27.9
WI_2,HOBBIES_1_004,12230,27.9
WI_2,HOBBIES_1_004,12231,27.9
WI_2,HOBBIES_1_004,12232,23.71
WI_2,HOBBIES_1_004,12233,27.9
WI_2,HOBBIES_1_004,12234,27.9
WI_2,HOBBIES_1_004,12235,27.9
WI_2,HOBBIES_1_004,12236,27.9
WI_2,HOBBIES_1_004,12237,23.71
WI_2,HOBBIES_1_004,12238,27.9
WI_2,HOBBIES_1_004,12239,27.9
WI_2,HOBBIES_1_004,12240,27.9
WI_2,HOBBIES_1_004,12241,27.9
WI_2,HOBBIES_1_004,12242,27.9
WI_2,HOBBIES_1_004,12243,27.9
WI_2,HOBBIES_1_004,12244,27.9
WI_2,HOBBIES_1_004,12245,27.9
WI_2,HOBBIES_1_004,12246,27.9
WI_2,HOBBIES_1_004,12247,27.9
WI_2,HOBBIES_1_004,12248,27.9
WI_2,HOBBIES_1_004,12249,27.9
WI_2,HOBBIES_1_004,12250,27.9
WI_2,HOBBIES_1_004,12251,27.9
WI_2,HOBBIES_1_004,12252,23.71
WI_2,HOBBIES_1_004,12301,27.9
WI_2,HOBBIES_1_004,12302,27.9
WI_2,HOBBIES_1_004,12303,27.9
WI_2,HOBBIES_1_004,12304,27.9
WI_2,HOBBIES_1_004,12305,27.9
WI_2,HOBBIES_1_004,12306,27.9
WI_2,HOBBIES_1_004,12307,27.9
WI_2,HOBBIES_1_004,12308,27.9
WI_2,HOBBIES_1_004,12309,27.9
WI_2,HOBBIES_1_004,12310,27.9
WI_2,HOBBIES_1_004,12311,27.9
WI_2,HOBBIES_1_004,12312,27.9
WI_2,HOBBIES_1_004,12313,23.71
WI_2,HOBBIES_1_004,12314,27.9
WI_2,HOBBIES_1_004,12315,27.9
WI_2,HOBBIES_1_004,12316,27.9
WI_2,HOBBIES_1_004,12317,27.9
WI_2,HOBBIES_1_004,12318,27.9
WI_2,HOBBIES_1_004,12319,27.9
WI_2,HOBBIES_1_004,12320,23.71
WI_2,HOBBIES_1_004,12321,27.9
WI_2,HOBBIES_1_004,12322,23.71
WI_2,HOBBIES_1_004,12323,23.71
WI_2,HOBBIES_1_004,12324,27.9
WI_2,HOBBIES_1_004,12325,23.71
WI_2,HOBBIES_1_004,12326,27.9
WI_2,HOBBIES_1_004,12327,27.9
WI_2,HOBBIES_1_004,12328,27.9
WI_2,HOBBIES_1_004,12329,23.71
WI_2,HOBBIES_1_004,12330,27.9
WI_2,HOBBIES_1_004,12331,27.9
WI_2,HOBBIES_1_004,12332,27.9
WI_2,HOBBIES_1_004,12333,27.9
WI_2,HOBBIES_1_004,12334,27.9
WI_2,HOBBIES_1_004,12335,27.9
WI_2,HOBBIES_1_004,12336,27.9
WI_2,HOBBIES_1_004,12337,23.71
WI_2,HOBBIES_1_004,12338,27.9
WI_2,HOBBIES_1_004,12339,27.9
WI_2,HOBBIES_1_004,12340,27.9
WI_2,HOBBIES_1_004,12341,27.9
WI_2,HOBBIES_1_004,12342,23.71
WI_2,HOBBIES_1_004,12343,27.9
WI_2,HOBBIES_1_004,12344,27.9
WI_2,HOBBIES_1_004,12345,27.9
WI_2,HOBBIES_1_004,12346,27.9
WI_2,HOBBIES_1_004,12347,23.71
WI_2,HOBBIES_1_004,12348,27.9
WI_2,HOBBIES_1_004,12349,27.9
WI_2,HOBBIES_1_004,12350,27.9
WI_2,HOBBIES_1_004,12351,27.9
WI_2,HOBBIES_1_004,12352,27.9
WI_2,HOBBIES_2_001,12152,13.84
WI_2,HOBBIES_2_001,12201,16.28
WI_2,HOBBIES_2_001,12202,16.28
WI_2,HOBBIES_2_001,12203,16.28
WI_2,HOBBIES_2_001,12204,16.28
WI_2,HOBBIES_2_001,12205,16.28
WI_2,HOBBIES_2_001,12206,13.84
WI_2,HOBBIES_2_001,12207,16.28
WI_2,HOBBIES_2_001,12208,16.28
WI_2,HOBBIES_2_001,12209,13.84
WI_2,HOBBIES_2_001,12210,16.28
WI_2,HOBBIES_2_001,12211,16.28
WI_2,HOBBIES_2_001,12212,16.28
WI_2,HOBBIES_2_001,12213,16.28
WI_2,HOBBIES_2_001,12214,16.28
WI_2,HOBBIES_2_001,12215,16.28
WI_2,HOBBIES_2_001,12216,16.28
WI_2,HOBBIES_2_001,12217,16.28
WI_2,HOBBIES_2_001,12218,13.84
WI_2,HOBBIES_2_001,12219,16.28
WI_2,HOBBIES_2_001,12220,16.28
WI_2,HOBBIES_2_001,12221,16.28
WI_2,HOBBIES_2_001,12222,16.28
WI_2,HOBBIES_2_001,12223,16.28
WI_2,HOBBIES_2_001,12224,16.28
WI_2,HOBBIES_2_001,12225,16.28
WI_2,HOBBIES_2_001,12226,16.28
WI_2,HOBBIES_2_001,12227,16.28
WI_2,HOBBIES_2_001,12228,16.28
WI_2,HOBBIES_2_001,12229,16.28
WI_2,HOBBIES_2_001,12230,16.28
WI_2,HOBBIES_2_001,12231,16.28
WI_2,HOBBIES_2_001,12232,16.28
WI_2,HOBBIES_2_001,12233,16.28
WI_2,HOBBIES_2_001,12234,16.28
WI_2,HOBBIES_2_001,12235,16.28
WI_2,HOBBIES_2_001,12236,16.28
WI_2,HOBBIES_2_001,12237,16.28
WI_2,HOBBIES_2_001,12238,16.28
WI_2,HOBBIES_2_001,12239,16.28
WI_2,HOBBIES_2_001,12240,16.28
WI_2,HOBBIES_2_001,12241,16.28
WI_2,HOBBIES_2_001,12242,16.28
WI_2,HOBBIES_2_001,12243,16.28
WI_2,HOBBIES_2_001,12244,16.28
WI_2,HOBBIES_2_001,12245,16.28
WI_2,HOBBIES_2_001,12246,16.28
WI_2,HOBBIES_2_001,12247,16.28
WI_2,HOBBIES_2_001,12248,16.28
WI_2,HOBBIES_2_001,12249,16.28
WI_2,HOBBIES_2_001,12250,16.28
WI_2,HOBBIES_2_001,12251,16.28
WI_2,HOBBIES_2_001,12252,16.28
WI_2,HOBBIES_2_001,12301,16.28
WI_2,HOBBIES_2_001,12302,16.28
WI_2,HOBBIES_2_001,12303,16.28
WI_2,HOBBIES_2_001,12304,16.28
WI_2,HOBBIES_2_001,12305,16.28
WI_2,HOBBIES_2_001,12306,16.28
WI_2,HOBBIES_2_001,12307,16.28
WI_2,HOBBIES_2_001,12308,16.28
WI_2,HOBBIES_2_001,12309,16.28
WI_2,HOBBIES_2_001,12310,16.28
WI_2,HOBBIES_2_001,12311,16.28
WI_2,HOBBIES_2_001,12312,13.84
WI_2,HOBBIES_2_001,12313,16.28
WI_2,HOBBIES_2_001,12314,16.28
WI_2,HOBBIES_2_001,12315,16.28
WI_2,HOBBIES_2_001,12316,16.28
WI_2,HOBBIES_2_001,12317,16.28
WI_2,HOBBIES_2_001,12318,16.28
WI_2,HOBBIES_2_001,12319,16.28
WI_2,HOBBIES_2_001,12320,13.84
WI_2,HOBBIES_2_001,12321,16.28
WI_2,HOBBIES_2_001,12322,13.84
WI_2,HOBBIES_2_001,12323,16.28
WI_2,HOBBIES_2_001,12324,16.28
WI_2,HOBBIES_2_001,12325,16.28
WI_2,HOBBIES_2_001,12326,16.28
WI_2,HOBBIES_2_001,12327,16.28
WI_2,HOBBIES_2_001,12328,13.84
WI_2,HOBBIES_2_001,12329,16.28
WI_2,HOBBIES_2_001,12330,16.28
WI_2,HOBBIES_2_001,12331,16.28
WI_2,HOBBIES_2_001,12332,16.28
WI_2,HOBBIES_2_001,12333,13.84
WI_2,HOBBIES_2_001,12334,16.28
WI_2,HOBBIES_2_001,12335,16.28
WI_2,HOBBIES_2_001,12336,16.28
WI_2,HOBBIES_2_001,12337,16.28
WI_2,HOBBIES_2_001,12338,16.28
WI_2,HOBBIES_2_001,12339,16.28
WI_2,HOBBIES_2_001,12340,16.28
WI_2,HOBBIES_2_001,12341,16.28
WI_2,HOBBIES_2_001,12342,16.28
WI_2,HOBBIES_2_001,12343,16.28
WI_2,HOBBIES_2_001,12344,13.84
WI_2,HOBBIES_2_001,12345,16.28
WI_2,HOBBIES_2_001,12346,16.28
WI_2,HOBBIES_2_001,12347,16.28
WI_2,HOBBIES_2_001,12348,16.28
WI_2,HOBBIES_2_001,12349,16.28
WI_2,HOBBIES_2_001,12350,13.84
WI_2,HOBBIES_2_001,12351,16.28
WI_2,HOBBIES_2_001,12352,16.28
WI_2,HOBBIES_2_002,12152,20.15
WI_2,HOBBIES_2_002,12201,20.15
WI_2,HOBBIES_2_002,12202,20.15
WI_2,HOBBIES_2_002,12203,20.15
WI_2,HOBBIES_2_002,12204,20.15
WI_2,HOBBIES_2_002,12205,17.13
WI_2,HOBBIES_2_002,12206,20.15
WI_2,HOBBIES_2_002,12207,20.15
WI_2,HOBBIES_2_002,12208,20.15
WI_2,HOBBIES_2_002,12209,17.13
WI_2,HOBBIES_2_002,12210,20.15
WI_2,HOBBIES_2_002,12211,20.15
WI_2,HOBBIES_2_002,12212,17.13
WI_2,HOBBIES_2_002,12213,20.15
WI_2,HOBBIES_2_002,12214,20.15
WI_2,HOBBIES_2_002,12215,20.15
WI_2,HOBBIES_2_002,12216,20.15
WI_2,HOBBIES_2_002,12217,20.15
WI_2,HOBBIES_2_002,12218,20.15
WI_2,HOBBIES_2_002,12219,20.15
WI_2,HOBBIES_2_002,12220,20.15
WI_2,HOBBIES_2_002,12221,20.15
WI_2,HOBBIES_2_002,12222,20.15
WI_2,HOBBIES_2_002,12223,20.15
WI_2,HOBBIES_2_002,12224,17.13
WI_2,HOBBIES_2_002,12225,20.15
WI_2,HOBBIES_2_002,12226,20.15
WI_2,HOBBIES_2_002,12227,20.15
WI_2,HOBBIES_2_002,12228,20.15
WI_2,HOBBIES_2_002,12229,20.15
WI_2,HOBBIES_2_002,12230,20.15
WI_2,HOBBIES_2_002,12231,20.15
WI_2,HOBBIES_2_002,12232,20.15
WI_2,HOBBIES_2_002,12233,20.15
WI_2,HOBBIES_2_002,12234,17.13
WI_2,HOBBIES_2_002,12235,20.15
WI_2,HOBBIES_2_002,12236,20.15
WI_2,HOBBIES_2_002,12237,20.15
WI_2,HOBBIES_2_002,12238,20.15
WI_2,HOBBIES_2_002,12239,20.15
WI_2,HOBBIES_2_002,12240,20.15
WI_2,HOBBIES_2_002,12241,20.15
WI_2,HOBBIES_2_002,12242,20.15
WI_2,HOBBIES_2_002,12243,17.13
WI_2,HOBBIES_2_002,12244,20.15
WI_2,HOBBIES_2_002,12245,20.15
WI_2,HOBBIES_2_002,12246,20.15
WI_2,HOBBIES_2_002,12247,20.15
WI_2,HOBBIES_2_002,12248,20.15
WI_2,HOBBIES_2_002,12249,20.15
WI_2,HOBBIES_2_002,12250,20.15
WI_2,HOBBIES_2_002,12251,20.15
WI_2,HOBBIES_2_002,12252,20.15
WI_2,HOBBIES_2_002,12301,20.15
WI_2,HOBBIES_2_002,12302,20.15
WI_2,HOBBIES_2_002,12303,17.13
WI_2,HOBBIES_2_002,12304,20.15
WI_2,HOBBIES_2_002,12305,20.15
WI_2,HOBBIES_2_002,12306,20.15
WI_2,HOBBIES_2_002,12307,20.15
WI_2,HOBBIES_2_002,12308,20.15
WI_2,HOBBIES_2_002,12309,20.15
WI_2,HOBBIES_2_002,12310,17.13
WI_2,HOBBIES_2_002,12311,20.15
WI_2,HOBBIES_2_002,12312,17.13
WI_2,HOBBIES_2_002,12313,20.15
WI_2,HOBBIES_2_002,12314,20.15
WI_2,HOBBIES_2_002,12315,20.15
WI_2,HOBBIES_2_002,12316,20.15
WI_2,HOBBIES_2_002,12317,20.15
WI_2,HOBBIES_2_002,12318,20.15
WI_2,HOBBIES_2_002,12319,20.15
WI_2,HOBBIES_2_002,12320,20.15
WI_2,HOBBIES_2_002,12321,20.15
WI_2,HOBBIES_2_002,12322,20.15
WI_2,HOBBIES_2_002,12323,17.13
WI_2,HOBBIES_2_002,12324,20.15
WI_2,HOBBIES_2_002,12325,20.15
WI_2,HOBBIES_2_002,12326,20.15
WI_2,HOBBIES_2_002,12327,20.15
WI_2,HOBBIES_2_002,12328,20.15
WI_2,HOBBIES_2_002,12329,20.15
WI_2,HOBBIES_2_002,12330,20.15
WI_2,HOBBIES_2_002,12331,20.15
WI_2,HOBBIES_2_002,12332,20.15
WI_2,HOBBIES_2_002,12333,20.15
WI_2,HOBBIES_2_002,12334,20.15
WI_2,HOBBIES_2_002,12335,20.15
WI_2,HOBBIES_2_002,12336,20.15
WI_2,HOBBIES_2_002,12337,17.13
WI_2,HOBBIES_2_002,12338,20.15
WI_2,HOBBIES_2_002,12339,20.15
WI_2,HOBBIES_2_002,12340,20.15
WI_2,HOBBIES_2_002,12341,17.13
WI_2,HOBBIES_2_002,12342,20.15
WI_2,HOBBIES_2_002,12343,20.15
WI_2,HOBBIES_2_002,12344,20.15
WI_2,HOBBIES_2_002,12345,20.15
WI_2,HOBBIES_2_002,12346,20.15
WI_2,HOBBIES_2_002,12347,20.15
WI_2,HOBBIES_2_002,12348,20.15
WI_2,HOBBIES_2_002,12349,20.15
WI_2,HOBBIES_2_002,12350,20.15
WI_2,HOBBIES_2_002,12351,17.13
WI_2,HOBBIES_2_002,12352,20.15
WI_2,HOBBIES_2_003,12152,24.03
WI_2,HOBBIES_2_003,12201,24.03
WI_2,HOBBIES_2_003,12202,24.03
WI_2,HOBBIES_2_003,12203,24.03
WI_2,HOBBIES_2_003,12204,24.03
WI_2,HOBBIES_2_003,12205,20.43
WI_2,HOBBIES_2_003,12206,24.03
WI_2,HOBBIES_2_003,12207,24.03
WI_2,HOBBIES_2_003,12208,24.03
WI_2,HOBBIES_2_003,12209,24.03
WI_2,HOBBIES_2_003,12210,24.03
WI_2,HOBBIES_2_003,12211,24.03
WI_2,HOBBIES_2_003,12212,24.03
WI_2,HOBBIES_2_003,12213,24.03
WI_2,HOBBIES_2_003,12214,24.03
WI_2,HOBBIES_2_003,12215,24.03
WI_2,HOBBIES_2_003,12216,24.03
WI_2,HOBBIES_2_003,12217,24.03
WI_2,HOBBIES_2_003,12218,24.03
WI_2,HOBBIES_2_003,12219,24.03
WI_2,HOBBIES_2_003,12220,24.03
WI_2,HOBBIES_2_003,12221,24.03
WI_2,HOBBIES_2_003,12222,24.03
WI_2,HOBBIES_2_003,12223,20.43
WI_2,HOBBIES_2_003,12224,24.03
WI_2,HOBBIES_2_003,12225,24.03
WI_2,HOBBIES_2_003,12226,24.03
WI_2,HOBBIES_2_003,12227,24.03
WI_2,HOBBIES_2_003,12228,20.43
WI_2,HOBBIES_2_003,12229,24.03
WI_2,HOBBIES_2_003,12230,24.03
WI_2,HOBBIES_2_003,12231,24.03
WI_2,HOBBIES_2_003,12232,24.03
WI_2,HOBBIES_2_003,12233,24.03
WI_2,HOBBIES_2_003,12234,24.03
WI_2,HOBBIES_2_003,12235,24.03
WI_2,HOBBIES_2_003,12236,24.03
WI_2,HOBBIES_2_003,12237,24.03
WI_2,HOBBIES_2_003,12238,24.03
WI_2,HOBBIES_2_003,12239,24.03
WI_2,HOBBIES_2_003,12240,20.43
WI_2,HOBBIES_2_003,12241,24.03
WI_2,HOBBIES_2_003,12242,24.03
WI_2,HOBBIES_2_003,12243,20.43
WI_2,HOBBIES_2_003,12244,24.03
WI_2,HOBBIES_2_003,12245,24.03
WI_2,HOBBIES_2_003,12246,24.03
WI_2,HOBBIES_2_003,12247,20.43
WI_2,HOBBIES_2_003,12248,24.03
WI_2,HOBBIES_2_003,12249,24.03
WI_2,HOBBIES_2_003,12250,24.03
WI_2,HOBBIES_2_003,12251,24.03
WI_2,HOBBIES_2_003,12252,24.03
WI_2,HOBBIES_2_003,12301,24.03
WI_2,HOBBIES_2_003,12302,24.03
WI_2,HOBBIES_2_003,12303,24.03
WI_2,HOBBIES_2_003,12304,24.03
WI_2,HOBBIES_2_003,12305,24.03
WI_2,HOBBIES_2_003,12306,20.43
WI_2,HOBBIES_2_003,12307,24.03
WI_2,HOBBIES_2_003,12308,20.43
WI_2,HOBBIES_2_003,12309,20.43
WI_2,HOBBIES_2_003,12310,24.03
WI_2,HOBBIES_2_003,12311,24.03
WI_2,HOBBIES_2_003,12312,24.03
WI_2,HOBBIES_2_003,12313,24.03
WI_2,HOBBIES_2_003,12314,24.03
WI_2,HOBBIES_2_003,12315,20.43
WI_2,HOBBIES_2_003,12316,24.03
WI_2,HOBBIES_2_003,12317,20.43
WI_2,HOBBIES_2_003,12318,24.03
WI_2,HOBBIES_2_003,12319,20.43
WI_2,HOBBIES_2_003,12320,24.03
WI_2,HOBBIES_2_003,12321,24.03
WI_2,HOBBIES_2_003,12322,24.03
WI_2,HOBBIES_2_003,12323,24.03
WI_2,HOBBIES_2_003,12324,24.03
WI_2,HOBBIES_2_003,12325,24.03
WI_2,HOBBIES_2_003,12326,24.03
WI_2,HOBBIES_2_003,12327,24.03
WI_2,HOBBIES_2_003,12328,24.03
WI_2,HOBBIES_2_003,12329,24.03
WI_2,HOBBIES_2_003,12330,24.03
WI_2,HOBBIES_2_003,12331,24.03
WI_2,HOBBIES_2_003,12332,24.03
WI_2,HOBBIES_2_003,12333,24.03
WI_2,HOBBIES_2_003,12334,24.03
WI_2,HOBBIES_2_003,12335,24.03
WI_2,HOBBIES_2_003,12336,20.43
WI_2,HOBBIES_2_003,12337,24.03
WI_2,HOBBIES_2_003,12338,24.03
WI_2,HOBBIES_2_003,12339,24.03
WI_2,HOBBIES_2_003,12340,20.43
WI_2,HOBBIES_2_003,12341,24.03
WI_2,HOBBIES_2_003,12342,24.03
WI_2,HOBBIES_2_003,12343,24.03
WI_2,HOBBIES_2_003,12344,24.03
WI_2,HOBBIES_2_003,12345,24.03
WI_2,HOBBIES_2_003,12346,24.03
WI_2,HOBBIES_2_003,12347,24.03
WI_2,HOBBIES_2_003,12348,24.03
WI_2,HOBBIES_2_003,12349,24.03
WI_2,HOBBIES_2_003,12350,24.03
WI_2,HOBBIES_2_003,12351,24.03
WI_2,HOBBIES_2_003,12352,24.03
WI_2,HOBBIES_2_004,12152,27.9
WI_2,HOBBIES_2_004,12201,27.9
WI_2,HOBBIES_2_004,12202,27.9
WI_2,HOBBIES_2_004,12203,27.9
WI_2,HOBBIES_2_004,12204,23.71
WI_2,HOBBIES_2_004,12205,27.9
WI_2,HOBBIES_2_004,12206,23.71
WI_2,HOBBIES_2_004,12207,23.71
WI_2,HOBBIES_2_004,12208,27.9
WI_2,HOBBIES_2_004,12209,27.9
WI_2,HOBBIES_2_004,12210,23.71
WI_2,HOBBIES_2_004,12211,27.9
WI_2,HOBBIES_2_004,12212,27.9
WI_2,HOBBIES_2_004,12213,27.9
WI_2,HOBBIES_2_004,12214,27.9
WI_2,HOBBIES_2_004,12215,27.9
WI_2,HOBBIES_2_004,12216,27.9
WI_2,HOBBIES_2_004,12217,27.9
WI_2,HOBBIES_2_004,12218,27.9
WI_2,HOBBIES_2_004,12219,27.9
WI_2,HOBBIES_2_004,12220,27.9
WI_2,HOBBIES_2_004,12221,27.9
WI_2,HOBBIES_2_004,12222,27.9
WI_2,HOBBIES_2_004,12223,27.9
WI_2,HOBBIES_2_004,12224,27.9
WI_2,HOBBIES_2_004,12225,27.9
WI_2,HOBBIES_2_004,12226,27.9
WI_2,HOBBIES_2_004,12227,27.9
WI_2,HOBBIES_2_004,12228,27.9
WI_2,HOBBIES_2_004,12229,27.9
WI_2,HOBBIES_2_004,12230,27.9
WI_2,HOBBIES_2_004,12231,23.71
WI_2,HOBBIES_2_004,12232,23.71
WI_2,HOBBIES_2_004,12233,27.9
WI_2,HOBBIES_2_004,12234,27.9
WI_2,HOBBIES_2_004,12235,27.9
WI_2,HOBBIES_2_004,12236,23.71
WI_2,HOBBIES_2_004,12237,27.9
WI_2,HOBBIES_2_004,12238,27.9
WI_2,HOBBIES_2_004,12239,27.9
WI_2,HOBBIES_2_004,12240,27.9
WI_2,HOBBIES_2_004,12241,27.9
WI_2,HOBBIES_2_004,12242,27.9
WI_2,HOBBIES_2_004,12243,27.9
WI_2,HOBBIES_2_004,12244,27.9
WI_2,HOBBIES_2_004,12245,27.9
WI_2,HOBBIES_2_004,12246,27.9
WI_2,HOBBIES_2_004,12247,27.9
WI_2,HOBBIES_2_004,12248,27.9
WI_2,HOBBIES_2_004,12249,27.9
WI_2,HOBBIES_2_004,12250,27.9
WI_2,HOBBIES_2_004,12251,27.9
WI_2,HOBBIES_2_004,12252,23.71
WI_2,HOBBIES_2_004,12301,27.9
WI_2,HOBBIES_2_004,12302,27.9
WI_2,HOBBIES_2_004,12303,27.9
WI_2,HOBBIES_2_004,12304,27.9
WI_2,HOBBIES_2_004,12305,27.9
WI_2,HOBBIES_2_004,12306,27.9
WI_2,HOBBIES_2_004,12307,27.9
WI_2,HOBBIES_2_004,12308,27.9
WI_2,HOBBIES_2_004,12309,27.9
WI_2,HOBBIES_2_004,12310,27.9
WI_2,HOBBIES_2_004,12311,27.9
WI_2,HOBBIES_2_004,12312,27.9
WI_2,HOBBIES_2_004,12313,23.71
WI_2,HOBBIES_2_004,12314,27.9
WI_2,HOBBIES_2_004,12315,27.9
WI_2,HOBBIES_2_004,12316,27.9
WI_2,HOBBIES_2_004,12317,27.9
WI_2,HOBBIES_2_004,12318,27.9
WI_2,HOBBIES_2_004,12319,27.9
WI_2,HOBBIES_2_004,12320,27.9
WI_2,HOBBIES_2_004,12321,27.9
WI_2,HOBBIES_2_004,12322,27.9
WI_2,HOBBIES_2_004,12323,27.9
WI_2,HOBBIES_2_004,12324,27.9
WI_2,HOBBIES_2_004,12325,27.9
WI_2,HOBBIES_2_004,12326,27.9
WI_2,HOBBIES_2_004,12327,27.9
WI_2,HOBBIES_2_004,12328,27.9
WI_2,HOBBIES_2_004,12329,27.9
WI_2,HOBBIES_2_004,12330,27.9
WI_2,HOBBIES_2_004,12331,27.9
WI_2,HOBBIES_2_004,12332,27.9
WI_2,HOBBIES_2_004,12333,27.9
WI_2,HOBBIES_2_004,12334,27.9
WI_2,HOBBIES_2_004,12335,23.71
WI_2,HOBBIES_2_004,12336,27.9
WI_2,HOBBIES_2_004,12337,27.9
WI_2,HOBBIES_2_004,12338,27.9
WI_2,HOBBIES_2_004,12339,27.9
WI_2,HOBBIES_2_004,12340,27.9
WI_2,HOBBIES_2_004,12341,27.9
WI_2,HOBBIES_2_004,12342,27.9
WI_2,HOBBIES_2_004,12343,27.9
WI_2,HOBBIES_2_004,12344,23.71
WI_2,HOBBIES_2_004,12345,27.9
WI_2,HOBBIES_2_004,12346,27.9
WI_2,HOBBIES_2_004,12347,27.9
WI_2,HOBBIES_2_004,12348,23.71
WI_2,HOBBIES_2_004,12349,23.71
WI_2,HOBBIES_2_004,12350,27.9
WI_2,HOBBIES_2_004,12351,23.71
WI_2,HOBBIES_2_004,12352,27.9
WI_2,HOUSEHOLD_1_001,12152,10.49
WI_2,HOUSEHOLD_1_001,12201,10.49
WI_2,HOUSEHOLD_1_001,12202,10.49
WI_2,HOUSEHOLD_1_001,12203,10.49
WI_2,HOUSEHOLD_1_001,12204,10.49
WI_2,HOUSEHOLD_1_001,12205,10.49
WI_2,HOUSEHOLD_1_001,12206,10.49
WI_2,HOUSEHOLD_1_001,12207,10.49
WI_2,HOUSEHOLD_1_001,12208,10.49
WI_2,HOUSEHOLD_1_001,12209,8.92
WI_2,HOUSEHOLD_1_001,12210,10.49
WI_2,HOUSEHOLD_1_001,12211,10.49
WI_2,HOUSEHOLD_1_001,12212,10.49
WI_2,HOUSEHOLD_1_001,12213,10.49
WI_2,HOUSEHOLD_1_001,12214,10.49
WI_2,HOUSEHOLD_1_001,12215,8.92
WI_2,HOUSEHOLD_1_001,12216,10.49
WI_2,HOUSEHOLD_1_001,12217,8.92
WI_2,HOUSEHOLD_1_001,12218,10.49
WI_2,HOUSEHOLD_1_001,12219,10.49
WI_2,HOUSEHOLD_1_001,12220,10.49
WI_2,HOUSEHOLD_1_001,12221,10.49
WI_2,HOUSEHOLD_1_001,12222,10.49
WI_2,HOUSEHOLD_1_001,12223,8.92
WI_2,HOUSEHOLD_1_001,12224,10.49
WI_2,HOUSEHOLD_1_001,12225,8.92
WI_2,HOUSEHOLD_1_001,12226,10.49
WI_2,HOUSEHOLD_1_001,12227,8.92
WI_2,HOUSEHOLD_1_001,12228,8.92
WI_2,HOUSEHOLD_1_001,12229,10.49
WI_2,HOUSEHOLD_1_001,12230,10.49
WI_2,HOUSEHOLD_1_001,12231,8.92
WI_2,HOUSEHOLD_1_001,12232,10.49
WI_2,HOUSEHOLD_1_001,12233,10.49
WI_2,HOUSEHOLD_1_001,12234,10.49
WI_2,HOUSEHOLD_1_001,12235,8.92
WI_2,HOUSEHOLD_1_001,12236,10.49
WI_2,HOUSEHOLD_1_001,12237,10.49
WI_2,HOUSEHOLD_1_001,12238,8.92
WI_2,HOUSEHOLD_1_001,12239,10.49
WI_2,HOUSEHOLD_1_001,12240,10.49
WI_2,HOUSEHOLD_1_001,12241,10.49
WI_2,HOUSEHOLD_1_001,12242,10.49
WI_2,HOUSEHOLD_1_001,12243,10.49
WI_2,HOUSEHOLD_1_001,12244,10.49
WI_2,HOUSEHOLD_1_001,12245,10.49
WI_2,HOUSEHOLD_1_001,12246,10.49
WI_2,HOUSEHOLD_1_001,12247,10.49
WI_2,HOUSEHOLD_1_001,12248,10.49
WI_2,HOUSEHOLD_1_001,12249,10.49
WI_2,HOUSEHOLD_1_001,12250,10.49
WI_2,HOUSEHOLD_1_001,12251,8.92
WI_2,HOUSEHOLD_1_001,12252,10.49
WI_2,HOUSEHOLD_1_001,12301,10.49
WI_2,HOUSEHOLD_1_001,12302,10.49
WI_2,HOUSEHOLD_1_001,12303,10.49
WI_2,HOUSEHOLD_1_001,12304,10.49
WI_2,HOUSEHOLD_1_001,12305,8.92
WI_2,HOUSEHOLD_1_001,12306,10.49
WI_2,HOUSEHOLD_1_001,12307,10.49
WI_2,HOUSEHOLD_1_001,12308,10.49
WI_2,HOUSEHOLD_1_001,12309,10.49
WI_2,HOUSEHOLD_1_001,12310,10.49
WI_2,HOUSEHOLD_1_001,12311,10.49
WI_2,HOUSEHOLD_1_001,12312,10.49
WI_2,HOUSEHOLD_1_001,12313,10.49
WI_2,HOUSEHOLD_1_001,12314,10.49
WI_2,HOUSEHOLD_1_001,12315,10.49
WI_2,HOUSEHOLD_1_001,12316,10.49
WI_2,HOUSEHOLD_1_001,12317,10.49
WI_2,HOUSEHOLD_1_001,12318,10.49
WI_2,HOUSEHOLD_1_001,12319,10.49
WI_2,HOUSEHOLD_1_001,12320,8.92
WI_2,HOUSEHOLD_1_001,12321,10.49
WI_2,HOUSEHOLD_1_001,12322,10.49
WI_2,HOUSEHOLD_1_001,12323,10.49
WI_2,HOUSEHOLD_1_001,12324,8.92
WI_2,HOUSEHOLD_1_001,12325,10.49
WI_2,HOUSEHOLD_1_001,12326,10.49
WI_2,HOUSEHOLD_1_001,12327,10.49
WI_2,HOUSEHOLD_1_001,12328,10.49
WI_2,HOUSEHOLD_1_001,12329,10.49
WI_2,HOUSEHOLD_1_001,12330,10.49
WI_2,HOUSEHOLD_1_001,12331,10.49
WI_2,HOUSEHOLD_1_001,12332,10.49
WI_2,HOUSEHOLD_1_001,12333,10.49
WI_2,HOUSEHOLD_1_001,12334,10.49
WI_2,HOUSEHOLD_1_001,12335,10.49
WI_2,HOUSEHOLD_1_001,12336,10.49
WI_2,HOUSEHOLD_1_001,12337,10.49
WI_2,HOUSEHOLD_1_001,12338,10.49
WI_2,HOUSEHOLD_1_001,12339,10.49
WI_2,HOUSEHOLD_1_001,12340,8.92
WI_2,HOUSEHOLD_1_001,12341,10.49
WI_2,HOUSEHOLD_1_001,12342,10.49
WI_2,HOUSEHOLD_1_001,12343,10.49
WI_2,HOUSEHOLD_1_001,12344,8.92
WI_2,HOUSEHOLD_1_001,12345,10.49
WI_2,HOUSEHOLD_1_001,12346,10.49
WI_2,HOUSEHOLD_1_001,12347,10.49
WI_2,HOUSEHOLD_1_001,12348,10.49
WI_2,HOUSEHOLD_1_001,12349,10.49
WI_2,HOUSEHOLD_1_001,12350,10.49
WI_2,HOUSEHOLD_1_001,12351,10.49
WI_2,HOUSEHOLD_1_001,12352,10.49
WI_2,HOUSEHOLD_1_002,12152,12.99
WI_2,HOUSEHOLD_1_002,12201,12.99
WI_2,HOUSEHOLD_1_002,12202,11.04
WI_2,HOUSEHOLD_1_002,12203,12.99
WI_2,HOUSEHOLD_1_002,12204,11.04
WI_2,HOUSEHOLD_1_002,12205,12.99
WI_2,HOUSEHOLD_1_002,12206,12.99
WI_2,HOUSEHOLD_1_002,12207,12.99
WI_2,HOUSEHOLD_1_002,12208,12.99
WI_2,HOUSEHOLD_1_002,12209,11.04
WI_2,HOUSEHOLD_1_002,12210,12.99
WI_2,HOUSEHOLD_1_002,12211,12.99
WI_2,HOUSEHOLD_1_002,12212,12.99
WI_2,HOUSEHOLD_1_002,12213,12.99
WI_2,HOUSEHOLD_1_002,12214,12.99
WI_2,HOUSEHOLD_1_002,12215,12.99
WI_2,HOUSEHOLD_1_002,12216,12.99
WI_2,HOUSEHOLD_1_002,12217,12.99
WI_2,HOUSEHOLD_1_002,12218,12.99
WI_2,HOUSEHOLD_1_002,12219,12.99
WI_2,HOUSEHOLD_1_002,12220,12.99
WI_2,HOUSEHOLD_1_002,12221,12.99
WI_2,HOUSEHOLD_1_002,12222,12.99
WI_2,HOUSEHOLD_1_002,12223,11.04
WI_2,HOUSEHOLD_1_002,12224,12.99
WI_2,HOUSEHOLD_1_002,12225,12.99
WI_2,HOUSEHOLD_1_002,12226,12.99
WI_2,HOUSEHOLD_1_002,12227,12.99
WI_2,HOUSEHOLD_1_002,12228,11.04
WI_2,HOUSEHOLD_1_002,12229,12.99
WI_2,HOUSEHOLD_1_002,12230,12.99
WI_2,HOUSEHOLD_1_002,12231,12.99
WI_2,HOUSEHOLD_1_002,12232,12.99
WI_2,HOUSEHOLD_1_002,12233,12.99
WI_2,HOUSEHOLD_1_002,12234,12.99
WI_2,HOUSEHOLD_1_002,12235,12.99
WI_2,HOUSEHOLD_1_002,12236,11.04
WI_2,HOUSEHOLD_1_002,12237,12.99
WI_2,HOUSEHOLD_1_002,12238,12.99
WI_2,HOUSEHOLD_1_002,12239,12.99
WI_2,HOUSEHOLD_1_002,12240,11.04
WI_2,HOUSEHOLD_1_002,12241,12.99
WI_2,HOUSEHOLD_1_002,12242,12.99
WI_2,HOUSEHOLD_1_002,12243,11.04
WI_2,HOUSEHOLD_1_002,12244,12.99
WI_2,HOUSEHOLD_1_002,12245,12.99
WI_2,HOUSEHOLD_1_002,12246,11.04
WI_2,HOUSEHOLD_1_002,12247,12.99
WI_2,HOUSEHOLD_1_002,12248,12.99
WI_2,HOUSEHOLD_1_002,12249,12.99
WI_2,HOUSEHOLD_1_002,12250,12.99
WI_2,HOUSEHOLD_1_002,12251,12.99
WI_2,HOUSEHOLD_1_002,12252,12.99
WI_2,HOUSEHOLD_1_002,12301,12.99
WI_2,HOUSEHOLD_1_002,12302,12.99
WI_2,HOUSEHOLD_1_002,12303,12.99
WI_2,HOUSEHOLD_1_002,12304,12.99
WI_2,HOUSEHOLD_1_002,12305,12.99
WI_2,HOUSEHOLD_1_002,12306,12.99
WI_2,HOUSEHOLD_1_002,12307,12.99
WI_2,HOUSEHOLD_1_002,12308,12.99
WI_2,HOUSEHOLD_1_002,12309,12.99
WI_2,HOUSEHOLD_1_002,12310,12.99
WI_2,HOUSEHOLD_1_002,12311,12.99
WI_2,HOUSEHOLD_1_002,12312,12.99
WI_2,HOUSEHOLD_1_002,12313,12.99
WI_2,HOUSEHOLD_1_002,12314,12.99
WI_2,HOUSEHOLD_1_002,12315,12.99
WI_2,HOUSEHOLD_1_002,12316,12.99
WI_2,HOUSEHOLD_1_002,12317,12.99
WI_2,HOUSEHOLD_1_002,12318,12.99
WI_2,HOUSEHOLD_1_002,12319,12.99
WI_2,HOUSEHOLD_1_002,12320,12.99
WI_2,HOUSEHOLD_1_002,12321,11.04
WI_2,HOUSEHOLD_1_002,12322,12.99
WI_2,HOUSEHOLD_1_002,12323,12.99
WI_2,HOUSEHOLD_1_002,12324,12.99
WI_2,HOUSEHOLD_1_002,12325,12.99
WI_2,HOUSEHOLD_1_002,12326,12.99
WI_2,HOUSEHOLD_1_002,12327,12.99
WI_2,HOUSEHOLD_1_002,12328,11.04
WI_2,HOUSEHOLD_1_002,12329,12.99
WI_2,HOUSEHOLD_1_002,12330,12.99
WI_2,HOUSEHOLD_1_002,12331,12.99
WI_2,HOUSEHOLD_1_002,12332,12.99
WI_2,HOUSEHOLD_1_002,12333,11.04
WI_2,HOUSEHOLD_1_002,12334,12.99
WI_2,HOUSEHOLD_1_002,12335,12.99
WI_2,HOUSEHOLD_1_002,12336,11.04
WI_2,HOUSEHOLD_1_002,12337,12.99
WI_2,HOUSEHOLD_1_002,12338,12.99
WI_2,HOUSEHOLD_1_002,12339,12.99
WI_2,HOUSEHOLD_1_002,12340,12.99
WI_2,HOUSEHOLD_1_002,12341,12.99
WI_2,HOUSEHOLD_1_002,12342,11.04
WI_2,HOUSEHOLD_1_002,12343,12.99
WI_2,HOUSEHOLD_1_002,12344,12.99
WI_2,HOUSEHOLD_1_002,12345,12.99
WI_2,HOUSEHOLD_1_002,12346,12.99
WI_2,HOUSEHOLD_1_002,12347,12.99
WI_2,HOUSEHOLD_1_002,12348,12.99
WI_2,HOUSEHOLD_1_002,12349,12.99
WI_2,HOUSEHOLD_1_002,12350,12.99
WI_2,HOUSEHOLD_1_002,12351,12.99
WI_2,HOUSEHOLD_1_002,12352,12.99
WI_2,HOUSEHOLD_1_003,12152,15.48
WI_2,HOUSEHOLD_1_003,12201,15.48
WI_2,HOUSEHOLD_1_003,12202,15.48
WI_2,HOUSEHOLD_1_003,12203,13.16
WI_2,HOUSEHOLD_1_003,12204,15.48
WI_2,HOUSEHOLD_1_003,12205,15.48
WI_2,HOUSEHOLD_1_003,12206,15.48
WI_2,HOUSEHOLD_1_003,12207,13.16
WI_2,HOUSEHOLD_1_003,12208,15.48
WI_2,HOUSEHOLD_1_003,12209,15.48
WI_2,HOUSEHOLD_1_003,12210,15.48
WI_2,HOUSEHOLD_1_003,12211,15.48
WI_2,HOUSEHOLD_1_003,12212,15.48
WI_2,HOUSEHOLD_1_003,12213,13.16
WI_2,HOUSEHOLD_1_003,12214,15.48
WI_2,HOUSEHOLD_1_003,12215,15.48
WI_2,HOUSEHOLD_1_003,12216,15.48
WI_2,HOUSEHOLD_1_003,12217,15.48
WI_2,HOUSEHOLD_1_003,12218,15.48
WI_2,HOUSEHOLD_1_003,12219,15.48
WI_2,HOUSEHOLD_1_003,12220,15.48
WI_2,HOUSEHOLD_1_003,12221,15.48
WI_2,HOUSEHOLD_1_003,12222,15.48
WI_2,HOUSEHOLD_1_003,12223,15.48
WI_2,HOUSEHOLD_1_003,12224,15.48
WI_2,HOUSEHOLD_1_003,12225,15.48
WI_2,HOUSEHOLD_1_003,12226,13.16
WI_2,HOUSEHOLD_1_003,12227,13.16
WI_2,HOUSEHOLD_1_003,12228,15.48
WI_2,HOUSEHOLD_1_003,12229,15.48
WI_2,HOUSEHOLD_1_003,12230,15.48
WI_2,HOUSEHOLD_1_003,12231,15.48
WI_2,HOUSEHOLD_1_003,12232,15.48
WI_2,HOUSEHOLD_1_003,12233,15.48
WI_2,HOUSEHOLD_1_003,12234,13.16
WI_2,HOUSEHOLD_1_003,12235,15.48
WI_2,HOUSEHOLD_1_003,12236,15.48
WI_2,HOUSEHOLD_1_003,12237,15.48
WI_2,HOUSEHOLD_1_003,12238,15.48
WI_2,HOUSEHOLD_1_003,12239,13.16
WI_2,HOUSEHOLD_1_003,12240,15.48
WI_2,HOUSEHOLD_1_003,12241,13.16
WI_2,HOUSEHOLD_1_003,12242,15.48
WI_2,HOUSEHOLD_1_003,12243,13.16
WI_2,HOUSEHOLD_1_003,12244,15.48
WI_2,HOUSEHOLD_1_003,12245,13.16
WI_2,HOUSEHOLD_1_003,12246,15.48
WI_2,HOUSEHOLD_1_003,12247,15.48
WI_2,HOUSEHOLD_1_003,12248,15.48
WI_2,HOUSEHOLD_1_003,12249,13.16
WI_2,HOUSEHOLD_1_003,12250,15.48
WI_2,HOUSEHOLD_1_003,12251,15.48
WI_2,HOUSEHOLD_1_003,12252,15.48
WI_2,HOUSEHOLD_1_003,12301,13.16
WI_2,HOUSEHOLD_1_003,12302,15.48
WI_2,HOUSEHOLD_1_003,12303,15.48
WI_2,HOUSEHOLD_1_003,12304,15.48
WI_2,HOUSEHOLD_1_003,12305,15.48
WI_2,HOUSEHOLD_1_003,12306,15.48
WI_2,HOUSEHOLD_1_003,12307,15.48
WI_2,HOUSEHOLD_1_003,12308,15.48
WI_2,HOUSEHOLD_1_003,12309,15.48
WI_2,HOUSEHOLD_1_003,12310,15.48
WI_2,HOUSEHOLD_1_003,12311,15.48
WI_2,HOUSEHOLD_1_003,12312,15.48
WI_2,HOUSEHOLD_1_003,12313,15.48
WI_2,HOUSEHOLD_1_003,12314,13.16
WI_2,HOUSEHOLD_1_003,12315,15.48
WI_2,HOUSEHOLD_1_003,12316,15.48
WI_2,HOUSEHOLD_1_003,12317,15.48
WI_2,HOUSEHOLD_1_003,12318,15.48
WI_2,HOUSEHOLD_1_003,12319,15.48
WI_2,HOUSEHOLD_1_003,12320,13.16
WI_2,HOUSEHOLD_1_003,12321,15.48
WI_2,HOUSEHOLD_1_003,12322,15.48
WI_2,HOUSEHOLD_1_003,12323,15.48
WI_2,HOUSEHOLD_1_003,12324,15.48
WI_2,HOUSEHOLD_1_003,12325,15.48
WI_2,HOUSEHOLD_1_003,12326,15.48
WI_2,HOUSEHOLD_1_003,12327,15.48
WI_2,HOUSEHOLD_1_003,12328,13.16
WI_2,HOUSEHOLD_1_003,12329,15.48
WI_2,HOUSEHOLD_1_003,12330,15.48
WI_2,HOUSEHOLD_1_003,12331,15.48
WI_2,HOUSEHOLD_1_003,12332,15.48
WI_2,HOUSEHOLD_1_003,12333,15.48
WI_2,HOUSEHOLD_1_003,12334,15.48
WI_2,HOUSEHOLD_1_003,12335,15.48
WI_2,HOUSEHOLD_1_003,12336,15.48
WI_2,HOUSEHOLD_1_003,12337,13.16
WI_2,HOUSEHOLD_1_003,12338,15.48
WI_2,HOUSEHOLD_1_003,12339,15.48
WI_2,HOUSEHOLD_1_003,12340,15.48
WI_2,HOUSEHOLD_1_003,12341,15.48
WI_2,HOUSEHOLD_1_003,12342,13.16
WI_2,HOUSEHOLD_1_003,12343,15.48
WI_2,HOUSEHOLD_1_003,12344,15.48
WI_2,HOUSEHOLD_1_003,12345,15.48
WI_2,HOUSEHOLD_1_003,12346,15.48
WI_2,HOUSEHOLD_1_003,12347,15.48
WI_2,HOUSEHOLD_1_003,12348,15.48
WI_2,HOUSEHOLD_1_003,12349,15.48
WI_2,HOUSEHOLD_1_003,12350,15.48
WI_2,HOUSEHOLD_1_003,12351,15.48
WI_2,HOUSEHOLD_1_003,12352,15.48
WI_2,HOUSEHOLD_1_004,12152,17.98
WI_2,HOUSEHOLD_1_004,12201,15.28
WI_2,HOUSEHOLD_1_004,12202,17.98
WI_2,HOUSEHOLD_1_004,12203,17.98
WI_2,HOUSEHOLD_1_004,12204,17.98
WI_2,HOUSEHOLD_1_004,12205,17.98
WI_2,HOUSEHOLD_1_004,12206,17.98
WI_2,HOUSEHOLD_1_004,12207,17.98
WI_2,HOUSEHOLD_1_004,12208,17.98
WI_2,HOUSEHOLD_1_004,12209,17.98
WI_2,HOUSEHOLD_1_004,12210,17.98
WI_2,HOUSEHOLD_1_004,12211,15.28
WI_2,HOUSEHOLD_1_004,12212,17.98
WI_2,HOUSEHOLD_1_004,12213,17.98
WI_2,HOUSEHOLD_1_004,12214,17.98
WI_2,HOUSEHOLD_1_004,12215,17.98
WI_2,HOUSEHOLD_1_004,12216,17.98
WI_2,HOUSEHOLD_1_004,12217,17.98
WI_2,HOUSEHOLD_1_004,12218,17.98
WI_2,HOUSEHOLD_1_004,12219,17.98
WI_2,HOUSEHOLD_1_004,12220,17.98
WI_2,HOUSEHOLD_1_004,12221,17.98
WI_2,HOUSEHOLD_1_004,12222,17.98
WI_2,HOUSEHOLD_1_004,12223,17.98
WI_2,HOUSEHOLD_1_004,12224,17.98
WI_2,HOUSEHOLD_1_004,12225,17.98
WI_2,HOUSEHOLD_1_004,12226,17.98
WI_2,HOUSEHOLD_1_004,12227,17.98
WI_2,HOUSEHOLD_1_004,12228,17.98
WI_2,HOUSEHOLD_1_004,12229,17.98
WI_2,HOUSEHOLD_1_004,12230,17.98
WI_2,HOUSEHOLD_1_004,12231,17.98
WI_2,HOUSEHOLD_1_004,12232,17.98
WI_2,HOUSEHOLD_1_004,12233,17.98
WI_2,HOUSEHOLD_1_004,12234,15.28
WI_2,HOUSEHOLD_1_004,12235,17.98
WI_2,HOUSEHOLD_1_004,12236,17.98
WI_2,HOUSEHOLD_1_004,12237,17.98
WI_2,HOUSEHOLD_1_004,12238,17.98
WI_2,HOUSEHOLD_1_004,12239,17.98
WI_2,HOUSEHOLD_1_004,12240,17.98
WI_2,HOUSEHOLD_1_004,12241,17.98
WI_2,HOUSEHOLD_1_004,12242,17.98
WI_2,HOUSEHOLD_1_004,12243,17.98
WI_2,HOUSEHOLD_1_004,12244,17.98
WI_2,HOUSEHOLD_1_004,12245,17.98
WI_2,HOUSEHOLD_1_004,12246,17.98
WI_2,HOUSEHOLD_1_004,12247,17.98
WI_2,HOUSEHOLD_1_004,12248,17.98
WI_2,HOUSEHOLD_1_004,12249,17.98
WI_2,HOUSEHOLD_1_004,12250,17.98
WI_2,HOUSEHOLD_1_004,12251,17.98
WI_2,HOUSEHOLD_1_004,12252,17.98
WI_2,HOUSEHOLD_1_004,12301,17.98
WI_2,HOUSEHOLD_1_004,12302,17.98
WI_2,HOUSEHOLD_1_004,12303,17.98
WI_2,HOUSEHOLD_1_004,12304,17.98
WI_2,HOUSEHOLD_1_004,12305,15.28
WI_2,HOUSEHOLD_1_004,12306,17.98
WI_2,HOUSEHOLD_1_004,12307,15.28
WI_2,HOUSEHOLD_1_004,12308,17.98
WI_2,HOUSEHOLD_1_004,12309,17.98
WI_2,HOUSEHOLD_1_004,12310,17.98
WI_2,HOUSEHOLD_1_004,12311,17.98
WI_2,HOUSEHOLD_1_004,12312,17.98
WI_2,HOUSEHOLD_1_004,12313,17.98
WI_2,HOUSEHOLD_1_004,12314,17.98
WI_2,HOUSEHOLD_1_004,12315,17.98
WI_2,HOUSEHOLD_1_004,12316,17.98
WI_2,HOUSEHOLD_1_004,12317,17.98
WI_2,HOUSEHOLD_1_004,12318,17.98
WI_2,HOUSEHOLD_1_004,12319,17.98
WI_2,HOUSEHOLD_1_004,12320,17.98
WI_2,HOUSEHOLD_1_004,12321,15.28
WI_2,HOUSEHOLD_1_004,12322,17.98
WI_2,HOUSEHOLD_1_004,12323,17.98
WI_2,HOUSEHOLD_1_004,12324,17.98
WI_2,HOUSEHOLD_1_004,12325,17.98
WI_2,HOUSEHOLD_1_004,12326,17.98
WI_2,HOUSEHOLD_1_004,12327,15.28
WI_2,HOUSEHOLD_1_004,12328,17.98
WI_2,HOUSEHOLD_1_004,12329,15.28
WI_2,HOUSEHOLD_1_004,12330,17.98
WI_2,HOUSEHOLD_1_004,12331,15.28
WI_2,HOUSEHOLD_1_004,12332,17.98
WI_2,HOUSEHOLD_1_004,12333,17.98
WI_2,HOUSEHOLD_1_004,12334,17.98
WI_2,HOUSEHOLD_1_004,12335,17.98
WI_2,HOUSEHOLD_1_004,12336,17.98
WI_2,HOUSEHOLD_1_004,12337,15.28
WI_2,HOUSEHOLD_1_004,12338,17.98
WI_2,HOUSEHOLD_1_004,12339,17.98
WI_2,HOUSEHOLD_1_004,12340,17.98
WI_2,HOUSEHOLD_1_004,12341,17.98
WI_2,HOUSEHOLD_1_004,12342,17.98
WI_2,HOUSEHOLD_1_004,12343,17.98
WI_2,HOUSEHOLD_1_004,12344,15.28
WI_2,HOUSEHOLD_1_004,12345,17.98
WI_2,HOUSEHOLD_1_004,12346,15.28
WI_2,HOUSEHOLD_1_004,12347,17.98
WI_2,HOUSEHOLD_1_004,12348,17.98
WI_2,HOUSEHOLD_1_004,12349,15.28
WI_2,HOUSEHOLD_1_004,12350,17.98
WI_2,HOUSEHOLD_1_004,12351,17.98
WI_2,HOUSEHOLD_1_004,12352,17.98
WI_2,HOUSEHOLD_2_001,12152,8.92
WI_2,HOUSEHOLD_2_001,12201,10.49
WI_2,HOUSEHOLD_2_001,12202,10.49
WI_2,HOUSEHOLD_2_001,12203,10.49
WI_2,HOUSEHOLD_2_001,12204,10.49
WI_2,HOUSEHOLD_2_001,12205,8.92
WI_2,HOUSEHOLD_2_001,12206,10.49
WI_2,HOUSEHOLD_2_001,12207,10.49
WI_2,HOUSEHOLD_2_001,12208,10.49
WI_2,HOUSEHOLD_2_001,12209,8.92
WI_2,HOUSEHOLD_2_001,12210,10.49
WI_2,HOUSEHOLD_2_001,12211,10.49
WI_2,HOUSEHOLD_2_001,12212,10.49
WI_2,HOUSEHOLD_2_001,12213,10.49
WI_2,HOUSEHOLD_2_001,12214,10.49
WI_2,HOUSEHOLD_2_001,12215,10.49
WI_2,HOUSEHOLD_2_001,12216,10.49
WI_2,HOUSEHOLD_2_001,12217,10.49
WI_2,HOUSEHOLD_2_001,12218,10.49
WI_2,HOUSEHOLD_2_001,12219,10.49
WI_2,HOUSEHOLD_2_001,12220,8.92
WI_2,HOUSEHOLD_2_001,12221,10.49
WI_2,HOUSEHOLD_2_001,12222,10.49
WI_2,HOUSEHOLD_2_001,12223,10.49
WI_2,HOUSEHOLD_2_001,12224,10.49
WI_2,HOUSEHOLD_2_001,12225,10.49
WI_2,HOUSEHOLD_2_001,12226,8.92
WI_2,HOUSEHOLD_2_001,12227,10.49
WI_2,HOUSEHOLD_2_001,12228,10.49
WI_2,HOUSEHOLD_2_001,12229,10.49
WI_2,HOUSEHOLD_2_001,12230,10.49
WI_2,HOUSEHOLD_2_001,12231,10.49
WI_2,HOUSEHOLD_2_001,12232,10.49
WI_2,HOUSEHOLD_2_001,12233,10.49
WI_2,HOUSEHOLD_2_001,12234,10.49
WI_2,HOUSEHOLD_2_001,12235,10.49
WI_2,HOUSEHOLD_2_001,12236,8.92
WI_2,HOUSEHOLD_2_001,12237,10.49
WI_2,HOUSEHOLD_2_001,12238,10.49
WI_2,HOUSEHOLD_2_001,12239,10.49
WI_2,HOUSEHOLD_2_001,12240,10.49
WI_2,HOUSEHOLD_2_001,12241,10.49
WI_2,HOUSEHOLD_2_001,12242,10.49
WI_2,HOUSEHOLD_2_001,12243,10.49
WI_2,HOUSEHOLD_2_001,12244,10.49
WI_2,HOUSEHOLD_2_001,12245,10.49
WI_2,HOUSEHOLD_2_001,12246,10.49
WI_2,HOUSEHOLD_2_001,12247,10.49
WI_2,HOUSEHOLD_2_001,12248,10.49
WI_2,HOUSEHOLD_2_001,12249,10.49
WI_2,HOUSEHOLD_2_001,12250,10.49
WI_2,HOUSEHOLD_2_001,12251,10.49
WI_2,HOUSEHOLD_2_001,12252,10.49
WI_2,HOUSEHOLD_2_001,12301,10.49
WI_2,HOUSEHOLD_2_001,12302,10.49
WI_2,HOUSEHOLD_2_001,12303,10.49
WI_2,HOUSEHOLD_2_001,12304,10.49
WI_2,HOUSEHOLD_2_001,12305,10.49
WI_2,HOUSEHOLD_2_001,12306,8.92
WI_2,HOUSEHOLD_2_001,12307,10.49
WI_2,HOUSEHOLD_2_001,12308,10.49
WI_2,HOUSEHOLD_2_001,12309,10.49
WI_2,HOUSEHOLD_2_001,12310,10.49
WI_2,HOUSEHOLD_2_001,12311,10.49
WI_2,HOUSEHOLD_2_001,12312,10.49
WI_2,HOUSEHOLD_2_001,12313,10.49
WI_2,HOUSEHOLD_2_001,12314,10.49
WI_2,HOUSEHOLD_2_001,12315,10.49
WI_2,HOUSEHOLD_2_001,12316,10.49
WI_2,HOUSEHOLD_2_001,12317,10.49
WI_2,HOUSEHOLD_2_001,12318,10.49
WI_2,HOUSEHOLD_2_001,12319,10.49
WI_2,HOUSEHOLD_2_001,12320,10.49
WI_2,HOUSEHOLD_2_001,12321,10.49
WI_2,HOUSEHOLD_2_001,12322,10.49
WI_2,HOUSEHOLD_2_001,12323,10.49
WI_2,HOUSEHOLD_2_001,12324,10.49
WI_2,HOUSEHOLD_2_001,12325,10.49
WI_2,HOUSEHOLD_2_001,12326,10.49
WI_2,HOUSEHOLD_2_001,12327,10.49
WI_2,HOUSEHOLD_2_001,12328,10.49
WI_2,HOUSEHOLD_2_001,12329,10.49
WI_2,HOUSEHOLD_2_001,12330,8.92
WI_2,HOUSEHOLD_2_001,12331,8.92
WI_2,HOUSEHOLD_2_001,12332,10.49
WI_2,HOUSEHOLD_2_001,12333,8.92
WI_2,HOUSEHOLD_2_001,12334,10.49
WI_2,HOUSEHOLD_2_001,12335,10.49
WI_2,HOUSEHOLD_2_001,12336,8.92
WI_2,HOUSEHOLD_2_001,12337,10.49
WI_2,HOUSEHOLD_2_001,12338,10.49
WI_2,HOUSEHOLD_2_001,12339,10.49
WI_2,HOUSEHOLD_2_001,12340,10.49
WI_2,HOUSEHOLD_2_001,12341,10.49
WI_2,HOUSEHOLD_2_001,12342,10.49
WI_2,HOUSEHOLD_2_001,12343,10.49
WI_2,HOUSEHOLD_2_001,12344,10.49
WI_2,HOUSEHOLD_2_001,12345,10.49
WI_2,HOUSEHOLD_2_001,12346,10.49
WI_2,HOUSEHOLD_2_001,12347,10.49
WI_2,HOUSEHOLD_2_001,12348,10.49
WI_2,HOUSEHOLD_2_001,12349,8.92
WI_2,HOUSEHOLD_2_001,12350,10.49
WI_2,HOUSEHOLD_2_001,12351,8.92
WI_2,HOUSEHOLD_2_001,12352,10.49
WI_2,HOUSEHOLD_2_002,12152,12.99
WI_2,HOUSEHOLD_2_002,12201,12.99
WI_2,HOUSEHOLD_2_002,12202,12.99
WI_2,HOUSEHOLD_2_002,12203,12.99
WI_2,HOUSEHOLD_2_002,12204,12.99
WI_2,HOUSEHOLD_2_002,12205,12.99
WI_2,HOUSEHOLD_2_002,12206,12.99
WI_2,HOUSEHOLD_2_002,12207,12.99
WI_2,HOUSEHOLD_2_002,12208,12.99
WI_2,HOUSEHOLD_2_002,12209,12.99
WI_2,HOUSEHOLD_2_002,12210,12.99
WI_2,HOUSEHOLD_2_002,12211,11.04
WI_2,HOUSEHOLD_2_002,12212,12.99
WI_2,HOUSEHOLD_2_002,12213,12.99
WI_2,HOUSEHOLD_2_002,12214,11.04
WI_2,HOUSEHOLD_2_002,12215,12.99
WI_2,HOUSEHOLD_2_002,12216,12.99
WI_2,HOUSEHOLD_2_002,12217,12.99
WI_2,HOUSEHOLD_2_002,12218,12.99
WI_2,HOUSEHOLD_2_002,12219,12.99
WI_2,HOUSEHOLD_2_002,12220,12.99
WI_2,HOUSEHOLD_2_002,12221,12.99
WI_2,HOUSEHOLD_2_002,12222,12.99
WI_2,HOUSEHOLD_2_002,12223,12.99
WI_2,HOUSEHOLD_2_002,12224,11.04
WI_2,HOUSEHOLD_2_002,12225,12.99
WI_2,HOUSEHOLD_2_002,12226,12.99
WI_2,HOUSEHOLD_2_002,12227,12.99
WI_2,HOUSEHOLD_2_002,12228,12.99
WI_2,HOUSEHOLD_2_002,12229,12.99
WI_2,HOUSEHOLD_2_002,12230,12.99
WI_2,HOUSEHOLD_2_002,12231,12.99
WI_2,HOUSEHOLD_2_002,12232,12.99
WI_2,HOUSEHOLD_2_002,12233,12.99
WI_2,HOUSEHOLD_2_002,12234,12.99
WI_2,HOUSEHOLD_2_002,12235,12.99
WI_2,HOUSEHOLD_2_002,12236,12.99
WI_2,HOUSEHOLD_2_002,12237,12.99
WI_2,HOUSEHOLD_2_002,12238,12.99
WI_2,HOUSEHOLD_2_002,12239,12.99
WI_2,HOUSEHOLD_2_002,12240,12.99
WI_2,HOUSEHOLD_2_002,12241,12.99
WI_2,HOUSEHOLD_2_002,12242,12.99
WI_2,HOUSEHOLD_2_002,12243,12.99
WI_2,HOUSEHOLD_2_002,12244,12.99
WI_2,HOUSEHOLD_2_002,12245,12.99
WI_2,HOUSEHOLD_2_002,12246,12.99
WI_2,HOUSEHOLD_2_002,12247,11.04
WI_2,HOUSEHOLD_2_002,12248,12.99
WI_2,HOUSEHOLD_2_002,12249,12.99
WI_2,HOUSEHOLD_2_002,12250,12.99
WI_2,HOUSEHOLD_2_002,12251,12.99
WI_2,HOUSEHOLD_2_002,12252,12.99
WI_2,HOUSEHOLD_2_002,12301,12.99
WI_2,HOUSEHOLD_2_002,12302,12.99
WI_2,HOUSEHOLD_2_002,12303,12.99
WI_2,HOUSEHOLD_2_002,12304,12.99
WI_2,HOUSEHOLD_2_002,12305,12.99
WI_2,HOUSEHOLD_2_002,12306,12.99
WI_2,HOUSEHOLD_2_002,12307,12.99
WI_2,HOUSEHOLD_2_002,12308,12.99
WI_2,HOUSEHOLD_2_002,12309,12.99
WI_2,HOUSEHOLD_2_002,12310,12.99
WI_2,HOUSEHOLD_2_002,12311,12.99
WI_2,HOUSEHOLD_2_002,12312,12.99
WI_2,HOUSEHOLD_2_002,12313,12.99
WI_2,HOUSEHOLD_2_002,12314,12.99
WI_2,HOUSEHOLD_2_002,12315,12.99
WI_2,HOUSEHOLD_2_002,12316,12.99
WI_2,HOUSEHOLD_2_002,12317,12.99
WI_2,HOUSEHOLD_2_002,12318,12.99
WI_2,HOUSEHOLD_2_002,12319,12.99
WI_2,HOUSEHOLD_2_002,12320,12.99
WI_2,HOUSEHOLD_2_002,12321,12.99
WI_2,HOUSEHOLD_2_002,12322,12.99
WI_2,HOUSEHOLD_2_002,12323,12.99
WI_2,HOUSEHOLD_2_002,12324,12.99
WI_2,HOUSEHOLD_2_002,12325,11.04
WI_2,HOUSEHOLD_2_002,12326,12.99
WI_2,HOUSEHOLD_2_002,12327,12.99
WI_2,HOUSEHOLD_2_002,12328,12.99
WI_2,HOUSEHOLD_2_002,12329,12.99
WI_2,HOUSEHOLD_2_002,12330,12.99
WI_2,HOUSEHOLD_2_002,12331,11.04
WI_2,HOUSEHOLD_2_002,12332,12.99
WI_2,HOUSEHOLD_2_002,12333,12.99
WI_2,HOUSEHOLD_2_002,12334,12.99
WI_2,HOUSEHOLD_2_002,12335,12.99
WI_2,HOUSEHOLD_2_002,12336,12.99
WI_2,HOUSEHOLD_2_002,12337,11.04
WI_2,HOUSEHOLD_2_002,12338,12.99
WI_2,HOUSEHOLD_2_002,12339,12.99
WI_2,HOUSEHOLD_2_002,12340,12.99
WI_2,HOUSEHOLD_2_002,12341,12.99
WI_2,HOUSEHOLD_2_002,12342,12.99
WI_2,HOUSEHOLD_2_002,12343,12.99
WI_2,HOUSEHOLD_2_002,12344,12.99
WI_2,HOUSEHOLD_2_002,12345,12.99
WI_2,HOUSEHOLD_2_002,12346,12.99
WI_2,HOUSEHOLD_2_002,12347,12.99
WI_2,HOUSEHOLD_2_002,12348,11.04
WI_2,HOUSEHOLD_2_002,12349,11.04
WI_2,HOUSEHOLD_2_002,12350,11.04
WI_2,HOUSEHOLD_2_002,12351,12.99
WI_2,HOUSEHOLD_2_002,12352,12.99
WI_2,HOUSEHOLD_2_003,12152,15.48
WI_2,HOUSEHOLD_2_003,12201,15.48
WI_2,HOUSEHOLD_2_003,12202,15.48
WI_2,HOUSEHOLD_2_003,12203,13.16
WI_2,HOUSEHOLD_2_003,12204,13.16
WI_2,HOUSEHOLD_2_003,12205,15.48
WI_2,HOUSEHOLD_2_003,12206,15.48
WI_2,HOUSEHOLD_2_003,12207,15.48
WI_2,HOUSEHOLD_2_003,12208,15.48
WI_2,HOUSEHOLD_2_003,12209,15.48
WI_2,HOUSEHOLD_2_003,12210,15.48
WI_2,HOUSEHOLD_2_003,12211,15.48
WI_2,HOUSEHOLD_2_003,12212,15.48
WI_2,HOUSEHOLD_2_003,12213,13.16
WI_2,HOUSEHOLD_2_003,12214,15.48
WI_2,HOUSEHOLD_2_003,12215,13.16
WI_2,HOUSEHOLD_2_003,12216,13.16
WI_2,HOUSEHOLD_2_003,12217,15.48
WI_2,HOUSEHOLD_2_003,12218,15.48
WI_2,HOUSEHOLD_2_003,12219,15.48
WI_2,HOUSEHOLD_2_003,12220,15.48
WI_2,HOUSEHOLD_2_003,12221,15.48
WI_2,HOUSEHOLD_2_003,12222,15.48
WI_2,HOUSEHOLD_2_003,12223,13.16
WI_2,HOUSEHOLD_2_003,12224,15.48
WI_2,HOUSEHOLD_2_003,12225,15.48
WI_2,HOUSEHOLD_2_003,12226,15.48
WI_2,HOUSEHOLD_2_003,12227,15.48
WI_2,HOUSEHOLD_2_003,12228,13.16
WI_2,HOUSEHOLD_2_003,12229,15.48
WI_2,HOUSEHOLD_2_003,12230,13.16
WI_2,HOUSEHOLD_2_003,12231,15.48
WI_2,HOUSEHOLD_2_003,12232,15.48
WI_2,HOUSEHOLD_2_003,12233,13.16
WI_2,HOUSEHOLD_2_003,12234,15.48
WI_2,HOUSEHOLD_2_003,12235,15.48
WI_2,HOUSEHOLD_2_003,12236,15.48
WI_2,HOUSEHOLD_2_003,12237,13.16
WI_2,HOUSEHOLD_2_003,12238,15.48
WI_2,HOUSEHOLD_2_003,12239,15.48
WI_2,HOUSEHOLD_2_003,12240,15.48
WI_2,HOUSEHOLD_2_003,12241,15.48
WI_2,HOUSEHOLD_2_003,12242,15.48
WI_2,HOUSEHOLD_2_003,12243,15.48
WI_2,HOUSEHOLD_2_003,12244,15.48
WI_2,HOUSEHOLD_2_003,12245,13.16
WI_2,HOUSEHOLD_2_003,12246,15.48
WI_2,HOUSEHOLD_2_003,12247,15.48
WI_2,HOUSEHOLD_2_003,12248,15.48
WI_2,HOUSEHOLD_2_003,12249,13.16
WI_2,HOUSEHOLD_2_003,12250,15.48
WI_2,HOUSEHOLD_2_003,12251,15.48
WI_2,HOUSEHOLD_2_003,12252,15.48
WI_2,HOUSEHOLD_2_003,12301,13.16
WI_2,HOUSEHOLD_2_003,12302,15.48
WI_2,HOUSEHOLD_2_003,12303,15.48
WI_2,HOUSEHOLD_2_003,12304,15.48
WI_2,HOUSEHOLD_2_003,12305,15.48
WI_2,HOUSEHOLD_2_003,12306,15.48
WI_2,HOUSEHOLD_2_003,12307,15.48
WI_2,HOUSEHOLD_2_003,12308,15.48
WI_2,HOUSEHOLD_2_003,12309,13.16
WI_2,HOUSEHOLD_2_003,12310,15.48
WI_2,HOUSEHOLD_2_003,12311,13.16
WI_2,HOUSEHOLD_2_003,12312,15.48
WI_2,HOUSEHOLD_2_003,12313,15.48
WI_2,HOUSEHOLD_2_003,12314,15.48
WI_2,HOUSEHOLD_2_003,12315,15.48
WI_2,HOUSEHOLD_2_003,12316,15.48
WI_2,HOUSEHOLD_2_003,12317,15.48
WI_2,HOUSEHOLD_2_003,12318,15.48
WI_2,HOUSEHOLD_2_003,12319,15.48
WI_2,HOUSEHOLD_2_003,12320,15.48
WI_2,HOUSEHOLD_2_003,12321,13.16
WI_2,HOUSEHOLD_2_003,12322,15.48
WI_2,HOUSEHOLD_2_003,12323,15.48
WI_2,HOUSEHOLD_2_003,12324,15.48
WI_2,HOUSEHOLD_2_003,12325,15.48
WI_2,HOUSEHOLD_2_003,12326,15.48
WI_2,HOUSEHOLD_2_003,12327,15.48
WI_2,HOUSEHOLD_2_003,12328,13.16
WI_2,HOUSEHOLD_2_003,12329,15.48
WI_2,HOUSEHOLD_2_003,12330,13.16
WI_2,HOUSEHOLD_2_003,12331,15.48
WI_2,HOUSEHOLD_2_003,12332,15.48
WI_2,HOUSEHOLD_2_003,12333,15.48
WI_2,HOUSEHOLD_2_003,12334,15.48
WI_2,HOUSEHOLD_2_003,12335,15.48
WI_2,HOUSEHOLD_2_003,12336,15.48
WI_2,HOUSEHOLD_2_003,12337,15.48
WI_2,HOUSEHOLD_2_003,12338,15.48
WI_2,HOUSEHOLD_2_003,12339,15.48
WI_2,HOUSEHOLD_2_003,12340,15.48
WI_2,HOUSEHOLD_2_003,12341,15.48
WI_2,HOUSEHOLD_2_003,12342,15.48
WI_2,HOUSEHOLD_2_003,12343,15.48
WI_2,HOUSEHOLD_2_003,12344,15.48
WI_2,HOUSEHOLD_2_003,12345,15.48
WI_2,HOUSEHOLD_2_003,12346,15.48
WI_2,HOUSEHOLD_2_003,12347,15.48
WI_2,HOUSEHOLD_2_003,12348,15.48
WI_2,HOUSEHOLD_2_003,12349,15.48
WI_2,HOUSEHOLD_2_003,12350,15.48
WI_2,HOUSEHOLD_2_003,12351,15.48
WI_2,HOUSEHOLD_2_003,12352,15.48
WI_2,HOUSEHOLD_2_004,12152,17.98
WI_2,HOUSEHOLD_2_004,12201,15.28
WI_2,HOUSEHOLD_2_004,12202,17.98
WI_2,HOUSEHOLD_2_004,12203,17.98
WI_2,HOUSEHOLD_2_004,12204,17.98
WI_2,HOUSEHOLD_2_004,12205,17.98
WI_2,HOUSEHOLD_2_004,12206,17.98
WI_2,HOUSEHOLD_2_004,12207,17.98
WI_2,HOUSEHOLD_2_004,12208,17.98
WI_2,HOUSEHOLD_2_004,12209,17.98
WI_2,HOUSEHOLD_2_004,12210,17.98
WI_2,HOUSEHOLD_2_004,12211,17.98
WI_2,HOUSEHOLD_2_004,12212,17.98
WI_2,HOUSEHOLD_2_004,12213,17.98
WI_2,HOUSEHOLD_2_004,12214,17.98
WI_2,HOUSEHOLD_2_004,12215,17.98
WI_2,HOUSEHOLD_2_004,12216,15.28
WI_2,HOUSEHOLD_2_004,12217,17.98
WI_2,HOUSEHOLD_2_004,12218,17.98
WI_2,HOUSEHOLD_2_004,12219,17.98
WI_2,HOUSEHOLD_2_004,12220,17.98
WI_2,HOUSEHOLD_2_004,12221,17.98
WI_2,HOUSEHOLD_2_004,12222,17.98
WI_2,HOUSEHOLD_2_004,12223,17.98
WI_2,HOUSEHOLD_2_004,12224,17.98
WI_2,HOUSEHOLD_2_004,12225,17.98
WI_2,HOUSEHOLD_2_004,12226,17.98
WI_2,HOUSEHOLD_2_004,12227,17.98
WI_2,HOUSEHOLD_2_004,12228,15.28
WI_2,HOUSEHOLD_2_004,12229,17.98
WI_2,HOUSEHOLD_2_004,12230,17.98
WI_2,HOUSEHOLD_2_004,12231,17.98
WI_2,HOUSEHOLD_2_004,12232,17.98
WI_2,HOUSEHOLD_2_004,12233,17.98
WI_2,HOUSEHOLD_2_004,12234,17.98
WI_2,HOUSEHOLD_2_004,12235,17.98
WI_2,HOUSEHOLD_2_004,12236,17.98
WI_2,HOUSEHOLD_2_004,12237,17.98
WI_2,HOUSEHOLD_2_004,12238,15.28
WI_2,HOUSEHOLD_2_004,12239,17.98
WI_2,HOUSEHOLD_2_004,12240,17.98
WI_2,HOUSEHOLD_2_004,12241,15.28
WI_2,HOUSEHOLD_2_004,12242,15.28
WI_2,HOUSEHOLD_2_004,12243,15.28
WI_2,HOUSEHOLD_2_004,12244,17.98
WI_2,HOUSEHOLD_2_004,12245,17.98
WI_2,HOUSEHOLD_2_004,12246,17.98
WI_2,HOUSEHOLD_2_004,12247,15.28
WI_2,HOUSEHOLD_2_004,12248,17.98
WI_2,HOUSEHOLD_2_004,12249,17.98
WI_2,HOUSEHOLD_2_004,12250,17.98
WI_2,HOUSEHOLD_2_004,12251,17.98
WI_2,HOUSEHOLD_2_004,12252,17.98
WI_2,HOUSEHOLD_2_004,12301,17.98
WI_2,HOUSEHOLD_2_004,12302,17.98
WI_2,HOUSEHOLD_2_004,12303,17.98
WI_2,HOUSEHOLD_2_004,12304,17.98
WI_2,HOUSEHOLD_2_004,12305,17.98
WI_2,HOUSEHOLD_2_004,12306,17.98
WI_2,HOUSEHOLD_2_004,12307,17.98
WI_2,HOUSEHOLD_2_004,12308,17.98
WI_2,HOUSEHOLD_2_004,12309,17.98
WI_2,HOUSEHOLD_2_004,12310,15.28
WI_2,HOUSEHOLD_2_004,12311,17.98
WI_2,HOUSEHOLD_2_004,12312,17.98
WI_2,HOUSEHOLD_2_004,12313,17.98
WI_2,HOUSEHOLD_2_004,12314,17.98
WI_2,HOUSEHOLD_2_004,12315,15.28
WI_2,HOUSEHOLD_2_004,12316,17.98
WI_2,HOUSEHOLD_2_004,12317,15.28
WI_2,HOUSEHOLD_2_004,12318,17.98
WI_2,HOUSEHOLD_2_004,12319,15.28
WI_2,HOUSEHOLD_2_004,12320,17.98
WI_2,HOUSEHOLD_2_004,12321,17.98
WI_2,HOUSEHOLD_2_004,12322,17.98
WI_2,HOUSEHOLD_2_004,12323,15.28
WI_2,HOUSEHOLD_2_004,12324,17.98
WI_2,HOUSEHOLD_2_004,12325,17.98
WI_2,HOUSEHOLD_2_004,12326,17.98
WI_2,HOUSEHOLD_2_004,12327,17.98
WI_2,HOUSEHOLD_2_004,12328,17.98
WI_2,HOUSEHOLD_2_004,12329,17.98
WI_2,HOUSEHOLD_2_004,12330,17.98
WI_2,HOUSEHOLD_2_004,12331,17.98
WI_2,HOUSEHOLD_2_004,12332,15.28
WI_2,HOUSEHOLD_2_004,12333,15.28
WI_2,HOUSEHOLD_2_004,12334,17.98
WI_2,HOUSEHOLD_2_004,12335,17.98
WI_2,HOUSEHOLD_2_004,12336,17.98
WI_2,HOUSEHOLD_2_004,12337,17.98
WI_2,HOUSEHOLD_2_004,12338,17.98
WI_2,HOUSEHOLD_2_004,12339,17.98
WI_2,HOUSEHOLD_2_004,12340,17.98
WI_2,HOUSEHOLD_2_004,12341,17.98
WI_2,HOUSEHOLD_2_004,12342,17.98
WI_2,HOUSEHOLD_2_004,12343,17.98
WI_2,HOUSEHOLD_2_004,12344,17.98
WI_2,HOUSEHOLD_2_004,12345,17.98
WI_2,HOUSEHOLD_2_004,12346,17.98
WI_2,HOUSEHOLD_2_004,12347,17.98
WI_2,HOUSEHOLD_2_004,12348,17.98
WI_2,HOUSEHOLD_2_004,12349,15.28
WI_2,HOUSEHOLD_2_004,12350,17.98
WI_2,HOUSEHOLD_2_004,12351,17.98
WI_2,HOUSEHOLD_2_004,12352,17.98
